id,word,page,column,row,left,top,width,height,reverse
0,aback,1,1,2,518,1183,174,158,kcaba
1,abaft,1,1,3,562,1283,198,201,tfaba
2,abandon,1,1,4,703,1410,118,134,nodnaba
3,abandonment,1,1,5,746,1533,231,128,tnemnodnaba
4,abate,1,1,6,587,1658,146,154,etaba
5,abatable,1,1,7,587,1772,154,240,elbataba
6,abated,1,1,8,675,1893,226,169,detaba
7,abatement,1,1,9,665,2009,236,179,tnemetaba
8,unabated,1,1,10,633,2212,268,199,detabanu
9,abbot,1,1,11,550,2254,112,147,tobba
10,abbreviate,1,1,12,621,2384,148,191,etaiverbba
11,abbreviation,1,1,13,701,2495,127,194,noitaiverbba
12,unabbreviated,1,1,14,835,2691,154,202,detaiverbbanu
13,abdicate,1,1,15,591,2751,197,124,etacidba
14,abdicated,1,1,16,616,2863,230,132,detacidba
15,abdication,1,1,17,645,2982,194,121,noitacidba
16,abdomen,1,1,18,613,3105,319,131,nemodba
17,abdominal,1,1,19,613,3234,427,111,lanimodba
18,abduct,1,1,20,596,3339,194,129,tcudba
19,abduction,1,2,1,1482,1055,219,131,noitcudba
20,abed,1,2,2,1467,1174,144,128,deba
21,aberrance,1,2,3,1480,1300,150,132,ecnarreba
22,aberrant,1,2,4,1482,1430,182,128,tnarreba
23,aberration,1,2,5,1582,1542,122,146,noitarreba
24,abet,1,2,6,1369,1654,141,156,teba
25,abeyance,1,2,7,1360,1787,176,145,ecnayeba
26,abhor,1,2,8,1453,1901,122,120,rohba
27,abhorrence,1,2,9,1499,2016,156,142,ecnerrohba
28,abhorrent,1,2,10,1613,2137,185,132,tnerrohba
29,abide,1,2,11,1487,2272,137,138,ediba
30,abjure,1,2,12,1457,2384,159,221,erujba
31,abjuration,1,2,13,1524,2499,156,249,noitarujba
32,abjures,1,2,14,1533,2631,197,239,serujba
33,ablative,1,2,15,1289,2750,238,128,evitalba
34,able,1,2,16,1405,2868,149,130,elba
35,ability,1,2,17,1443,3053,103,157,ytiliba
36,able-bodied,1,2,18,1530,3121,161,232,deidob-elba
37,ably,1,2,19,1376,3233,157,132,ylba
38,disability,1,2,20,1441,3362,188,186,ytilibasid
39,disable,1,3,1,2240,1077,167,158,elbasid
40,enable,1,3,2,2245,1269,87,140,elbane
41,inability,1,3,3,2314,1394,103,133,ytilibani
42,unable,1,3,4,2321,1531,92,127,elbanu
43,ablution,1,3,5,2179,1550,139,130,noitulba
44,abnegation,1,3,6,2321,1675,220,140,noitagenba
45,abnormal,1,3,7,2213,1803,332,121,lamronba
46,abnormality,1,3,8,2344,1935,315,152,ytilamronba
47,abnormity,1,3,9,2310,2056,279,125,ytimronba
48,aboard,1,3,10,2174,2142,144,135,draoba
49,abolish,1,3,11,2245,2266,184,136,hsiloba
50,abolition,1,3,12,2261,2398,180,155,noitiloba
51,abolitionist,1,3,13,2397,2521,152,168,tsinoitiloba
52,abominate,1,3,14,2253,2634,239,135,etanimoba
53,abominable,1,3,15,2299,2751,214,216,elbanimoba
54,abomination,1,3,16,2309,2874,260,130,noitanimoba
55,aboriginal,1,3,17,2337,2996,114,194,lanigiroba
56,aborigines,1,3,18,2397,3119,115,221,senigiroba
57,abound,1,3,19,2180,3225,117,139,dnuoba
58,about,1,3,20,2239,3348,121,120,tuoba
59,whereabouts,2,1,1,733,502,155,191,stuobaerehw
60,above,2,1,2,561,573,163,204,evoba
61,abrade,2,1,3,607,692,224,122,edarba
62,abrasion,2,1,4,655,801,124,160,noisarba
63,abrasive,2,1,5,647,935,159,230,evisarba
64,unabraded,2,1,6,702,1126,276,146,dedarbanu
65,abreast,2,1,7,536,1176,136,151,tsaerba
66,abridge,2,1,8,648,1300,106,221,egdirba
67,abridgment,2,1,9,736,1407,161,221,tnemgdirba
68,unabridged,2,1,10,638,1629,164,222,degdirbanu
69,abrogate,2,1,11,842,1666,233,134,etagorba
70,abrogated,2,1,12,717,1786,276,156,detagorba
71,abrogation,2,1,13,725,1926,256,146,noitagorba
72,abrupt,2,1,14,591,2030,113,181,tpurba
73,abrupt-y,2,1,15,696,2149,119,190,y-tpurba
74,abruptness,2,1,16,777,2271,119,205,ssentpurba
75,abscess,2,1,17,594,2383,132,190,ssecsba
76,abscond,2,1,18,647,2494,192,158,dnocsba
77,absconder,2,1,19,762,2626,259,165,rednocsba
78,absence,2,1,20,607,2742,110,145,ecnesba
79,absent,2,1,21,616,2858,111,151,tnesba
80,absentee,2,1,22,645,2976,126,163,eetnesba
81,absently,2,1,23,675,3091,132,171,yltnesba
82,absent-mindedly,2,1,24,774,3225,264,183,yldednim-tnesba
83,absinth,2,1,25,558,3358,136,159,htnisba
84,absolute,2,2,1,1494,436,137,173,etulosba
85,absolutely,2,2,2,1535,557,152,184,yletulosba
86,absolution,2,2,3,1598,682,188,192,noitulosba
87,absolutism,2,2,4,1414,799,178,195,msitulosba
88,absolve,2,2,5,1623,926,179,282,evlosba
89,absorb,2,2,6,1397,1046,162,274,brosba
90,absorbed,2,2,7,1461,1172,177,279,debrosba
91,absorbent,2,2,8,1587,1303,167,246,tnebrosba
92,absorption,2,2,9,1446,1418,143,250,noitprosba
93,abstain,2,2,10,1571,1533,144,191,niatsba
94,abstainer,2,2,11,1669,1658,207,161,reniatsba
95,abstemious,2,2,12,1496,1788,223,158,suoimetsba
96,abstinence,2,2,13,1530,1900,210,158,ecnenitsba
97,abstinent,2,2,14,1551,2033,203,175,tnenitsba
98,abstract,2,2,15,1411,2150,139,150,tcartsba
99,abstractedly,2,2,16,1531,2269,158,158,yldetcartsba
100,abstraction,2,2,17,1672,2392,118,169,noitcartsba
101,abstruse,2,2,18,1431,2505,179,163,esurtsba
102,absurd,2,2,19,1558,2623,151,174,drusba
103,absurdity,2,2,20,1621,2750,232,148,ytidrusba
104,abundance,2,2,21,1447,2870,153,114,ecnadnuba
105,abundant,2,2,22,1536,2978,154,140,tnadnuba
106,superabundant,2,2,23,1644,3066,155,154,tnadnubarepus
107,abuse,2,2,24,1477,3221,147,160,esuba
108,abused,2,2,25,1508,3340,152,171,desuba
109,abuses,2,3,1,2260,437,145,161,sesuba
110,abusive,2,3,2,2252,560,192,246,evisuba
111,disabuse,2,3,3,2375,702,156,199,esubasid
112,abut,2,3,4,2228,802,110,128,tuba
113,abutment,2,3,5,2242,924,214,134,tnemtuba
114,abutter,2,3,6,2251,1054,125,120,rettuba
115,abyss,2,3,7,2256,1171,118,162,ssyba
116,abysmal,2,3,8,2265,1299,306,165,lamsyba
117,acacia,2,3,9,2235,1505,137,119,aicaca
118,academy,2,3,10,2207,1581,278,123,ymedaca
119,academic,2,3,11,2241,1661,312,143,cimedaca
120,academician,2,3,12,2322,1798,265,126,naicimedaca
121,accede,2,3,13,2238,1948,250,120,edecca
122,accelerate,2,3,14,2244,2115,361,63,etarelecca
123,acceleration,2,3,15,2298,2232,376,82,noitarelecca
124,accelerator,2,3,16,2270,2354,420,79,rotarelecca
125,accent,2,3,17,2242,2449,238,98,tnecca
126,accentuate,2,3,18,2283,2537,281,136,etautnecca
127,accentuation,2,3,19,2331,2683,260,115,noitautnecca
128,unaccented,2,3,20,2294,2780,385,125,detneccanu
129,accept,2,3,21,2294,2955,126,56,tpecca
130,acceptability,2,3,22,2332,3074,178,142,ytilibatpecca
131,acceptable,2,3,23,2276,3193,120,148,elbatpecca
132,acceptance,2,3,24,2379,3326,118,50,ecnatpecca
133,acceptation,2,3,25,2347,3441,135,78,noitatpecca
134,accepts,3,1,1,755,443,132,67,stpecca
135,non-acceptance,3,1,2,742,579,227,52,ecnatpecca-non
136,unacceptable,3,1,3,757,693,176,174,elbatpeccanu
137,access,3,1,4,691,818,122,58,ssecca
138,accessibility,3,1,5,722,945,162,153,ytilibissecca
139,accessible,3,1,6,617,1067,124,63,elbissecca
140,accession,3,1,7,663,1175,143,100,noissecca
141,accessory,3,1,8,645,1302,200,83,yrossecca
142,inaccessible,3,1,9,642,1422,201,62,elbisseccani
143,accidence,3,1,10,588,1551,240,85,ecnedicca
144,accident,3,1,11,597,1669,132,63,tnedicca
145,accidental,3,1,12,591,1790,278,77,latnedicca
146,accidents,3,1,13,617,1909,127,82,stnedicca
147,acclaim,3,1,14,515,2024,345,64,mialcca
148,acclaimed,3,1,15,571,2059,380,148,demialcca
149,acclamation,3,1,16,615,2255,388,68,noitamalcca
150,acclimate,3,1,17,514,2361,431,76,etamilcca
151,acclimatize,3,1,18,581,2431,448,120,ezitamilcca
152,accolade,3,1,19,545,2584,385,101,edalocca
153,accommodate,3,1,20,636,2656,272,159,etadommocca
154,accommodation,3,1,21,746,2786,220,142,noitadommocca
155,unaccommodating,3,1,22,801,2906,298,141,gnitadommoccanu
156,accompany,3,1,23,689,3101,132,111,ynapmocca
157,accompaniment,3,1,24,746,3218,250,116,tneminapmocca
158,accompanist,3,1,25,689,3346,170,130,tsinapmocca
159,unaccompanied,3,2,1,1605,445,157,128,deinapmoccanu
160,accomplice,3,2,2,1449,580,257,104,ecilpmocca
161,complicity,3,2,3,1472,709,221,93,yticilpmoc
162,accomplish,3,2,4,1513,815,126,103,hsilpmocca
163,accomplishment,3,2,5,1570,935,259,101,tnemhsilpmocca
164,accord,3,2,6,1404,1062,206,57,drocca
165,accordance,3,2,7,1442,1179,272,58,ecnadrocca
166,accordingly,3,2,8,1478,1311,214,60,ylgnidrocca
167,accordion,3,2,9,1374,1391,281,93,noidrocca
168,accost,3,2,10,1379,1545,148,66,tsocca
169,accosted,3,2,11,1391,1658,163,86,detsocca
170,account,3,2,12,1388,1776,169,74,tnuocca
171,accountable,3,2,13,1456,1892,187,159,elbatnuocca
172,accountancy,3,2,14,1576,1985,222,107,ycnatnuocca
173,accountant,3,2,15,1513,2104,222,109,tnatnuocca
174,unaccountable,3,2,16,1561,2260,189,148,elbatnuoccanu
175,accredit,3,2,17,1395,2388,221,56,tidercca
176,accretion,3,2,18,1399,2502,229,64,noitercca
177,accrue,3,2,19,1391,2639,223,53,eurcca
178,accrual,3,2,20,1367,2738,356,65,laurcca
179,accumulate,3,2,21,1372,2860,319,61,etalumucca
180,accurate,3,2,22,1407,2979,230,64,etarucca
181,accuracy,3,2,23,1412,3111,221,56,ycarucca
182,accurately,3,2,24,1409,3214,238,65,yletarucca
183,inaccuracy,3,2,25,1413,3356,271,54,ycaruccani
184,inaccurately,3,3,1,2307,440,296,66,yletaruccani
185,accuse,3,3,2,2310,570,168,57,esucca
186,accusation,3,3,3,2281,698,157,59,noitasucca
187,accusative,3,3,4,2272,759,301,121,evitasucca
188,accustom,3,3,5,2297,948,147,58,motsucca
189,unaccustomed,3,3,6,2360,1067,227,80,demotsuccanu
190,acerbity,3,3,7,2184,1104,130,162,ytibreca
191,acetate,3,3,8,2216,1263,128,99,etateca
192,acetic,3,3,9,2224,1389,72,121,citeca
193,acetylene,3,3,10,2161,1507,322,103,enelyteca
194,achievement,3,3,11,2263,1590,143,210,tnemeveihca
195,achromatic,3,3,12,2273,1805,360,76,citamorhca
196,acid,3,3,13,2188,1865,184,109,dica
197,acidity,3,3,14,2178,1924,264,155,ytidica
198,acidulate,3,3,15,2244,2071,184,136,etaludica
199,acidulous,3,3,16,2210,2197,350,132,suoludica
200,acknowledge,3,3,17,2343,2395,130,58,egdelwonkca
201,acknowledges,3,3,18,2351,2510,119,59,segdelwonkca
202,acknowledgment,3,3,19,2407,2630,247,59,tnemgdelwonkca
203,acolyte,3,3,20,2118,2721,328,86,etyloca
204,aconite,3,3,21,2141,2859,245,69,etinoca
205,acorn,3,3,22,2163,2977,204,61,nroca
206,acoustic,3,3,23,2201,3106,158,78,citsuoca
207,acquaint,3,3,24,2266,3220,144,60,tniauqca
208,acquaintance,3,3,25,2355,3341,138,59,ecnatniauqca
209,acquaintances,4,1,1,804,525,163,61,secnatniauqca
210,unacquainted,4,1,2,773,637,200,74,detniauqcanu
211,acquiesce,4,1,3,773,763,152,62,ecseiuqca
212,acquiescence,4,1,4,745,892,176,73,ecnecseiuqca
213,acquiescent,4,1,5,739,972,206,100,tnecseiuqca
214,acquire,4,1,6,728,1136,153,53,eriuqca
215,acquired,4,1,7,736,1251,163,62,deriuqca
216,acquirement,4,1,8,721,1382,261,57,tnemeriuqca
217,acquires,4,1,9,735,1493,157,68,seriuqca
218,acquisition,4,1,10,734,1618,138,88,noitisiuqca
219,acquisitive,4,1,11,667,1738,251,94,evitisiuqca
220,acquittal,4,1,12,597,1850,319,84,lattiuqca
221,acrid,4,1,13,597,1932,294,109,dirca
222,acridity,4,1,14,621,2022,371,145,ytidirca
223,acrimonious,4,1,15,679,2219,387,63,suoinomirca
224,acrimony,4,1,16,648,2346,403,51,ynomirca
225,acrobat,4,1,17,681,2466,198,130,taborca
226,acrobatic,4,1,18,649,2593,209,133,citaborca
227,acropolis,4,1,19,604,2726,208,93,siloporca
228,across,4,1,20,589,2840,198,49,ssorca
229,acrostic,4,1,21,606,2946,233,58,citsorca
230,act,4,1,22,610,3075,141,57,tca
231,acted,4,1,23,626,3172,158,61,detca
232,action,4,1,24,645,3312,129,58,noitca
233,actionable,4,1,25,656,3427,130,167,elbanoitca
234,active,4,2,1,1462,517,130,131,evitca
235,activity,4,2,2,1468,642,126,136,ytivitca
236,actor,4,2,3,1452,785,202,53,rotca
237,actress,4,2,4,1450,887,229,57,ssertca
238,acts,4,2,5,1442,1018,135,59,stca
239,enact,4,2,6,1457,1143,176,51,tcane
240,inactive,4,2,7,1527,1253,149,133,evitcani
241,inactivity,4,2,8,1499,1380,171,139,ytivitcani
242,react,4,2,9,1361,1495,187,57,tcaer
243,reactionary,4,2,10,1513,1623,263,59,yranoitcaer
244,reenact,4,2,11,1494,1745,228,53,tcaneer
245,transact,4,2,12,1462,1822,132,106,tcasnart
246,actual,4,2,13,1412,1971,325,77,lautca
247,actuality,4,2,14,1441,2088,330,78,ytilautca
248,actually,4,2,15,1432,2198,344,87,yllautca
249,actuary,4,2,16,1458,2318,257,79,yrautca
250,actuate,4,2,17,1456,2413,269,105,etautca
251,actuated,4,2,18,1454,2473,387,168,detautca
252,acute,4,2,19,1454,2684,219,85,etuca
253,acuity,4,2,20,1461,2796,245,92,ytiuca
254,acumen,4,2,21,1428,2949,362,57,nemuca
255,acuteness,4,2,22,1468,3023,279,99,ssenetuca
256,adage,4,2,23,1453,3124,145,137,egada
257,adagio,4,2,24,1526,3195,200,188,oigada
258,adamant,4,2,25,1410,3354,346,125,tnamada
259,adamantine,4,3,1,2319,382,395,186,enitnamada
260,adapt,4,3,2,2322,530,192,150,tpada
261,adaptability,4,3,3,2346,662,205,221,ytilibatpada
262,adaptable,4,3,4,2473,790,176,203,elbatpada
263,adaptation,4,3,5,2328,932,166,132,noitatpada
264,adapter,4,3,6,2332,1044,226,135,retpada
265,adaptive,4,3,7,2334,1157,200,204,evitpada
266,addendum,4,3,8,2391,1264,301,175,mudnedda
267,addenda,4,3,9,2338,1382,277,173,adnedda
268,adder,4,3,10,2301,1533,166,130,redda
269,addict,4,3,11,2229,1649,237,147,tcidda
270,addiction,4,3,12,2292,1772,235,138,noitcidda
271,addition,4,3,13,2286,1903,163,124,noitidda
272,additional,4,3,14,2306,2030,299,118,lanoitidda
273,additionally,4,3,15,2356,2150,165,121,yllanoitidda
274,address,4,3,16,2285,2272,244,126,sserdda
275,addresses,4,3,17,2342,2387,219,119,sesserdda
276,addressograph,4,3,18,2422,2502,248,132,hpargosserdda
277,readdressed,4,3,19,2356,2648,350,90,desserddaer
278,self-addressed,4,3,20,2417,2749,253,118,desserdda-fles
279,unaddressed,4,3,21,2406,2875,285,121,desserddanu
280,adduce,4,3,22,2386,2995,177,120,ecudda
281,adduces,4,3,23,2373,3111,179,111,secudda
282,adenoid,4,3,24,2332,3234,174,130,dioneda
283,adept,4,3,25,2327,3340,183,134,tpeda
284,adequate,5,1,1,542,505,217,124,etauqeda
285,adequacy,5,1,2,549,633,221,121,ycauqeda
286,adequately,5,1,3,559,754,256,122,yletauqeda
287,inadequate,5,1,4,579,876,261,123,etauqedani
288,adhere,5,1,5,557,989,149,140,erehda
289,adhered,5,1,6,545,1076,265,174,derehda
290,adherence,5,1,7,561,1219,196,148,ecnerehda
291,adherent,5,1,8,558,1316,255,172,tnerehda
292,adheres,5,1,9,561,1458,179,151,serehda
293,adhesion,5,1,10,567,1574,169,147,noisehda
294,adhesive,5,1,11,534,1716,151,175,evisehda
295,adieu,5,1,12,517,1855,182,122,ueida
296,adjacent,5,1,13,549,1940,117,179,tnecajda
297,adjective,5,1,14,604,2070,120,241,evitcejda
298,adjoin,5,1,15,444,2182,90,165,niojda
299,adjoined,5,1,16,601,2295,125,166,deniojda
300,adjourn,5,1,17,526,2423,63,156,nruojda
301,adjourned,5,1,18,605,2550,101,162,denruojda
302,adjudge,5,1,19,503,2684,101,208,egdujda
303,adjudicate,5,1,20,581,2763,224,166,etacidujda
304,adjudication,5,1,21,650,2900,215,153,noitacidujda
305,adjudicator,5,1,22,664,3026,300,151,rotacidujda
306,adjunct,5,1,23,558,3137,107,184,tcnujda
307,adjure,5,1,24,718,3262,63,166,erujda
308,adjures,5,1,25,624,3377,74,179,serujda
309,adjust,5,2,1,1360,481,103,170,tsujda
310,adjustable,5,2,2,1371,605,136,279,elbatsujda
311,adjuster,5,2,3,1484,721,125,194,retsujda
312,readjust,5,2,4,1409,930,166,171,tsujdaer
313,unadjusted,5,2,5,1505,1054,178,186,detsujdanu
314,adjutant,5,2,6,1342,1109,135,149,tnatujda
315,administer,5,2,7,1358,1322,281,50,retsinimda
316,administration,5,2,8,1496,1441,260,66,noitartsinimda
317,administrative,5,2,9,1492,1558,306,153,evitartsinimda
318,administrator,5,2,10,1465,1710,334,69,rotartsinimda
319,administratrix,5,2,11,1470,1812,366,80,xirtartsinimda
320,admirable,5,2,12,1378,1917,280,143,elbarimda
321,admiral,5,2,13,1336,2049,405,52,larimda
322,admiralty,5,2,14,1351,2173,400,60,ytlarimda
323,admiration,5,2,15,1372,2283,285,63,noitarimda
324,admire,5,2,16,1401,2407,172,38,erimda
325,admirer,5,2,17,1399,2524,228,67,rerimda
326,admires,5,2,18,1380,2655,225,30,serimda
327,admissible,5,2,19,1403,2759,199,149,elbissimda
328,admissibility,5,2,20,1462,2894,229,162,ytilibissimda
329,admission,5,2,21,1363,3022,196,39,noissimda
330,inadmissible,5,2,22,1451,3125,284,162,elbissimdani
331,admit,5,2,23,1341,3231,214,69,timda
332,admittance,5,2,24,1418,3332,274,93,ecnattimda
333,admitted,5,2,25,1375,3398,373,146,dettimda
334,admixture,5,3,1,2190,583,333,49,erutximda
335,admonish,5,3,2,2235,718,262,39,hsinomda
336,admonition,5,3,3,2251,848,248,36,noitinomda
337,admonitory,5,3,4,2212,930,368,77,yrotinomda
338,adobe,5,3,5,2168,1019,174,132,eboda
339,adolescence,5,3,6,2208,1138,349,113,ecnecseloda
340,adolescent,5,3,7,2173,1223,449,147,tnecseloda
341,adopt,5,3,8,2242,1379,175,110,tpoda
342,adoption,5,3,9,2237,1503,184,109,noitpoda
343,adoptive,5,3,10,2222,1626,172,164,evitpoda
344,adore,5,3,11,2066,1746,251,107,eroda
345,adorable,5,3,12,2174,1868,214,146,elbaroda
346,adoration,5,3,13,2228,1979,272,117,noitaroda
347,adorn,5,3,14,2203,2106,207,110,nroda
348,adornment,5,3,15,2199,2219,397,118,tnemnroda
349,unadorned,5,3,16,2236,2310,289,173,denrodanu
350,adroit,5,3,17,2192,2475,270,109,tiorda
351,adsorption,5,3,18,2240,2585,173,139,noitprosda
352,adulation,5,3,19,2255,2714,170,98,noitaluda
353,adult,5,3,20,2184,2825,299,119,tluda
354,adulterate,5,3,21,2177,2927,385,122,etaretluda
355,adulteration,5,3,22,2244,3049,390,123,noitaretluda
356,unadulterated,5,3,23,2214,3218,409,125,detaretludanu
357,adumbration,5,3,24,2241,3305,215,162,noitarbmuda
358,ad valorem,5,3,25,2176,3408,411,143,merolav da
359,advance,6,1,1,637,472,135,147,ecnavda
360,advanced,6,1,2,672,590,157,141,decnavda
361,advancement,6,1,3,732,722,242,136,tnemecnavda
362,advances,6,1,4,689,844,137,151,secnavda
363,advantage,6,1,5,729,958,124,145,egatnavda
364,advantageous,6,1,6,723,1071,127,189,suoegatnavda
365,advantages,6,1,7,756,1190,121,165,segatnavda
366,disadvantage,6,1,8,773,1353,150,162,egatnavdasid
367,advent,6,1,9,609,1443,125,144,tnevda
368,adventitious,6,1,10,660,1545,144,151,suoititnevda
369,adventure,6,1,11,724,1679,209,137,erutnevda
370,adventurer,6,1,12,692,1808,272,132,rerutnevda
371,adventuresome,6,1,13,752,1925,294,144,emoserutnevda
372,adventurous,6,1,14,765,2051,206,132,suorutnevda
373,adverb,6,1,15,598,2158,138,244,brevda
374,adverbial,6,1,16,732,2293,163,238,laibrevda
375,adverse,6,1,17,555,2416,142,167,esrevda
376,adversary,6,1,18,665,2532,134,169,yrasrevda
377,adversity,6,1,19,729,2650,132,164,ytisrevda
378,advert,6,1,20,544,2765,124,155,trevda
379,advertise,6,1,21,644,2890,120,148,esitrevda
380,advertisement,6,1,22,731,2996,229,151,tnemesitrevda
381,advertiser,6,1,23,736,3126,161,137,resitrevda
382,advice,6,1,24,669,3275,142,165,ecivda
383,advisability,6,1,25,712,3391,152,222,ytilibasivda
384,advisable,6,2,1,1488,465,130,247,elbasivda
385,advised,6,2,2,1543,583,160,171,desivda
386,adviser,6,2,3,1560,723,124,158,resivda
387,advises,6,2,4,1587,834,152,169,sesivda
388,advisory,6,2,5,1426,965,138,164,yrosivda
389,inadvisable,6,2,6,1424,1193,154,261,elbasivdani
390,advocate,6,2,7,1595,1209,123,158,etacovda
391,advocacy,6,2,8,1469,1312,124,191,ycacovda
392,adz,6,2,9,1311,1478,147,110,zda
393,Aeolian,6,2,10,1382,1641,228,101,nailoeA
394,aeon,6,2,11,1393,1785,105,37,noea
395,aerate,6,2,12,1357,1885,211,63,etarea
396,aerial,6,2,13,1366,1996,282,57,lairea
397,aerify,6,2,14,1412,2117,107,106,yfirea
398,aesthetic,6,2,15,1455,2246,104,69,citehtsea
399,aesthetics,6,2,16,1519,2370,89,81,scitehtsea
400,affable,6,2,17,1408,2442,121,229,elbaffa
401,affability,6,2,18,1505,2564,98,195,ytilibaffa
402,affect,6,2,19,1370,2686,106,110,tceffa
403,affectation,6,2,20,1521,2800,159,119,noitatceffa
404,affectionate,6,2,21,1553,2921,157,184,etanoitceffa
405,disaffected,6,2,22,1642,3050,209,123,detceffasid
406,unaffectedly,6,2,23,1535,3204,158,119,yldetceffanu
407,affiance,6,2,24,1369,3284,140,135,ecnaiffa
408,affidavit,6,2,25,1501,3419,176,110,tivadiffa
409,affiliate,6,3,1,2279,494,276,110,etailiffa
410,affiliated,6,3,2,2241,608,369,124,detailiffa
411,affiliation,6,3,3,2298,736,250,119,noitailiffa
412,affinity,6,3,4,2315,866,142,111,ytiniffa
413,affirm,6,3,5,2290,986,194,112,mriffa
414,affirmation,6,3,6,2371,1104,177,127,noitamriffa
415,affirmative,6,3,7,2316,1228,312,134,evitamriffa
416,disaffirm,6,3,8,2312,1361,233,124,mriffasid
417,affix,6,3,9,2217,1469,82,119,xiffa
418,afflatus,6,3,10,2229,1602,262,109,sutalffa
419,afflict,6,3,11,2299,1715,174,119,tcilffa
420,affliction,6,3,12,2297,1839,178,131,noitcilffa
421,affluence,6,3,13,2280,1956,237,134,ecneulffa
422,afford,6,3,14,2265,2094,176,104,droffa
423,afforded,6,3,15,2303,2153,282,153,dedroffa
424,affright,6,3,16,2320,2308,124,122,thgirffa
425,affront,6,3,17,2287,2445,179,111,tnorffa
426,effrontery,6,3,18,2331,2572,308,103,yretnorffe
427,aforementioned,6,3,19,2369,2685,322,125,denoitnemerofa
428,aforesaid,6,3,20,2255,2798,189,178,diaserofa
429,afraid,6,3,21,2334,2947,127,90,diarfa
430,unafraid,6,3,22,2353,3120,135,94,diarfanu
431,after,6,3,23,2214,3156,80,112,retfa
432,afterclap,6,3,24,2241,3288,281,173,palcretfa
433,after-dinner,6,3,25,2498,3412,235,95,rennid-retfa
434,aftermath,7,1,1,560,508,191,128,htamretfa
435,afternoon,7,1,2,577,637,138,107,noonretfa
436,afterthought,7,1,3,665,745,128,117,thguohtretfa
437,afterwards,7,1,4,595,882,178,106,sdrawretfa
438,again,7,1,5,531,1068,257,69,niaga
439,against,7,1,6,513,1187,279,72,tsniaga
440,ageless,7,1,7,600,1228,153,146,sselega
441,agent,7,1,8,519,1335,66,147,tnega
442,agency,7,1,9,548,1451,97,185,ycnega
443,reagent,7,1,10,625,1664,182,125,tnegaer
444,agglomeration,7,1,11,619,1808,373,54,noitaremolgga
445,agglutination,7,1,12,589,1886,388,96,noitanitulgga
446,aggrandize,7,1,13,687,1969,148,112,ezidnargga
447,aggrandizement,7,1,14,784,2082,264,114,tnemezidnargga
448,aggravate,7,1,15,651,2191,146,182,etavargga
449,aggravated,7,1,16,730,2306,253,155,detavargga
450,aggravation,7,1,17,773,2419,142,178,noitavargga
451,aggregate,7,1,18,618,2570,172,122,etagergga
452,aggregation,7,1,19,696,2677,188,155,noitagergga
453,aggress,7,1,20,623,2807,57,124,ssergga
454,aggression,7,1,21,676,2916,54,129,noissergga
455,aggressive,7,1,22,654,3040,139,149,evissergga
456,aggressor,7,1,23,706,3148,135,134,rossergga
457,aggrieved,7,1,24,569,3283,140,135,deveirgga
458,aghast,7,1,25,502,3490,245,88,tsahga
459,agile,7,2,1,1383,470,177,153,eliga
460,agility,7,2,2,1456,619,174,164,ytiliga
461,agitate,7,2,3,1361,718,85,147,etatiga
462,agitated,7,2,4,1431,846,124,149,detatiga
463,agitation,7,2,5,1495,981,77,144,noitatiga
464,agitator,7,2,6,1414,1079,146,158,rotatiga
465,gnostic,7,2,7,1373,1310,301,77,citsong
466,agnosticism,7,2,8,1449,1428,302,72,msicitsonga
467,agony,7,2,9,1353,1562,267,65,ynoga
468,agonize,7,2,10,1366,1677,297,67,ezinoga
469,agrarian,7,2,11,1405,1727,151,120,nairarga
470,agree,7,2,12,1474,1836,113,122,eerga
471,agreeability,7,2,13,1539,1969,99,169,ytilibaeerga
472,agreeable,7,2,14,1615,2096,98,161,elbaeerga
473,agreed,7,2,15,1408,2191,145,122,deerga
474,agreement,7,2,16,1459,2321,198,87,tnemeerga
475,disagreeable,7,2,17,1491,2457,169,180,elbaeergasid
476,agriculture,7,2,18,1427,2561,93,125,erutlucirga
477,agricultural,7,2,19,1491,2686,268,131,larutlucirga
478,agronomy,7,2,20,1368,2806,215,124,ymonorga
479,aground,7,2,21,1338,2948,346,116,dnuorga
480,ague,7,2,22,1342,3132,254,69,euga
481,ailanthus,7,2,23,1354,3213,286,68,suhtnalia
482,aileron,7,2,24,1301,3347,306,60,norelia
483,airily,7,2,25,1326,3470,154,51,yliria
484,air-tight,7,3,1,2250,526,162,88,thgit-ria
485,airway,7,3,2,2223,690,145,67,yawria
486,alabaster,7,3,3,2190,796,228,161,retsabala
487,alacrity,7,3,4,2155,931,331,78,ytircala
488,alarm,7,3,5,2171,1046,338,63,mrala
489,albatross,7,3,6,2185,1171,249,154,ssortabla
490,albino,7,3,7,2108,1293,187,186,onibla
491,album,7,3,8,2299,1410,253,150,mubla
492,albumen,7,3,9,2130,1536,341,167,nemubla
493,alchemist,7,3,10,2136,1667,409,68,tsimehcla
494,alcohol,7,3,11,2132,1773,436,74,lohocla
495,alcoholic,7,3,12,2194,1901,491,63,cilohocla
496,alcoholism,7,3,13,2227,2026,426,71,msilohocla
497,non-alcoholic,7,3,14,2110,2202,543,70,cilohocla-non
498,alcove,7,3,15,2169,2256,253,152,evocla
499,alderman,7,3,16,2314,2346,291,94,namredla
500,alert,7,3,17,2199,2504,232,65,trela
501,algebra,7,3,18,2194,2620,194,153,arbegla
502,algebraic,7,3,19,2342,2739,183,154,ciarbegla
503,alibi,7,3,20,2138,2857,186,166,ibila
504,alien,7,3,21,2344,2988,246,62,neila
505,alienable,7,3,22,2254,3103,242,142,elbaneila
506,alienate,7,3,23,2241,3227,274,74,etaneila
507,alienist,7,3,24,2247,3352,271,58,tsineila
508,inalienable,7,3,25,2264,3463,290,150,elbaneilani
509,alike,8,1,1,503,485,252,63,ekila
510,alimentary,8,1,2,537,613,425,66,yratnemila
511,alimony,8,1,3,500,733,423,60,ynomila
512,aliquot,8,1,4,484,848,354,69,touqila
513,alive,8,1,5,494,973,223,151,evila
514,alkali,8,1,6,439,1108,433,64,ilakla
515,alkaline,8,1,7,513,1232,475,62,enilakla
516,alkaloid,8,1,8,547,1349,423,60,diolakla
517,allegation,8,1,9,550,1465,342,91,noitagella
518,allegiance,8,1,10,568,1584,205,175,ecnaigella
519,alleviate,8,1,11,769,1703,195,171,etaivella
520,alleviation,8,1,12,609,1816,187,170,noitaivella
521,alliance,8,1,13,556,1947,272,68,ecnailla
522,alligator,8,1,14,523,2039,393,97,rotagilla
523,alliteration,8,1,15,570,2187,275,60,noitaretilla
524,allocate,8,1,16,544,2307,304,60,etacolla
525,allocution,8,1,17,562,2432,319,78,noitucolla
526,allopathy,8,1,18,555,2548,221,125,yhtapolla
527,allotment,8,1,19,532,2677,340,64,tnemtolla
528,allow,8,1,20,535,2792,203,51,wolla
529,allowable,8,1,21,585,2912,189,159,elbawolla
530,allowance,8,1,22,765,3038,258,64,ecnawolla
531,disallow,8,1,23,606,3108,272,96,wollasid
532,allude,8,1,24,561,3248,327,89,edulla
533,allusion,8,1,25,573,3389,211,76,noisulla
534,allure,8,2,1,1339,486,293,64,erulla
535,alluvial,8,2,2,1358,606,248,158,laivulla
536,almanac,8,2,3,1412,767,291,55,canamla
537,almighty,8,2,4,1383,855,239,84,ythgimla
538,almond,8,2,5,1349,920,355,125,dnomla
539,almost,8,2,6,1368,1130,192,22,tsomla
540,alms,8,2,7,1325,1245,201,49,smla
541,aloud,8,2,8,1337,1347,231,73,duola
542,alphabet,8,2,9,1374,1462,230,95,tebahpla
543,alphabetic,8,2,10,1456,1581,232,131,citebahpla
544,alphabetical,8,2,11,1490,1701,226,135,lacitebahpla
545,already,8,2,12,1403,1860,109,30,ydaerla
546,also,8,2,13,1408,1944,45,62,osla
547,altar,8,2,14,1397,2052,80,67,ratla
548,alter,8,2,15,1402,2167,83,71,retla
549,alterable,8,2,16,1438,2289,142,160,elbaretla
550,alteration,8,2,17,1542,2416,176,77,noitaretla
551,unalterable,8,2,18,1547,2538,190,165,elbaretlanu
552,altercation,8,2,19,1459,2671,173,59,noitacretla
553,alternate,8,2,20,1465,2774,164,81,etanretla
554,alternation,8,2,21,1495,2907,128,67,noitanretla
555,alternative,8,2,22,1465,2977,206,111,evitanretla
556,alternator,8,2,23,1458,3103,161,109,rotanretla
557,although,8,2,24,1453,3287,93,46,hguohtla
558,altitude,8,2,25,1378,3372,289,89,edutitla
559,altogether,8,3,1,2292,474,88,58,rehtegotla
560,altruism,8,3,2,2146,602,440,71,msiurtla
561,altruistic,8,3,3,2221,726,361,63,citsiurtla
562,alum,8,3,4,2168,854,321,59,mula
563,aluminum,8,3,5,2177,973,425,60,munimula
564,alumnus,8,3,6,2185,1099,440,69,sunmula
565,alumni,8,3,7,2186,1220,476,69,inmula
566,always,8,3,8,2221,1371,211,33,syawla
567,amalgam,8,3,9,2189,1458,373,66,maglama
568,amalgamate,8,3,10,2300,1596,326,67,etamaglama
569,amalgamation,8,3,11,2376,1720,279,66,noitamaglama
570,amanuensis,8,3,12,2226,1858,330,49,sisneunama
571,amaranth,8,3,13,2202,1948,337,68,htnarama
572,amateur,8,3,14,2214,2077,315,68,ruetama
573,amatory,8,3,15,2209,2171,314,82,yrotama
574,amazed,8,3,16,2217,2303,300,81,dezama
575,amazement,8,3,17,2293,2451,286,60,tnemezama
576,ambassador,8,3,18,2335,2575,211,134,rodassabma
577,ambassadorial,8,3,19,2351,2711,276,168,lairodassabma
578,amber,8,3,20,2206,2832,204,111,rebma
579,ambidextrous,8,3,21,2332,2951,360,120,suortxedibma
580,ambient,8,3,22,2237,3066,232,121,tneibma
581,ambiguous,8,3,23,2254,3198,242,112,suougibma
582,ambiguity,8,3,24,2254,3312,364,132,ytiugibma
583,ambition,8,3,25,2257,3440,204,131,noitibma
584,ambitious,9,1,1,612,519,198,145,suoitibma
585,amble,9,1,2,417,639,271,136,elbma
586,ambrosia,9,1,3,628,774,196,171,aisorbma
587,ambrosial,9,1,4,532,899,310,158,laisorbma
588,ambulance,9,1,5,471,1026,290,119,ecnalubma
589,ambuscade,9,1,6,542,1145,274,139,edacsubma
590,ambush,9,1,7,432,1262,201,134,hsubma
591,ameliorate,9,1,8,484,1381,392,56,etaroilema
592,amelioration,9,1,9,538,1512,411,67,noitaroilema
593,amenable,9,1,10,521,1631,261,114,elbanema
594,amend,9,1,11,497,1765,229,34,dnema
595,amendment,9,1,12,581,1871,331,44,tnemdnema
596,amenity,9,1,13,541,1936,282,105,ytinema
597,American,9,1,14,538,2116,245,58,naciremA
598,un-American,9,1,15,668,2242,307,58,naciremA-nu
599,amethyst,9,1,16,530,2339,224,69,tsyhtema
600,amiable,9,1,17,533,2476,204,125,elbaima
601,amiability,9,1,18,525,2603,234,116,ytilibaima
602,amicable,9,1,19,517,2722,262,150,elbacima
603,amity,9,1,20,442,2813,246,73,ytima
604,unamiable,9,1,21,575,2958,266,146,elbaimanu
605,amidships,9,1,22,459,3014,279,119,spihsdima
606,ammonia,9,1,23,483,3206,292,43,ainomma
607,ammunition,9,1,24,528,3323,261,49,noitinumma
608,amnesia,9,1,25,499,3437,304,64,aisenma
609,amnesty,9,2,1,1316,534,323,42,ytsenma
610,among,9,2,2,1356,671,228,43,gnoma
611,amongst,9,2,3,1403,782,236,53,tsgnoma
612,amorous,9,2,4,1380,904,318,46,suoroma
613,amortize,9,2,5,1395,961,282,104,ezitroma
614,amortization,9,2,6,1456,1119,272,96,noitazitroma
615,amount,9,2,7,1387,1251,236,64,tnuoma
616,amounted,9,2,8,1389,1273,340,162,detnuoma
617,amperage,9,2,9,1358,1519,221,187,egarepma
618,amphibious,9,2,10,1543,1632,194,181,suoibihpma
619,amphibian,9,2,11,1379,1760,213,160,naibihpma
620,ample,9,2,12,1208,1880,215,73,elpma
621,amplification,9,2,13,1482,2003,216,110,noitacifilpma
622,amplifier,9,2,14,1408,2121,193,109,reifilpma
623,amplitude,9,2,15,1409,2251,208,89,edutilpma
624,amputate,9,2,16,1387,2371,207,78,etatupma
625,amputation,9,2,17,1398,2483,213,101,noitatupma
626,amuse,9,2,18,1370,2611,201,51,esuma
627,amuses,9,2,19,1370,2728,214,66,sesuma
628,anachronism,9,2,20,1348,2838,476,43,msinorhcana
629,anachronistic,9,2,21,1423,2973,362,58,citsinorhcana
630,anaconda,9,2,22,1342,3014,325,116,adnocana
631,anaemia,9,2,23,1335,3204,302,37,aimeana
632,anaesthesia,9,2,24,1390,3320,183,87,aisehtseana
633,anaesthetic,9,2,25,1418,3437,203,72,citehtseana
634,anagram,9,3,1,2169,540,209,63,margana
635,analogy,9,3,2,2167,660,106,43,ygolana
636,analogy,9,3,3,2211,755,348,67,ygolana
637,analyze,9,3,4,2138,881,326,76,ezylana
638,analysis,9,3,5,2135,1006,291,78,sisylana
639,analyst,9,3,6,2145,1128,303,75,tsylana
640,analytical,9,3,7,2202,1256,286,112,lacitylana
641,angel,9,3,8,2156,1400,202,133,legna
642,angelic,9,3,9,2326,1520,274,142,cilegna
643,archangel,9,3,10,2170,1630,350,170,legnahcra
644,anger,9,3,11,2102,1767,163,33,regna
645,angrily,9,3,12,2158,1885,241,38,ylirgna
646,angle,9,3,13,2082,2006,292,47,elgna
647,quadrangle,9,3,14,2227,2046,367,120,elgnardauq
648,rectangle,9,3,15,2188,2187,286,104,elgnatcer
649,triangle,9,3,16,2216,2330,218,69,elgnairt
650,Anglo-Saxon,9,3,17,2244,2487,168,102,noxaS-olgnA
651,anguish,9,3,18,2205,2604,131,54,hsiugna
652,angular,9,3,19,2186,2731,378,49,ralugna
653,angularity,9,3,20,2199,2849,371,71,ytiralugna
654,aniline,9,3,21,2117,2951,297,56,enilina
655,animadversion,9,3,22,2271,3050,287,156,noisrevdamina
656,animal,9,3,23,2081,3205,247,46,lamina
657,animate,9,3,24,2115,3289,276,74,etamina
658,animated,9,3,25,2154,3315,387,170,detamina
659,animation,10,1,1,664,606,255,39,noitamina
660,inanimate,10,1,2,651,692,349,74,etaminani
661,reanimate,10,1,3,643,829,320,70,etaminaer
662,animus,10,1,4,645,971,258,47,sumina
663,animosity,10,1,5,663,1086,253,48,ytisomina
664,ankle,10,1,6,535,1218,373,51,elkna
665,annals,10,1,7,567,1337,301,45,slanna
666,annalist,10,1,8,583,1462,303,51,tsilanna
667,annexation,10,1,9,649,1574,179,89,noitaxenna
668,annihilate,10,1,10,558,1673,330,71,etalihinna
669,annihilation,10,1,11,688,1799,316,77,noitalihinna
670,anniversary,10,1,12,649,1921,181,130,yrasrevinna
671,anno Domini,10,1,13,734,1993,154,97,inimoD onna
672,annotate,10,1,14,686,2147,209,78,etatonna
673,annotation,10,1,15,685,2271,209,77,noitatonna
674,announce,10,1,16,620,2432,206,43,ecnuonna
675,announced,10,1,17,663,2548,248,42,decnuonna
676,announcement,10,1,18,715,2679,296,39,tnemecnuonna
677,announcer,10,1,19,715,2802,252,46,recnuonna
678,annunciation,10,1,20,710,2919,205,68,noitaicnunna
679,annunciator,10,1,21,753,3041,288,91,rotaicnunna
680,denounce,10,1,22,702,3087,174,89,ecnuoned
681,pronounce,10,1,23,683,3218,208,83,ecnuonorp
682,unannounced,10,1,24,714,3393,272,48,decnuonnanu
683,annoy,10,1,25,629,3491,160,63,yonna
684,annoyance,10,2,1,1507,590,216,61,ecnayonna
685,annoyed,10,2,2,1494,674,262,100,deyonna
686,annual,10,2,3,1483,862,257,34,launna
687,annually,10,2,4,1454,993,295,43,yllaunna
688,annuals,10,2,5,1432,1098,299,44,slaunna
689,annuity,10,2,6,1449,1189,203,69,ytiunna
690,perennial,10,2,7,1449,1300,273,90,lainnerep
691,semiannual,10,2,8,1448,1461,390,52,launnaimes
692,superannuate,10,2,9,1573,1542,194,88,etaunnarepus
693,annular,10,2,10,1461,1714,334,35,ralunna
694,anodyne,10,2,11,1424,1752,271,126,enydona
695,anoint,10,2,12,1437,1891,234,108,tniona
696,anomaly,10,2,13,1377,2063,309,47,ylamona
697,anomalous,10,2,14,1458,2189,274,45,suolamona
698,anonymous,10,2,15,1463,2319,190,44,suomynona
699,anonymity,10,2,16,1491,2377,326,112,ytimynona
700,another,10,2,17,1442,2553,127,39,rehtona
701,answer,10,2,18,1445,2689,125,38,rewsna
702,answerable,10,2,19,1500,2799,122,159,elbarewsna
703,answered,10,2,20,1614,2928,146,56,derewsna
704,answers,10,2,21,1525,3046,130,58,srewsna
705,unanswerable,10,2,22,1564,3152,149,153,elbarewsnanu
706,ant,10,2,23,1378,3199,140,90,tna
707,antagonize,10,2,24,1466,3330,286,111,ezinogatna
708,antagonism,10,2,25,1477,3454,303,114,msinogatna
709,antagonist,10,3,1,2335,544,260,127,tsinogatna
710,antagonistic,10,3,2,2348,681,258,132,citsinogatna
711,antecedent,10,3,3,2320,820,163,111,tnedecetna
712,antechamber,10,3,4,2330,915,239,196,rebmahcetna
713,antedate,10,3,5,2235,1025,233,115,etadetna
714,antediluvian,10,3,6,2261,1162,299,149,naivulidetna
715,antelope,10,3,7,2243,1293,189,150,epoletna
716,antenna,10,3,8,2239,1435,128,95,annetna
717,antepenult,10,3,9,2327,1527,160,118,tlunepetna
718,anterior,10,3,10,2242,1656,120,94,roiretna
719,anteroom,10,3,11,2201,1784,237,97,mooretna
720,anthology,10,3,12,2246,1940,168,65,ygolohtna
721,anthracite,10,3,13,2261,2061,161,62,eticarhtna
722,anthrax,10,3,14,2224,2137,281,107,xarhtna
723,anthropoid,10,3,15,2276,2287,166,102,dioporhtna
724,anthropology,10,3,16,2367,2421,160,93,ygoloporhtna
725,antic,10,3,17,2209,2503,108,93,citna
726,anticipate,10,3,18,2267,2613,112,116,etapicitna
727,anticipation,10,3,19,2367,2715,87,159,noitapicitna
728,anticipatory,10,3,20,2416,2852,122,144,yrotapicitna
729,unanticipated,10,3,21,2293,2983,141,124,detapicitnanu
730,anticlimax,10,3,22,2263,3107,385,92,xamilcitna
731,antidote,10,3,23,2170,3196,203,124,etoditna
732,antilogy,10,3,24,2221,3330,175,198,ygolitna
733,antimony,10,3,25,2223,3470,266,76,ynomitna
734,antipathy,11,1,1,637,451,78,121,yhtapitna
735,antiphonal,11,1,2,606,590,266,115,lanohpitna
736,antipodes,11,1,3,591,719,165,98,sedopitna
737,antique,11,1,4,632,839,97,92,euqitna
738,antiquarian,11,1,5,645,958,245,111,nairauqitna
739,antiquary,11,1,6,637,1080,171,113,yrauqitna
740,antiquated,11,1,7,650,1183,223,161,detauqitna
741,antiquity,11,1,8,606,1333,153,120,ytiuqitna
742,antisepsis,11,1,9,572,1444,99,173,sispesitna
743,antiseptic,11,1,10,678,1533,76,125,citpesitna
744,antithesis,11,1,11,600,1674,86,125,sisehtitna
745,antitoxin,11,1,12,586,1808,160,89,nixotitna
746,antler,11,1,13,501,1952,362,71,reltna
747,antonym,11,1,14,512,2062,222,92,mynotna
748,anvil,11,1,15,470,2233,216,114,livna
749,anxious,11,1,16,527,2358,169,46,suoixna
750,anxiety,11,1,17,562,2477,144,78,yteixna
751,any,11,1,18,573,2617,91,22,yna
752,anyhow,11,1,19,568,2668,126,98,wohyna
753,anyone,11,1,20,565,2831,169,41,enoyna
754,anything,11,1,21,592,2970,97,39,gnihtyna
755,anyway,11,1,22,603,3078,98,78,yawyna
756,anywhere,11,1,23,578,3164,163,57,erehwyna
757,aopta,11,1,24,583,3280,122,69,atpoa
758,apart,11,1,25,587,3372,80,93,trapa
759,apartment,11,2,1,1490,476,190,99,tnemtrapa
760,compartment,11,2,2,1521,668,233,91,tnemtrapmoc
761,department,11,2,3,1501,739,254,83,tnemtraped
762,apathy,11,2,4,1507,849,91,87,yhtapa
763,apathetic,11,2,5,1540,960,94,131,citehtapa
764,aperture,11,2,6,1464,1087,159,95,erutrepa
765,apex,11,2,7,1424,1208,91,122,xepa
766,aphasia,11,2,8,1443,1297,118,184,aisahpa
767,aphorism,11,2,9,1506,1425,211,133,msirohpa
768,apiary,11,2,10,1428,1566,121,103,yraipa
769,apocalypse,11,2,11,1378,1695,247,168,espylacopa
770,apocope,11,2,12,1374,1820,110,150,epocopa
771,apocrypha,11,2,13,1465,1944,175,148,ahpyrcopa
772,apogee,11,2,14,1313,2048,156,212,eegopa
773,apology,11,2,15,1442,2174,93,112,ygolopa
774,apologetic,11,2,16,1480,2289,113,114,citegolopa
775,apologies,11,2,17,1480,2416,86,123,seigolopa
776,apologist,11,2,18,1522,2536,112,127,tsigolopa
777,apologize,11,2,19,1447,2649,108,125,ezigolopa
778,apoplexy,11,2,20,1376,2779,192,172,yxelpopa
779,apostasy,11,2,21,1593,2902,83,113,ysatsopa
780,apostolic,11,2,22,1376,3014,275,116,cilotsopa
781,apostrophe,11,2,23,1472,3130,147,149,ehportsopa
782,apostrophize,11,2,24,1551,3252,129,170,ezihportsopa
783,apothecary,11,2,25,1372,3375,196,88,yracehtopa
784,apothegm,11,3,1,2219,482,204,102,mgehtopa
785,apotheosis,11,3,2,2286,610,91,109,sisoehtopa
786,appanage,11,3,3,2249,735,117,199,eganappa
787,apparatus,11,3,4,2318,851,176,93,sutarappa
788,apparatuses,11,3,5,2319,970,177,101,sesutarappa
789,apparel,11,3,6,2179,1093,242,102,lerappa
790,appeal,11,3,7,2214,1202,191,98,laeppa
791,appellant,11,3,8,2243,1333,254,102,tnalleppa
792,appellate,11,3,9,2260,1459,194,96,etalleppa
793,appear,11,3,10,2256,1576,88,88,raeppa
794,apparent,11,3,11,2247,1695,181,84,tnerappa
795,apparition,11,3,12,2267,1823,90,108,noitirappa
796,appearance,11,3,13,2285,1944,139,92,ecnaraeppa
797,disappear,11,3,14,2269,2046,170,116,raeppasid
798,appeasable,11,3,15,2307,2187,146,210,elbasaeppa
799,unappeasable,11,3,16,2427,2339,158,224,elbasaeppanu
800,append,11,3,17,2142,2406,131,105,dneppa
801,appendage,11,3,18,2268,2519,132,171,egadneppa
802,appendix,11,3,19,2373,2633,175,110,xidneppa
803,appendicitis,11,3,20,2337,2766,153,107,siticidneppa
804,apperceive,11,3,21,2312,2905,93,111,eviecreppa
805,apperception,11,3,22,2370,3022,91,184,noitpecreppa
806,appertain,11,3,23,2188,3128,163,99,niatreppa
807,appurtenance,11,3,24,2339,3247,232,98,ecnanetruppa
808,appurtenant,11,3,25,2329,3354,218,109,tnanetruppa
809,appetite,12,1,1,735,472,105,104,etiteppa
810,appetizing,12,1,2,736,591,101,112,gniziteppa
811,apply,12,1,3,679,737,205,94,ylppa
812,appliance,12,1,4,679,861,241,99,ecnailppa
813,applicability,12,1,5,760,984,253,203,ytilibacilppa
814,applicable,12,1,6,664,1105,234,176,elbacilppa
815,applicant,12,1,7,641,1226,346,99,tnacilppa
816,application,12,1,8,706,1348,180,108,noitacilppa
817,applied,12,1,9,606,1454,315,104,deilppa
818,appoint,12,1,10,707,1628,54,43,tnioppa
819,appointee,12,1,11,704,1736,71,54,eetnioppa
820,appointees,12,1,12,720,1852,86,78,seetnioppa
821,appointive,12,1,13,710,1972,142,156,evitnioppa
822,appointment,12,1,14,758,2111,180,49,tnemtnioppa
823,disappoint,12,1,15,720,2165,155,107,tnioppasid
824,reappoint,12,1,16,723,2341,123,49,tnioppaer
825,apportion,12,1,17,720,2432,107,110,noitroppa
826,reapportionment,12,1,18,860,2591,253,135,tnemnoitroppaer
827,apposite,12,1,19,745,2660,92,121,etisoppa
828,apposition,12,1,20,761,2777,96,133,noitisoppa
829,appraisal,12,1,21,649,2908,226,137,lasiarppa
830,appreciate,12,1,22,814,3033,108,111,etaicerppa
831,appreciable,12,1,23,708,3151,137,224,elbaicerppa
832,appreciation,12,1,24,842,3266,92,112,noitaicerppa
833,appreciative,12,1,25,709,3391,150,227,evitaicerppa
834,depreciate,12,2,1,1562,457,180,149,etaicerped
835,apprehend,12,2,2,1555,606,167,91,dneherppa
836,apprehended,12,2,3,1571,696,309,125,dedneherppa
837,apprehension,12,2,4,1633,843,133,102,noisneherppa
838,apprehensive,12,2,5,1659,963,138,210,evisneherppa
839,misapprehension,12,2,6,1679,1155,198,127,noisneherppasim
840,apprentice,12,2,7,1498,1224,228,95,ecitnerppa
841,apprenticeship,12,2,8,1647,1333,199,97,pihsecitnerppa
842,approach,12,2,9,1634,1466,80,146,hcaorppa
843,approachable,12,2,10,1636,1578,135,255,elbahcaorppa
844,unapproachable,12,2,11,1721,1738,157,234,elbahcaorppanu
845,approbation,12,2,12,1526,1822,105,206,noitaborppa
846,appropriate,12,2,13,1625,1952,143,149,etairporppa
847,appropriately,12,2,14,1745,2077,172,150,yletairporppa
848,appropriateness,12,2,15,1664,2188,241,147,ssenetairporppa
849,appropriation,12,2,16,1741,2321,114,160,noitairporppa
850,inappropriate,12,2,17,1603,2466,211,145,etairporppani
851,misappropriate,12,2,18,1708,2616,259,151,etairporppasim
852,unappropriated,12,2,19,1632,2708,285,158,detairporppanu
853,approve,12,2,20,1418,2801,125,197,evorppa
854,approval,12,2,21,1533,2907,154,204,lavorppa
855,approved,12,2,22,1693,3033,159,180,devorppa
856,disapproved,12,2,23,1526,3132,166,200,devorppasid
857,approximate,12,2,24,1680,3279,112,100,etamixorppa
858,approximation,12,2,25,1659,3386,101,144,noitamixorppa
859,apricot,12,3,1,2237,488,212,91,tocirpa
860,apropos,12,3,2,2250,599,96,152,soporpa
861,apt,12,3,3,2309,716,86,93,tpa
862,aptitude,12,3,4,2307,846,115,98,edutitpa
863,aptly,12,3,5,2286,966,82,90,yltpa
864,aqueous,12,3,6,2263,1137,163,67,suoeuqa
865,aquarium,12,3,7,2310,1252,312,80,muirauqa
866,aquatic,12,3,8,2305,1397,138,71,citauqa
867,aqueduct,12,3,9,2274,1443,310,138,tcudeuqa
868,aquiline,12,3,10,2237,1639,319,55,eniliuqa
869,arabesque,12,3,11,2253,1731,155,148,euqsebara
870,arable,12,3,12,2406,1850,104,161,elbara
871,arbiter,12,3,13,2265,1976,126,153,retibra
872,arbitrage,12,3,14,2512,2103,125,207,egartibra
873,arbitrament,12,3,15,2373,2226,268,155,tnemartibra
874,arbitrary,12,3,16,2265,2350,120,164,yrartibra
875,arbitrate,12,3,17,2403,2458,168,149,etartibra
876,arbitration,12,3,18,2341,2585,179,157,noitartibra
877,arbitrator,12,3,19,2506,2704,212,155,rotartibra
878,arboreal,12,3,20,2254,2821,332,178,laerobra
879,arbutus,12,3,21,2180,2940,102,161,sutubra
880,arcade,12,3,22,2307,3017,262,133,edacra
881,archaic,12,3,23,2229,3185,255,77,ciahcra
882,archangel,12,3,24,2268,3302,323,164,legnahcra
883,archbishop,12,3,25,2234,3386,149,232,pohsibhcra
884,archduchy,13,1,1,592,428,151,107,yhcudhcra
885,archeology,13,1,2,557,594,181,94,ygoloehcra
886,archer,13,1,3,575,676,89,110,rehcra
887,archery,13,1,4,581,807,100,106,yrehcra
888,archipelago,13,1,5,547,979,394,139,ogalepihcra
889,architect,13,1,6,531,1114,231,74,tcetihcra
890,architectural,13,1,7,614,1168,516,133,larutcetihcra
891,archives,13,1,8,528,1329,206,176,sevihcra
892,arctic,13,1,9,656,1447,265,68,citcra
893,antarctic,13,1,10,602,1545,263,87,citcratna
894,ardor,13,1,11,558,1654,161,110,rodra
895,ardent,13,1,12,543,1738,258,147,tnedra
896,arduous,13,1,13,567,1905,187,100,suoudra
897,argon,13,1,14,496,2069,311,52,nogra
898,Argonaut,13,1,15,502,2195,371,87,tuanogrA
899,argue,13,1,16,521,2332,218,73,eugra
900,argument,13,1,17,527,2453,318,67,tnemugra
901,argumentation,13,1,18,673,2565,279,69,noitatnemugra
902,argumentative,13,1,19,646,2645,404,108,evitatnemugra
903,arid,13,1,20,530,2761,216,87,dira
904,aridity,13,1,21,525,2830,316,139,ytidira
905,aristocrat,13,1,22,533,3028,228,70,tarcotsira
906,aristocracy,13,1,23,588,3148,240,88,ycarcotsira
907,aristocratic,13,1,24,588,3269,227,106,citarcotsira
908,arithmetic,13,1,25,571,3383,161,59,citemhtira
909,arithmetical,13,2,1,1479,469,166,84,lacitemhtira
910,arm,13,2,2,1420,619,191,37,mra
911,armament,13,2,3,1416,740,299,61,tnemamra
912,armature,13,2,4,1403,847,283,81,erutamra
913,armchair,13,2,5,1412,986,198,136,riahcmra
914,armful,13,2,6,1402,1107,194,86,lufmra
915,armistice,13,2,7,1402,1228,243,57,ecitsimra
916,armor,13,2,8,1426,1355,195,40,romra
917,armorer,13,2,9,1414,1479,273,59,reromra
918,armorial,13,2,10,1342,1599,414,49,lairomra
919,armory,13,2,11,1423,1723,197,42,yromra
920,armpit,13,2,12,1416,1833,181,123,tipmra
921,disarmed,13,2,13,1481,1914,295,87,demrasid
922,forearmed,13,2,14,1383,2057,268,78,demraerof
923,unarmed,13,2,15,1406,2201,267,56,demranu
924,Armenian,13,2,16,1364,2322,307,101,nainemrA
925,arnica,13,2,17,1371,2446,227,52,acinra
926,aroma,13,2,18,1363,2555,287,70,amora
927,aromatic,13,2,19,1392,2666,249,89,citamora
928,arouse,13,2,20,1392,2797,175,62,esuora
929,aroused,13,2,21,1397,2894,264,94,desuora
930,arpeggio,13,2,22,1365,3020,121,222,oiggepra
931,arraignment,13,2,23,1470,3147,284,56,tnemngiarra
932,arrange,13,2,24,1472,3268,133,52,egnarra
933,arrangement,13,2,25,1484,3384,128,52,tnemegnarra
934,arranges,13,3,1,2238,474,163,79,segnarra
935,derange,13,3,2,2222,542,201,138,egnared
936,disarrange,13,3,3,2288,690,211,80,egnarrasid
937,rearrange,13,3,4,2310,848,198,55,egnarraer
938,unarranged,13,3,5,2314,971,216,79,degnarranu
939,arrest,13,3,6,2209,1089,134,76,tserra
940,arrive,13,3,7,2213,1210,139,61,evirra
941,arrival,13,3,8,2215,1322,150,61,lavirra
942,arrived,13,3,9,2222,1456,169,63,devirra
943,arrogance,13,3,10,2200,1582,275,54,ecnagorra
944,arrogant,13,3,11,2187,1697,288,55,tnagorra
945,arsenal,13,3,12,2151,1828,335,75,lanesra
946,arsenic,13,3,13,2159,1948,231,78,cinesra
947,arson,13,3,14,2149,2070,161,62,nosra
948,art,13,3,15,2188,2185,104,57,tra
949,artful,13,3,16,2186,2309,108,82,luftra
950,artfulness,13,3,17,2217,2426,129,110,ssenluftra
951,artless,13,3,18,2165,2547,261,67,sseltra
952,artlessness,13,3,19,2210,2648,333,81,ssensseltra
953,artery,13,3,20,2183,2779,195,68,yretra
954,arterial,13,3,21,2159,2881,335,80,lairetra
955,arteriosclerosis,13,3,22,2254,3059,385,73,sisorelcsoiretra
956,arthritis,13,3,23,2225,3129,236,81,sitirhtra
957,artichoke,13,3,24,2222,3281,135,81,ekohcitra
958,article,13,3,25,2209,3398,175,52,elcitra
959,articulate,14,1,1,664,517,206,65,etalucitra
960,disarticulate,14,1,2,672,610,278,90,etalucitrasid
961,inarticulate,14,1,3,677,759,244,82,etalucitrani
962,artifice,14,1,4,671,900,108,103,ecifitra
963,artificer,14,1,5,669,1021,117,121,recifitra
964,artificial,14,1,6,679,1149,108,115,laicifitra
965,artificiality,14,1,7,661,1257,201,120,ytilaicifitra
966,artillery,14,1,8,558,1370,254,77,yrellitra
967,artisan,14,1,9,563,1474,172,91,nasitra
968,artist,14,1,10,581,1600,120,86,tsitra
969,artistic,14,1,11,580,1737,154,63,citsitra
970,artistry,14,1,12,582,1851,184,79,yrtsitra
971,inartistic,14,1,13,605,1995,200,66,citsitrani
972,Aryan,14,1,14,584,2103,174,89,nayrA
973,asbestos,14,1,15,655,2158,139,173,sotsebsa
974,ascend,14,1,16,653,2342,98,73,dnecsa
975,ascendancy,14,1,17,627,2440,208,91,ycnadnecsa
976,ascendant,14,1,18,621,2556,193,94,tnadnecsa
977,ascension,14,1,19,611,2691,96,89,noisnecsa
978,ascent,14,1,20,580,2794,175,86,tnecsa
979,descend,14,1,21,606,2901,171,98,dnecsed
980,ascertain,14,1,22,622,3028,167,100,niatrecsa
981,ascertainable,14,1,23,694,3151,171,135,elbaniatrecsa
982,ascertained,14,1,24,687,3224,254,156,deniatrecsa
983,ascertainment,14,1,25,706,3389,266,97,tnemniatrecsa
984,ascetic,14,2,1,1440,506,72,115,citecsa
985,asceticism,14,2,2,1470,626,121,87,msicitecsa
986,ascribe,14,2,3,1444,758,179,73,ebircsa
987,ascribable,14,2,4,1488,880,180,178,elbabircsa
988,ascription,14,2,5,1470,1018,179,81,noitpircsa
989,aseptic,14,2,6,1364,1077,148,125,citpesa
990,ashamed,14,2,7,1399,1196,197,137,demahsa
991,ash,14,2,8,1411,1362,58,83,hsa
992,Asiatic,14,2,9,1410,1494,87,150,citaisA
993,aside,14,2,10,1351,1606,69,94,edisa
994,asinine,14,2,11,1385,1736,178,77,eninisa
995,asininity,14,2,12,1391,1860,185,76,ytininisa
996,ask,14,2,13,1407,2010,111,36,ksa
997,asked,14,2,14,1398,2117,138,45,deksa
998,unasked,14,2,15,1411,2251,176,51,deksanu
999,askance,14,2,16,1376,2342,201,83,ecnaksa
1000,asleep,14,2,17,1380,2455,194,132,peelsa
1001,asparagus,14,2,18,1364,2541,251,123,sugarapsa
1002,aspect,14,2,19,1404,2658,108,107,tcepsa
1003,asperity,14,2,20,1381,2768,124,129,ytirepsa
1004,asperse,14,2,21,1387,2903,91,119,esrepsa
1005,aspersion,14,2,22,1437,3004,100,134,noisrepsa
1006,asphalt,14,2,23,1286,3134,264,120,tlahpsa
1007,asphyxiate,14,2,24,1469,3238,113,196,etaixyhpsa
1008,asphyxiation,14,2,25,1547,3363,111,198,noitaixyhpsa
1009,aspire,14,3,1,2263,457,97,123,eripsa
1010,aspirant,14,3,2,2256,587,130,140,tnaripsa
1011,aspirate,14,3,3,2277,716,115,119,etaripsa
1012,aspiration,14,3,4,2313,836,104,140,noitaripsa
1013,aspirin,14,3,5,2187,954,128,121,niripsa
1014,assail,14,3,6,2188,1128,188,85,liassa
1015,assailable,14,3,7,2257,1237,195,182,elbaliassa
1016,assailant,14,3,8,2264,1377,257,94,tnaliassa
1017,unassailable,14,3,9,2398,1523,266,188,elbaliassanu
1018,unassailed,14,3,10,2279,1646,276,88,deliassanu
1019,assassin,14,3,11,2272,1739,81,68,nissassa
1020,assassinate,14,3,12,2309,1845,131,95,etanissassa
1021,assassination,14,3,13,2366,1970,94,99,noitanissassa
1022,assault,14,3,14,2234,2075,211,95,tluassa
1023,assemble,14,3,15,2237,2207,176,84,elbmessa
1024,assemblage,14,3,16,2318,2323,188,142,egalbmessa
1025,assembly,14,3,17,2289,2459,181,69,ylbmessa
1026,assert,14,3,18,2254,2572,74,68,tressa
1027,assertion,14,3,19,2242,2679,82,88,noitressa
1028,assertive,14,3,20,2242,2796,163,94,evitressa
1029,assess,14,3,21,2237,2920,87,82,ssessa
1030,assessable,14,3,22,2220,3048,133,181,elbassessa
1031,assessed,14,3,23,2280,3170,90,76,dessessa
1032,assesses,14,3,24,2249,3291,94,97,sessessa
1033,assessment,14,3,25,2268,3418,169,75,tnemssessa
1034,assessor,15,1,1,628,471,97,80,rossessa
1035,asseverate,15,1,2,637,506,164,168,etarevessa
1036,assiduous,15,1,3,619,700,171,104,suoudissa
1037,assiduity,15,1,4,597,775,251,155,ytiudissa
1038,assign,15,1,5,608,954,125,90,ngissa
1039,assignable,15,1,6,620,1070,110,183,elbangissa
1040,assignat,15,1,7,648,1209,281,93,tangissa
1041,assigned,15,1,8,640,1299,161,108,dengissa
1042,assignee,15,1,9,648,1438,111,81,eengissa
1043,assignment,15,1,10,656,1556,264,96,tnemngissa
1044,assignor,15,1,11,644,1688,200,76,rongissa
1045,unassigned,15,1,12,700,1839,174,108,dengissanu
1046,assimilate,15,1,13,610,1940,318,74,etalimissa
1047,assimilable,15,1,14,638,2058,318,177,elbalimissa
1048,assimilation,15,1,15,660,2178,323,92,noitalimissa
1049,assimilative,15,1,16,648,2305,310,162,evitalimissa
1050,unassimilated,15,1,17,672,2447,356,102,detalimissanu
1051,assist,15,1,18,644,2568,69,54,tsissa
1052,assistance,15,1,19,632,2664,128,79,ecnatsissa
1053,assistant,15,1,20,621,2789,134,69,tnatsissa
1054,unassisted,15,1,21,605,2876,261,127,detsissanu
1055,assize,15,1,22,576,3011,75,112,ezissa
1056,associate,15,1,23,658,3121,55,116,etaicossa
1057,association,15,1,24,649,3250,54,98,noitaicossa
1058,associative,15,1,25,616,3358,155,123,evitaicossa
1059,dissociate,15,2,1,1485,445,155,98,etaicossid
1060,assonance,15,2,2,1471,591,159,87,ecnanossa
1061,assort,15,2,3,1462,701,105,81,trossa
1062,assorted,15,2,4,1441,768,237,140,detrossa
1063,assortment,15,2,5,1455,949,229,88,tnemtrossa
1064,assuage,15,2,6,1502,997,99,179,egaussa
1065,assume,15,2,7,1414,1210,179,66,emussa
1066,assumption,15,2,8,1491,1333,162,83,noitpmussa
1067,unassuming,15,2,9,1513,1473,183,93,gnimussanu
1068,assure,15,2,10,1449,1560,54,82,erussa
1069,assurance,15,2,11,1456,1684,98,86,ecnarussa
1070,assured,15,2,12,1459,1807,106,95,derussa
1071,assures,15,2,13,1436,1923,66,101,serussa
1072,reassure,15,2,14,1418,2058,128,90,erussaer
1073,asterisk,15,2,15,1371,2180,237,66,ksiretsa
1074,asthma,15,2,16,1394,2294,182,83,amhtsa
1075,astigmatism,15,2,17,1386,2408,495,83,msitamgitsa
1076,astonish,15,2,18,1407,2524,160,90,hsinotsa
1077,astonished,15,2,19,1469,2641,176,89,dehsinotsa
1078,astonishment,15,2,20,1511,2767,261,86,tnemhsinotsa
1079,astound,15,2,21,1436,2876,204,104,dnuotsa
1080,astrakhan,15,2,22,1405,3018,313,72,nahkartsa
1081,astringent,15,2,23,1412,3149,293,106,tnegnirtsa
1082,astrology,15,2,24,1416,3260,159,72,ygolortsa
1083,astronomy,15,2,25,1410,3387,211,74,ymonortsa
1084,astronomer,15,3,1,2316,476,270,77,remonortsa
1085,astronomic,15,3,2,2313,600,283,74,cimonortsa
1086,astute,15,3,3,2284,717,142,71,etutsa
1087,asylum,15,3,4,2228,847,323,81,mulysa
1088,atavism,15,3,5,2223,939,228,136,msivata
1089,atheism,15,3,6,2228,1100,209,71,msiehta
1090,atheist,15,3,7,2211,1210,142,76,tsiehta
1091,athlete,15,3,8,2160,1311,292,83,etelhta
1092,athletic,15,3,9,2211,1464,256,69,citelhta
1093,athletics,15,3,10,2228,1595,260,93,scitelhta
1094,athwart,15,3,11,2253,1690,136,73,trawhta
1095,Atlantic,15,3,12,2190,1762,330,127,citnaltA
1096,atmosphere,15,3,13,2267,1931,222,83,erehpsomta
1097,atmospheric,15,3,14,2334,2047,279,82,cirehpsomta
1098,atom,15,3,15,2201,2159,196,117,mota
1099,atomic,15,3,16,2202,2240,239,136,cimota
1100,atomize,15,3,17,2226,2361,200,144,ezimota
1101,atone,15,3,18,2218,2537,148,82,enota
1102,atoned,15,3,19,2219,2610,196,135,denota
1103,atonement,15,3,20,2247,2774,287,87,tnemenota
1104,unatoned,15,3,21,2258,2850,226,145,denotanu
1105,atrocious,15,3,22,2203,3031,174,79,suoicorta
1106,atrophy,15,3,23,2198,3145,168,95,yhporta
1107,attach,15,3,24,2218,3272,92,102,hcatta
1108,attached,15,3,25,2223,3385,94,106,dehcatta
1109,attaches,16,1,1,682,502,89,122,sehcatta
1110,attachment,16,1,2,681,632,165,96,tnemhcatta
1111,unattached,16,1,3,679,767,149,95,dehcattanu
1112,attain,16,1,4,551,851,146,93,niatta
1113,attainable,16,1,5,631,969,150,146,elbaniatta
1114,attained,16,1,6,677,1048,223,154,deniatta
1115,attainment,16,1,7,660,1195,241,115,tnemniatta
1116,unattainable,16,1,8,707,1350,200,142,elbaniattanu
1117,attainder,16,1,9,739,1422,236,167,redniatta
1118,attempt,16,1,10,670,1545,238,147,tpmetta
1119,attempted,16,1,11,645,1600,354,214,detpmetta
1120,attend,16,1,12,617,1788,241,146,dnetta
1121,attendance,16,1,13,657,1902,221,148,ecnadnetta
1122,attendant,16,1,14,624,2031,241,137,tnadnetta
1123,attended,16,1,15,617,2106,299,188,dednetta
1124,attention,16,1,16,646,2313,97,75,noitnetta
1125,attentive,16,1,17,634,2372,223,157,evitnetta
1126,inattention,16,1,18,656,2554,167,98,noitnettani
1127,inattentive,16,1,19,660,2620,280,152,evitnettani
1128,unattended,16,1,20,651,2706,364,191,dednettanu
1129,attenuate,16,1,21,657,2898,187,117,etaunetta
1130,attenuated,16,1,22,622,2953,309,185,detaunetta
1131,attenuation,16,1,23,698,3143,148,110,noitaunetta
1132,attest,16,1,24,684,3282,107,91,tsetta
1133,attestation,16,1,25,673,3400,108,88,noitatsetta
1134,attire,16,2,1,1385,470,111,111,eritta
1135,attired,16,2,2,1381,527,215,171,deritta
1136,attitude,16,2,3,1386,715,132,102,edutitta
1137,attorney,16,2,4,1383,834,139,105,yenrotta
1138,attract,16,2,5,1384,988,203,78,tcartta
1139,attracted,16,2,6,1421,1100,212,93,detcartta
1140,attraction,16,2,7,1441,1239,211,73,noitcartta
1141,attractive,16,2,8,1473,1365,200,147,evitcartta
1142,unattractive,16,2,9,1576,1481,232,139,evitcarttanu
1143,attribute,16,2,10,1420,1591,185,135,etubirtta
1144,auburn,16,2,11,1567,1657,86,136,nrubua
1145,auctioneer,16,2,12,1485,1888,119,76,reenoitcua
1146,audacious,16,2,13,1530,1917,169,119,suoicadua
1147,audacity,16,2,14,1497,2061,147,88,yticadua
1148,audible,16,2,15,1456,2182,154,142,elbidua
1149,audibility,16,2,16,1507,2296,138,150,ytilibidua
1150,inaudible,16,2,17,1500,2439,179,145,elbiduani
1151,audience,16,2,18,1432,2559,122,72,ecneidua
1152,audit,16,2,19,1433,2612,211,129,tidua
1153,audition,16,2,20,1435,2787,124,85,noitidua
1154,auditor,16,2,21,1457,2861,174,138,rotidua
1155,auditorium,16,2,22,1481,2997,358,123,muirotidua
1156,auditory,16,2,23,1449,3100,260,130,yrotidua
1157,augment,16,2,24,1426,3322,316,38,tnemgua
1158,augmentative,16,2,25,1445,3430,415,96,evitatnemgua
1159,augury,16,3,1,2259,512,253,41,yrugua
1160,august,16,3,2,2269,640,204,56,tsugua
1161,augustly,16,3,3,2275,765,196,70,yltsugua
1162,August,16,3,4,2275,885,187,83,tsuguA
1163,aureole,16,3,5,2241,1022,270,58,eloerua
1164,aurora,16,3,6,2259,1124,215,54,arorua
1165,auscultation,16,3,7,2290,1241,289,67,noitatlucsua
1166,auspices,16,3,8,2255,1300,97,150,secipsua
1167,auspicious,16,3,9,2376,1424,67,128,suoicipsua
1168,inauspicious,16,3,10,2379,1620,114,138,suoicipsuani
1169,austere,16,3,11,2274,1725,77,77,eretsua
1170,austerity,16,3,12,2289,1863,155,50,ytiretsua
1171,authentic,16,3,13,2319,1923,164,110,citnehtua
1172,authentically,16,3,14,2385,2042,175,114,yllacitnehtua
1173,authenticate,16,3,15,2380,2163,166,109,etacitnehtua
1174,authenticity,16,3,16,2377,2291,181,97,yticitnehtua
1175,unauthenticated,16,3,17,2444,2424,267,103,detacitnehtuanu
1176,author,16,3,18,2330,2581,158,50,rohtua
1177,authoritative,16,3,19,2374,2642,294,115,evitatirohtua
1178,authority,16,3,20,2393,2815,163,52,ytirohtua
1179,authorization,16,3,21,2417,2917,189,75,noitazirohtua
1180,authorize,16,3,22,2399,3045,193,70,ezirohtua
1181,authorship,16,3,23,2393,3178,156,57,pihsrohtua
1182,unauthorized,16,3,24,2383,3243,295,119,dezirohtuanu
1183,autobiography,16,3,25,2408,3430,86,157,yhpargoibotua
1184,autochthonous,17,1,1,684,518,283,70,suonohthcotua
1185,autocrat,17,1,2,635,665,174,52,tarcotua
1186,autocracy,17,1,3,638,767,165,68,ycarcotua
1187,autocratic,17,1,4,621,899,150,85,citarcotua
1188,autograph,17,1,5,639,1032,105,52,hpargotua
1189,autographed,17,1,6,698,1147,138,57,dehpargotua
1190,automatic,17,1,7,627,1231,192,93,citamotua
1191,automatism,17,1,8,659,1314,348,135,msitamotua
1192,automaton,17,1,9,638,1437,300,138,notamotua
1193,automobile,17,1,10,639,1601,164,133,elibomotua
1194,autonomy,17,1,11,585,1749,264,71,ymonotua
1195,autopsy,17,1,12,664,1883,108,120,yspotua
1196,autosuggestion,17,1,13,728,1987,109,160,noitseggusotua
1197,autumn,17,1,14,523,2064,223,112,nmutua
1198,autumnal,17,1,15,601,2198,345,99,lanmutua
1199,auxiliary,17,1,16,575,2361,271,65,yrailixua
1200,available,17,1,17,580,2427,215,232,elbaliava
1201,unavailable,17,2,1,1515,524,211,240,elbaliavanu
1202,avalanche,17,2,2,1321,606,280,177,ehcnalava
1203,avarice,17,2,3,1563,719,165,136,ecirava
1204,avaricious,17,2,4,1515,847,172,153,suoicirava
1205,avenge,17,2,5,1374,950,131,252,egneva
1206,avenue,17,2,6,1458,1075,103,145,euneva
1207,aver,17,2,7,1478,1179,147,145,reva
1208,average,17,2,8,1371,1292,66,256,egareva
1209,averse,17,2,9,1420,1435,133,149,esreva
1210,aversion,17,2,10,1467,1550,144,157,noisreva
1211,avert,17,2,11,1355,1669,88,163,treva
1212,aviation,17,2,12,1396,1797,124,178,noitaiva
1213,aviator,17,2,13,1453,1909,140,169,rotaiva
1214,avid,17,2,14,1320,2044,186,158,diva
1215,avidity,17,2,15,1362,2136,273,172,ytidiva
1216,avidly,17,2,16,1379,2272,191,170,yldiva
1217,avoid,17,2,17,1432,2395,99,149,diova
1218,avoidable,17,3,1,2313,457,110,241,elbadiova
1219,avoidance,17,3,2,2389,582,113,154,ecnadiova
1220,avoids,17,3,3,2279,697,96,181,sdiova
1221,unavoidable,17,3,4,2316,938,99,133,elbadiovanu
1222,avoirdupois,17,3,5,2439,943,146,152,siopudriova
1223,avowal,17,3,6,2272,1059,242,179,lawova
1224,disavowal,17,3,7,2357,1235,221,168,lawovasid
1225,aware,17,3,8,2209,1385,114,56,erawa
1226,unaware,17,3,9,2272,1521,155,56,erawanu
1227,awful,17,3,10,2230,1611,75,82,lufwa
1228,awkward,17,3,11,2212,1706,212,108,drawkwa
1229,awning,17,3,12,2221,1911,94,37,gninwa
1230,axiom,17,3,13,2223,2019,240,68,moixa
1231,axiomatic,17,3,14,2246,2140,259,102,citamoixa
1232,axis,17,3,15,2128,2270,109,80,sixa
1233,axle,17,3,16,2116,2388,239,67,elxa
1234,azure,17,3,17,2158,2465,79,78,eruza
1235,babbitt,18,1,2,464,568,127,196,ttibbab
1236,babble,18,1,3,627,691,117,231,elbbab
1237,baccalaureate,18,1,4,678,808,364,131,etaerualaccab
1238,bachelor,18,1,5,539,935,215,187,rolehcab
1239,bacillus,18,1,6,777,1060,184,167,sullicab
1240,bacilli,18,1,7,599,1184,196,152,illicab
1241,back,18,1,8,406,1288,170,160,kcab
1242,backbone,18,1,9,599,1411,156,198,enobkcab
1243,backer,18,1,10,666,1544,186,145,rekcab
1244,background,18,1,11,631,1675,379,141,dnuorgkcab
1245,backhand,18,1,12,637,1788,223,139,dnahkcab
1246,backslider,18,1,13,584,1900,391,153,redilskcab
1247,backward,18,1,14,696,2031,264,146,drawkcab
1248,backwardness,18,1,15,703,2142,295,152,ssendrawkcab
1249,backwash,18,1,16,695,2262,166,142,hsawkcab
1250,bacterium,18,1,17,520,2386,345,152,muiretcab
1251,bacteria,18,1,18,548,2502,260,150,airetcab
1252,bacterial,18,1,19,576,2619,364,152,lairetcab
1253,bacteriology,18,1,20,659,2744,235,138,ygoloiretcab
1254,badinage,18,1,21,637,2866,151,115,eganidab
1255,baffle,18,1,22,537,2974,198,197,elffab
1256,bag,18,1,23,628,3094,197,154,gab
1257,bagasse,18,1,24,587,3223,211,140,essagab
1258,bagatelle,18,1,25,530,3364,368,136,elletagab
1259,baggage,18,2,1,1419,439,161,203,egaggab
1260,bagpipe,18,2,2,1355,554,212,253,epipgab
1261,bail,18,2,3,1570,685,193,136,liab
1262,bailiff,18,2,4,1590,820,172,176,ffiliab
1263,bailiwick,18,2,5,1394,923,250,154,kciwiliab
1264,bailment,18,2,6,1545,1059,278,117,tnemliab
1265,balance,18,2,7,1424,1164,170,118,ecnalab
1266,unbalanced,18,2,8,1485,1382,186,119,decnalabnu
1267,balbriggan,18,2,9,1397,1413,288,220,naggirblab
1268,balcony,18,2,10,1330,1538,293,136,ynoclab
1269,baldachin,18,2,11,1417,1662,375,125,nihcadlab
1270,baldric,18,2,12,1311,1778,324,126,cirdlab
1271,balk,18,2,13,1378,1898,133,121,klab
1272,ballast,18,2,14,1427,2014,187,155,tsallab
1273,unballasted,18,2,15,1518,2230,208,157,detsallabnu
1274,ballet,18,2,16,1316,2265,187,134,tellab
1275,ballistics,18,2,17,1504,2379,206,158,scitsillab
1276,balloon,18,2,18,1348,2510,227,116,noollab
1277,ballot,18,2,19,1390,2624,203,123,tollab
1278,balsam,18,2,20,1438,2746,285,173,maslab
1279,baluster,18,2,21,1327,2859,216,152,retsulab
1280,balustrade,18,2,22,1514,2981,294,141,edartsulab
1281,bamboo,18,2,23,1333,3098,206,184,oobmab
1282,banal,18,2,24,1486,3207,306,144,lanab
1283,banality,18,2,25,1453,3342,266,139,ytilanab
1284,banana,18,3,1,2224,434,176,137,ananab
1285,bandage,18,3,2,2342,555,156,173,egadnab
1286,bandaged,18,3,3,2437,670,187,191,degadnab
1287,bandanna,18,3,4,2237,797,225,128,annadnab
1288,bandit,18,3,5,2332,917,215,129,tidnab
1289,bandoleer,18,3,6,2227,1050,363,127,reelodnab
1290,bang,18,3,7,2222,1180,167,130,gnab
1291,banish,18,3,8,2239,1290,160,132,hsinab
1292,banishment,18,3,9,2307,1416,227,146,tnemhsinab
1293,banister,18,3,10,2128,1535,190,141,retsinab
1294,bank,18,3,11,2231,1646,170,131,knab
1295,bankrupt,18,3,12,2300,1766,179,184,tpurknab
1296,bankruptcy,18,3,13,2411,1892,186,212,yctpurknab
1297,banquet,18,3,14,2188,2022,208,136,teuqnab
1298,banter,18,3,15,2359,2124,203,125,retnab
1299,baptize,18,3,16,2221,2242,125,197,ezitpab
1300,baptism,18,3,17,2333,2375,205,178,msitpab
1301,Baptist,18,3,18,2198,2488,102,200,tsitpaB
1302,bar,18,3,19,2355,2593,112,132,rab
1303,barred,18,3,20,2279,2737,145,122,derrab
1304,barb,18,3,21,2316,2847,107,219,brab
1305,barbed,18,3,22,2409,2965,148,225,debrab
1306,barbarian,18,3,23,2275,3088,122,218,nairabrab
1307,barbaric,18,3,24,2456,3206,116,217,cirabrab
1308,barbarism,18,3,25,2268,3323,187,232,msirabrab
1309,barbarity,19,1,1,691,447,139,220,ytirabrab
1310,barbarous,19,1,2,614,575,105,268,suorabrab
1311,barbecue,19,1,3,781,701,112,213,eucebrab
1312,barber,19,1,4,661,818,112,229,rebrab
1313,barbican,19,1,5,771,946,143,249,nacibrab
1314,bargain,19,1,6,477,1063,288,131,niagrab
1315,bargained,19,1,7,670,1195,326,125,deniagrab
1316,barge,19,1,8,545,1310,109,217,egrab
1317,baritone,19,1,9,641,1430,203,124,enotirab
1318,barley,19,1,10,653,1563,244,129,yelrab
1319,barnacle,19,1,11,663,1697,136,131,elcanrab
1320,barograph,19,1,12,770,1796,116,157,hpargorab
1321,barometer,19,1,13,629,1916,242,138,retemorab
1322,barometric,19,1,14,620,2056,378,130,cirtemorab
1323,baron,19,1,15,800,2167,147,125,norab
1324,baroness,19,1,16,638,2281,184,133,ssenorab
1325,baronet,19,1,17,665,2409,179,123,tenorab
1326,baronial,19,1,18,637,2532,305,137,lainorab
1327,barrack,19,1,19,645,2652,163,151,kcarrab
1328,barrage,19,1,20,493,2759,125,149,egarrab
1329,barratry,19,1,21,572,2884,232,135,yrtarrab
1330,barrel,19,1,22,624,3004,217,130,lerrab
1331,barren,19,1,23,601,3136,153,128,nerrab
1332,barrenness,19,1,24,699,3244,235,146,ssennerrab
1333,barricade,19,1,25,586,3371,251,140,edacirrab
1334,barrier,19,2,1,1440,457,172,129,reirrab
1335,barrister,19,2,2,1450,596,155,134,retsirrab
1336,base,19,2,3,1540,699,100,152,esab
1337,basal,19,2,4,1422,815,194,176,lasab
1338,baseboard,19,2,5,1565,952,190,233,draobesab
1339,basement,19,2,6,1689,1066,163,150,tnemesab
1340,bases,19,2,7,1528,1191,132,147,sesab
1341,basic,19,2,8,1527,1310,122,136,cisab
1342,basis,19,2,9,1541,1445,133,156,sisab
1343,debase,19,2,10,1498,1582,167,152,esabed
1344,bashful,19,2,11,1535,1672,174,197,lufhsab
1345,bashfulness,19,2,12,1529,1803,201,236,ssenlufhsab
1346,basilica,19,2,13,1414,1922,217,176,acilisab
1347,basilisk,19,2,14,1290,2047,236,164,ksilisab
1348,bassoon,19,2,15,1538,2158,110,165,noossab
1349,baton,19,2,16,1327,2276,150,152,notab
1350,battalion,19,2,17,1419,2408,247,116,noilattab
1351,battery,19,2,18,1446,2524,115,127,yrettab
1352,battle,19,2,19,1417,2659,208,115,elttab
1353,bayonet,19,2,20,1386,2766,165,135,tenoyab
1354,bayou,19,2,21,1404,2878,155,147,uoyab
1355,beacon,19,2,22,1400,3012,171,123,nocaeb
1356,beagle,19,2,23,1347,3124,307,138,elgaeb
1357,beatify,19,2,24,1390,3244,177,147,yfitaeb
1358,beatification,19,2,25,1529,3360,146,177,noitacifitaeb
1359,beatitude,19,3,1,2324,437,168,163,edutitaeb
1360,beauty,19,3,2,2330,600,122,113,ytuaeb
1361,beauteous,19,3,3,2376,693,117,137,suoetuaeb
1362,beauties,19,3,4,2396,825,109,122,seituaeb
1363,beautiful,19,3,5,2359,958,141,166,lufituaeb
1364,beautify,19,3,6,2387,1079,127,161,yfituaeb
1365,beaver,19,3,7,2357,1190,199,224,revaeb
1366,because,19,3,8,2476,1405,99,37,esuaceb
1367,bed,19,3,9,2316,1447,124,126,deb
1368,bedchamber,19,3,10,2371,1578,228,170,rebmahcdeb
1369,bedridden,19,3,11,2367,1717,279,116,neddirdeb
1370,bedroom,19,3,12,2374,1821,323,113,moordeb
1371,bedspread,19,3,13,2344,1916,301,140,daerpsdeb
1372,bee,19,3,14,2278,2040,93,132,eeb
1373,befall,19,3,15,2254,2135,170,210,llafeb
1374,befell,19,3,16,2255,2284,202,168,llefeb
1375,bet,19,3,17,2367,2396,170,201,teb
1376,before,19,3,18,2343,2511,209,202,erofeb
1377,beforehand,19,3,19,2362,2633,167,191,dnaherofeb
1378,befriend,19,3,20,2439,2757,161,216,dneirfeb
1379,beg,19,3,21,2202,2900,154,121,geb
1380,beggar,19,3,22,2308,3012,227,116,raggeb
1381,begonia,19,3,23,2299,3131,241,130,ainogeb
1382,beguile,19,3,24,2270,3240,329,133,eliugeb
1383,behalf,19,3,25,2209,3367,189,169,flaheb
1384,behave,20,1,1,675,443,225,204,evaheb
1385,behaved,20,1,2,692,560,223,223,devaheb
1386,behavior,20,1,3,808,699,203,215,roivaheb
1387,misbehave,20,1,4,855,916,182,214,evahebsim
1388,behead,20,1,5,653,954,153,123,daeheb
1389,beheld,20,1,6,703,1077,205,132,dleheb
1390,behest,20,1,7,804,1179,124,158,tseheb
1391,behind,20,1,8,655,1314,104,131,dniheb
1392,behindhand,20,1,9,862,1421,137,140,dnahdniheb
1393,behold,20,1,10,706,1566,210,136,dloheb
1394,behoove,20,1,11,806,1679,177,182,evooheb
1395,beige,20,1,12,680,1781,117,177,egieb
1396,belfry,20,1,13,733,1924,200,172,yrfleb
1397,belie,20,1,14,705,2046,166,131,eileb
1398,belief,20,1,15,859,2154,99,120,feileb
1399,believable,20,1,16,813,2280,147,205,elbaveileb
1400,believes,20,1,17,896,2393,123,159,seveileb
1401,disbelieve,20,1,18,868,2532,153,148,eveilebsid
1402,unbelievable,20,1,19,823,2732,119,194,elbaveilebnu
1403,belittle,20,1,20,649,2777,188,104,elttileb
1404,bell,20,1,21,850,2869,181,135,lleb
1405,bellicose,20,1,22,808,3016,244,130,esocilleb
1406,bellicosity,20,1,23,815,3125,231,140,ytisocilleb
1407,belligerence,20,1,24,865,3247,170,222,ecneregilleb
1408,belligerency,20,1,25,987,3360,177,239,ycneregilleb
1409,belligerent,20,2,1,1703,450,157,220,tneregilleb
1410,bellows,20,2,2,1561,579,173,147,swolleb
1411,belong,20,2,3,1592,699,202,141,gnoleb
1412,belove,20,2,4,1638,826,141,205,evoleb
1413,below,20,2,5,1527,952,155,125,woleb
1414,belt,20,2,6,1437,1061,219,136,tleb
1415,bench,20,2,7,1596,1191,144,169,hcneb
1416,beneath,20,2,8,1671,1322,128,114,htaeneb
1417,benediction,20,2,9,1606,1437,260,115,noitcideneb
1418,benefit,20,2,10,1687,1546,127,192,tifeneb
1419,benefaction,20,2,11,1733,1669,139,203,noitcafeneb
1420,benefactor,20,2,12,1609,1785,206,212,rotcafeneb
1421,beneficence,20,2,13,1823,1889,126,230,ecnecifeneb
1422,beneficent,20,2,14,1638,2017,143,199,tnecifeneb
1423,beneficial,20,2,15,1772,2145,129,197,laicifeneb
1424,beneficiary,20,2,16,1648,2270,139,216,yraicifeneb
1425,benevolence,20,2,17,1701,2386,178,199,ecneloveneb
1426,benevolent,20,2,18,1720,2507,182,202,tneloveneb
1427,malevolent,20,2,19,1664,2703,309,127,tnelovelam
1428,benign,20,2,20,1584,2757,132,138,ngineb
1429,benignancy,20,2,21,1672,2858,281,150,ycnangineb
1430,benignant,20,2,22,1703,2978,284,150,tnangineb
1431,benzene,20,2,23,1558,3123,119,151,enezneb
1432,bequeath,20,2,24,1676,3239,127,141,htaeuqeb
1433,bequest,20,2,25,1554,3354,106,158,tseuqeb
1434,bereave,20,3,1,2343,442,140,206,evaereb
1435,berth,20,3,2,2465,558,132,125,htreb
1436,beseech,20,3,3,2400,684,160,208,hceeseb
1437,beside,20,3,4,2469,817,142,181,ediseb
1438,besiege,20,3,5,2276,919,164,240,egeiseb
1439,bespeak,20,3,6,2369,1059,143,208,kaepseb
1440,best,20,3,7,2416,1170,103,159,tseb
1441,bestial,20,3,8,2391,1294,188,234,laitseb
1442,bestiality,20,3,9,2569,1422,203,213,ytilaitseb
1443,bestow,20,3,10,2400,1527,121,167,wotseb
1444,bestowal,20,3,11,2502,1648,230,164,lawotseb
1445,betray,20,3,12,2346,1780,183,126,yarteb
1446,betrayal,20,3,13,2441,1906,308,120,layarteb
1447,betrayed,20,3,14,2453,2023,272,123,deyarteb
1448,betroth,20,3,15,2485,2138,181,124,htorteb
1449,betrothal,20,3,16,2439,2278,318,103,lahtorteb
1450,better,20,3,17,2427,2403,104,117,retteb
1451,bettered,20,3,18,2456,2506,172,116,deretteb
1452,betterment,20,3,19,2485,2635,165,112,tnemretteb
1453,between,20,3,20,2458,2758,125,118,neewteb
1454,bevel,20,3,21,2353,2861,198,232,leveb
1455,beveled,20,3,22,2490,2992,231,207,deleveb
1456,beverage,20,3,23,2292,3093,208,305,egareveb
1457,bewail,20,3,24,2514,3216,186,145,liaweb
1458,beware,20,3,25,2380,3337,107,161,eraweb
1459,bewilder,21,1,1,628,479,254,136,redliweb
1460,bewilderment,21,1,2,701,608,380,139,tnemredliweb
1461,bewitch,21,1,3,679,739,150,176,hctiweb
1462,beyond,21,1,4,744,876,100,114,dnoyeb
1463,biannual,21,1,5,532,979,300,129,launnaib
1464,bibliography,21,1,6,679,1108,125,181,yhpargoilbib
1465,bicameral,21,1,7,548,1221,436,141,laremacib
1466,biceps,21,1,8,574,1338,148,240,specib
1467,bicuspid,21,1,9,641,1468,181,212,dipsucib
1468,bicycle,21,1,10,577,1598,104,152,elcycib
1469,bid,21,1,11,675,1716,140,114,dib
1470,bidden,21,1,12,665,1828,134,121,neddib
1471,biennial,21,1,13,570,1953,285,143,lainneib
1472,bigamy,21,1,14,560,2092,270,109,ymagib
1473,bigot,21,1,15,553,2215,197,105,togib
1474,bigotry,21,1,16,572,2337,271,95,yrtogib
1475,bijou,21,1,17,572,2431,131,155,uojib
1476,bilingual,21,1,18,633,2554,372,138,laugnilib
1477,bilious,21,1,19,630,2674,172,157,suoilib
1478,bill,21,1,20,624,2807,157,122,llib
1479,billboard,21,1,21,782,2911,203,221,draobllib
1480,billhead,21,1,22,552,3040,279,115,daehllib
1481,billiards,21,1,23,625,3153,260,142,sdraillib
1482,billow,21,1,24,545,3276,172,127,wollib
1483,bimetallism,21,1,25,662,3391,409,125,msillatemib
1484,binary,21,2,1,1442,482,150,129,yranib
1485,binnacle,21,2,2,1482,609,124,150,elcannib
1486,binocular,21,2,3,1478,760,155,123,raluconib
1487,biography,21,2,4,1611,854,117,140,yhpargoib
1488,biology,21,2,5,1489,991,100,130,ygoloib
1489,biplane,21,2,6,1348,1098,214,184,enalpib
1490,birth,21,2,7,1574,1222,125,127,htrib
1491,birthday,21,2,8,1462,1342,269,119,yadhtrib
1492,birthmark,21,2,9,1448,1474,387,114,kramhtrib
1493,rebirth,21,2,10,1495,1669,114,118,htriber
1494,bisect,21,2,11,1345,1716,138,163,tcesib
1495,bishop,21,2,12,1479,1831,152,215,pohsib
1496,archbishop,21,2,13,1494,1971,169,202,pohsibhcra
1497,bishopric,21,2,14,1568,2061,158,226,cirpohsib
1498,bismuth,21,2,15,1435,2191,188,150,htumsib
1499,bison,21,2,16,1291,2311,135,151,nosib
1500,bite,21,2,17,1356,2422,150,155,etib
1501,bit,21,2,18,1401,2543,137,146,tib
1502,bitten,21,2,19,1414,2661,146,144,nettib
1503,bitter,21,2,20,1389,2781,144,146,rettib
1504,bitterest,21,2,21,1405,2907,146,136,tserettib
1505,bitumen,21,2,22,1442,3029,258,108,nemutib
1506,black,21,2,23,1431,3149,220,145,kcalb
1507,blackberry,21,2,24,1578,3271,235,207,yrrebkcalb
1508,blackboard,21,2,25,1502,3401,254,210,draobkcalb
1509,blacken,21,3,1,2316,476,237,127,nekcalb
1510,blackened,21,3,2,2331,615,294,139,denekcalb
1511,blackmail,21,3,3,2294,746,393,136,liamkcalb
1512,blackness,21,3,4,2380,866,315,144,ssenkcalb
1513,blame,21,3,5,2227,991,276,120,emalb
1514,blamed,21,3,6,2326,1113,281,130,demalb
1515,blameless,21,3,7,2238,1234,419,117,sselemalb
1516,blameworthy,21,3,8,2358,1357,315,116,yhtrowemalb
1517,blandish,21,3,9,2311,1477,283,117,hsidnalb
1518,blandishment,21,3,10,2353,1599,362,120,tnemhsidnalb
1519,blanket,21,3,11,2290,1713,290,137,teknalb
1520,blaspheme,21,3,12,2368,1831,205,196,emehpsalb
1521,blazon,21,3,13,2261,1939,179,155,nozalb
1522,blemish,21,3,14,2235,2072,260,132,hsimelb
1523,unblemished,21,3,15,2382,2288,290,106,dehsimelbnu
1524,blight,21,3,16,2166,2327,214,116,thgilb
1525,blighted,21,3,17,2264,2429,344,122,dethgilb
1526,blinder,21,3,18,2260,2557,325,112,rednilb
1527,blinker,21,3,19,2274,2671,257,125,reknilb
1528,bliss,21,3,20,2263,2799,165,125,ssilb
1529,blissful,21,3,21,2276,2921,166,172,lufssilb
1530,blissfully,21,3,22,2254,3039,154,190,yllufssilb
1531,blissfulness,21,3,23,2406,3159,175,194,ssenlufssilb
1532,blister,21,3,24,2234,3286,179,123,retsilb
1533,blistered,21,3,25,2333,3389,287,129,deretsilb
1534,blithesome,22,1,1,591,476,305,120,emosehtilb
1535,blizzard,22,1,2,599,603,253,150,drazzilb
1536,block,22,1,3,563,734,195,114,kcolb
1537,blockade,22,1,4,580,858,308,141,edakcolb
1538,blockhouse,22,1,5,645,985,218,120,esuohkcolb
1539,blood,22,1,6,581,1095,235,110,doolb
1540,bloodless,22,1,7,621,1215,355,113,sseldoolb
1541,bloodshot,22,1,8,616,1332,318,123,tohsdoolb
1542,bloody,22,1,9,591,1465,272,130,ydoolb
1543,blouse,22,1,10,564,1599,186,137,esuolb
1544,bludgeon,22,1,11,703,1706,148,204,noegdulb
1545,bluff,22,1,12,551,1828,163,183,ffulb
1546,blunder,22,1,13,520,1951,308,123,rednulb
1547,blundered,22,1,14,581,2076,346,123,derednulb
1548,blunderer,22,1,15,612,2196,356,116,rerednulb
1549,blunt,22,1,16,651,2309,240,128,tnulb
1550,blur,22,1,17,554,2432,211,124,rulb
1551,blush,22,1,18,579,2550,155,140,hsulb
1552,unblushing,22,1,19,621,2759,130,129,gnihsulbnu
1553,bluster,22,1,20,507,2795,175,154,retsulb
1554,boa,22,1,21,462,2914,136,166,aob
1555,boar,22,1,22,533,3028,112,115,raob
1556,board,22,1,23,563,3139,127,138,draob
1557,boarded,22,1,24,576,3267,227,131,dedraob
1558,boarder,22,1,25,573,3395,126,128,redraob
1559,boast,22,2,1,1406,464,99,139,tsaob
1560,boastful,22,2,2,1408,603,107,170,luftsaob
1561,bodice,22,2,3,1465,719,150,134,ecidob
1562,bodkin,22,2,4,1430,842,274,124,nikdob
1563,body,22,2,5,1446,950,101,135,ydob
1564,bodies,22,2,6,1429,1084,102,158,seidob
1565,bodily,22,2,7,1444,1207,86,128,ylidob
1566,bodyguard,22,2,8,1453,1337,325,134,draugydob
1567,disembodied,22,2,9,1472,1495,225,137,deidobmesid
1568,embody,22,2,10,1506,1673,150,114,ydobme
1569,bog,22,2,11,1314,1708,192,111,gob
1570,bogus,22,2,12,1330,1830,193,131,sugob
1571,boiler,22,2,13,1320,1954,242,123,reliob
1572,bold,22,2,14,1333,2076,234,126,dlob
1573,bolder,22,2,15,1414,2190,269,119,redlob
1574,boldest,22,2,16,1419,2313,212,115,tsedlob
1575,bolster,22,2,17,1381,2431,211,135,retslob
1576,bolt,22,2,18,1337,2556,217,121,tlob
1577,bolted,22,2,19,1377,2660,369,140,detlob
1578,bombardment,22,2,20,1467,2793,325,206,tnemdrabmob
1579,bombastic,22,2,21,1424,2914,164,204,citsabmob
1580,bond,22,2,22,1339,3041,102,124,dnob
1581,bondage,22,2,23,1376,3151,130,184,egadnob
1582,bonded,22,2,24,1443,3257,233,132,dednob
1583,bonnet,22,2,25,1412,3391,130,125,tennob
1584,bonus,22,3,1,2226,469,124,147,sunob
1585,book,22,3,2,2245,601,110,116,koob
1586,bookkeeper,22,3,3,2323,730,149,167,repeekkoob
1587,bookkeeping,22,3,4,2433,855,109,177,gnipeekkoob
1588,booklet,22,3,5,2257,971,243,125,telkoob
1589,bookshelf,22,3,6,2214,1083,230,208,flehskoob
1590,boomerang,22,3,7,2169,1213,322,139,gnaremoob
1591,boracic,22,3,8,2192,1332,163,142,cicarob
1592,border,22,3,9,2205,1477,130,115,redrob
1593,bordered,22,3,10,2266,1581,204,128,deredrob
1594,borderless,22,3,11,2220,1708,392,128,sselredrob
1595,borough,22,3,12,2252,1805,126,129,hguorob
1596,borrow,22,3,13,2172,1943,127,124,worrob
1597,bosom,22,3,14,2219,2063,152,149,mosob
1598,botany,22,3,15,2322,2193,133,112,ynatob
1599,botanic,22,3,16,2295,2317,178,108,cinatob
1600,botanical,22,3,17,2248,2426,175,118,lacinatob
1601,botanist,22,3,18,2219,2542,129,122,tsinatob
1602,both,22,3,19,2209,2653,94,126,htob
1603,bother,22,3,20,2212,2779,105,130,rehtob
1604,bothered,22,3,21,2248,2906,113,119,derehtob
1605,bothersome,22,3,22,2339,3023,156,112,emosrehtob
1606,bottle,22,3,23,2190,3149,234,123,elttob
1607,bottled,22,3,24,2205,3263,275,118,delttob
1608,bottom,22,3,25,2182,3378,186,130,mottob
1609,bough,23,1,1,592,460,125,158,hguob
1610,boulevard,23,1,2,608,600,164,180,draveluob
1611,bounce,23,1,3,692,721,113,138,ecnuob
1612,bounced,23,1,4,715,847,105,138,decnuob
1613,bound,23,1,5,637,976,96,122,dnuob
1614,boundary,23,1,6,678,1092,136,124,yradnuob
1615,bounden,23,1,7,665,1235,111,108,nednuob
1616,boundless,23,1,8,739,1338,220,123,sseldnuob
1617,unbounded,23,1,9,692,1556,103,127,dednuobnu
1618,bounty,23,1,10,818,1570,134,122,ytnuob
1619,bounteous,23,1,11,697,1694,129,123,suoetnuob
1620,bounties,23,1,12,724,1823,147,108,seitnuob
1621,bountiful,23,1,13,708,1946,149,131,lufitnuob
1622,bouquet,23,1,14,567,2049,129,160,teuquob
1623,bovine,23,1,15,601,2178,207,217,enivob
1624,bower,23,1,16,696,2290,170,155,rewob
1625,bowlder,23,1,17,578,2419,286,125,redlwob
1626,bowsprit,23,1,18,643,2541,143,203,tirpswob
1627,box,23,1,19,537,2651,108,146,xob
1628,boxed,23,1,20,658,2795,89,142,dexob
1629,boxer,23,1,21,525,2891,121,168,rexob
1630,boxes,23,1,22,619,3023,90,158,sexob
1631,boycott,23,1,23,664,3137,182,134,ttocyob
1632,bracelet,23,1,24,542,3269,233,159,telecarb
1633,Brackish,23,1,25,487,3394,160,147,hsikcarB
1634,braggart,23,2,1,1359,480,260,138,traggarb
1635,brandish,23,2,2,1379,602,198,123,hsidnarb
1636,brave,23,2,3,1398,731,161,187,evarb
1637,bravery,23,2,4,1450,850,138,192,yrevarb
1638,bravest,23,2,5,1543,962,133,202,tsevarb
1639,brazen,23,2,6,1345,1088,134,143,nezarb
1640,brazier,23,2,7,1447,1219,128,147,reizarb
1641,breadth,23,2,8,1370,1335,245,122,htdaerb
1642,break,23,2,9,1412,1443,161,153,kaerb
1643,breakable,23,2,10,1450,1574,134,248,elbakaerb
1644,breakage,23,2,11,1574,1689,159,221,egakaerb
1645,unbreakable,23,2,12,1499,1903,147,225,elbakaerbnu
1646,unbroken,23,2,13,1640,2016,186,124,nekorbnu
1647,breast,23,2,14,1385,2052,124,143,tsaerb
1648,breath,23,2,15,1422,2175,117,125,htaerb
1649,brevet,23,2,16,1411,2297,140,192,teverb
1650,breviary,23,2,17,1502,2415,123,205,yraiverb
1651,brew,23,2,18,1353,2531,112,131,werb
1652,bribery,23,2,19,1396,2649,117,221,yrebirb
1653,bride,23,2,20,1486,2777,212,123,edirb
1654,bridal,23,2,21,1346,2904,355,116,ladirb
1655,brief,23,2,22,1433,3009,101,178,feirb
1656,abbreviate,23,2,23,1436,3136,167,199,etaiverbba
1657,brevity,23,2,24,1504,3261,137,192,ytiverb
1658,brigade,23,2,25,1379,3378,285,145,edagirb
1659,brigand,23,3,1,2241,463,303,126,dnagirb
1660,brigantine,23,3,2,2226,589,359,144,enitnagirb
1661,bright,23,3,3,2262,722,97,117,thgirb
1662,brighten,23,3,4,2297,837,147,125,nethgirb
1663,brighter,23,3,5,2311,969,145,111,rethgirb
1664,brightly,23,3,6,2306,1083,114,127,ylthgirb
1665,brightness,23,3,7,2321,1198,173,124,ssenthgirb
1666,brilliant,23,3,8,2289,1320,215,127,tnaillirb
1667,brilliance,23,3,9,2272,1453,226,104,ecnaillirb
1668,brilliancy,23,3,10,2286,1577,223,126,ycnaillirb
1669,brilliantine,23,3,11,2289,1692,360,129,enitnaillirb
1670,bristle,23,3,12,2226,1813,231,154,eltsirb
1671,brocade,23,3,13,2157,1931,238,151,edacorb
1672,brochure,23,3,14,2299,2045,100,156,eruhcorb
1673,brokerage,23,3,15,2194,2152,203,222,egarekorb
1674,bronchitis,23,3,16,2374,2288,202,149,sitihcnorb
1675,brother,23,3,17,2253,2408,146,125,rehtorb
1676,brother-in-law,23,3,18,2360,2534,303,120,wal-ni-rehtorb
1677,brotherly,23,3,19,2296,2658,141,116,ylrehtorb
1678,brougham,23,3,20,2218,2784,217,112,mahguorb
1679,brown,23,3,21,2281,2899,124,120,nworb
1680,brownish,23,3,22,2303,3011,131,135,hsinworb
1681,brunt,23,3,23,2168,3128,172,125,tnurb
1682,brush,23,3,24,2235,3261,88,132,hsurb
1683,brute,23,3,25,2267,3363,144,127,eturb
1684,brutality,24,1,1,690,457,287,128,ytilaturb
1685,brutalization,24,1,2,721,588,316,151,noitazilaturb
1686,brutalize,24,1,3,671,715,319,127,ezilaturb
1687,brutally,24,1,4,716,838,187,131,yllaturb
1688,brutish,24,1,5,600,947,149,143,hsiturb
1689,bubble,24,1,6,646,1074,139,243,elbbub
1690,buccaneer,24,1,7,741,1216,163,134,reenaccub
1691,bucket,24,1,8,615,1307,155,152,tekcub
1692,buckle,24,1,9,591,1460,237,111,elkcub
1693,bulker,24,1,10,564,1569,330,130,reklub
1694,buckram,24,1,11,559,1703,288,105,markcub
1695,bucolic,24,1,12,530,1824,340,132,cilocub
1696,budget,24,1,13,504,1960,158,206,tegdub
1697,buffalo,24,1,14,661,2059,132,173,olaffub
1698,buffet,24,1,15,512,2192,127,172,teffub
1699,bugle,24,1,16,556,2294,325,135,elgub
1700,build,24,1,17,601,2429,181,120,dliub
1701,builded,24,1,18,703,2524,295,133,dedliub
1702,builder,24,1,19,632,2660,265,109,redliub
1703,built,24,1,20,633,2785,159,123,tliub
1704,bulb,24,1,21,516,2892,169,242,blub
1705,bulge,24,1,22,677,3007,165,213,eglub
1706,bulk,24,1,23,582,3131,232,140,klub
1707,bulky,24,1,24,658,3273,251,133,yklub
1708,bullet,24,1,25,533,3385,239,131,tellub
1709,bulletin,24,2,1,1434,468,245,126,nitellub
1710,bullion,24,2,2,1437,592,222,135,noillub
1711,bullock,24,2,3,1452,734,250,116,kcollub
1712,bulrush,24,2,4,1450,867,255,115,hsurlub
1713,bulwark,24,2,5,1469,986,264,124,krawlub
1714,bunch,24,2,6,1500,1110,108,161,hcnub
1715,bundle,24,2,7,1432,1233,213,126,eldnub
1716,bungalow,24,2,8,1559,1325,260,156,wolagnub
1717,bungle,24,2,9,1328,1442,259,153,elgnub
1718,bunion,24,2,10,1533,1570,155,135,noinub
1719,bunker,24,2,11,1362,1708,136,128,reknub
1720,buoy,24,2,12,1526,1805,95,124,youb
1721,buoyancy,24,2,13,1507,1929,105,143,ycnayoub
1722,buoyant,24,2,14,1443,2083,124,115,tnayoub
1723,burden,24,2,15,1493,2165,149,128,nedrub
1724,burdened,24,2,16,1532,2289,236,123,denedrub
1725,burdensome,24,2,17,1537,2420,234,123,emosnedrub
1726,bureau,24,2,18,1497,2538,122,122,uaerub
1727,bureaucracy,24,2,19,1579,2652,182,162,ycarcuaerub
1728,bureaucrat,24,2,20,1531,2797,190,108,tarcuaerub
1729,bureaucratic,24,2,21,1575,2899,183,180,citarcuaerub
1730,burgess,24,2,22,1417,3021,131,217,ssegrub
1731,burglar,24,2,23,1497,3144,346,117,ralgrub
1732,burglarious,24,2,24,1480,3266,361,115,suoiralgrub
1733,burlap,24,2,25,1414,3385,283,174,palrub
1734,burlesque,24,3,1,2260,472,303,129,euqselrub
1735,burly,24,3,2,2233,592,241,124,ylrub
1736,burn,24,3,3,2253,730,92,109,nrub
1737,burned,24,3,4,2274,847,110,136,denrub
1738,burner,24,3,5,2319,973,105,117,renrub
1739,burnt,24,3,6,2293,1112,112,103,tnrub
1740,burnish,24,3,7,2293,1218,112,136,hsinrub
1741,burrow,24,3,8,2231,1333,124,128,worrub
1742,bursar,24,3,9,2338,1446,138,168,rasrub
1743,burst,24,3,10,2200,1555,135,161,tsrub
1744,bur,24,3,11,2277,1682,112,129,rub
1745,burial,24,3,12,2287,1810,267,132,lairub
1746,bush,24,3,13,2217,1944,98,130,hsub
1747,business,24,3,14,2282,2058,119,139,ssenisub
1748,businesslike,24,3,15,2381,2165,186,171,ekilssenisub
1749,bust,24,3,16,2218,2290,123,155,tsub
1750,bustle,24,3,17,2269,2431,196,144,eltsub
1751,bustled,24,3,18,2394,2533,203,157,deltsub
1752,busy,24,3,19,2230,2674,107,135,ysub
1753,busied,24,3,20,2246,2790,133,163,deisub
1754,busily,24,3,21,2326,2894,118,175,ylisub
1755,but,24,3,22,2176,3011,103,124,tub
1756,butcher,24,3,23,2233,3147,111,176,rehctub
1757,butler,24,3,24,2256,3251,291,127,reltub
1758,butt,24,3,25,2237,3379,105,119,ttub
1759,butter,25,1,1,631,454,111,121,rettub
1760,buttered,25,1,2,670,546,167,129,derettub
1761,butternut,25,1,3,672,691,173,112,tunrettub
1762,buttery,25,1,4,671,797,105,134,yrettub
1763,button,25,1,5,658,927,135,128,nottub
1764,buttoned,25,1,6,654,1032,231,130,denottub
1765,buttonhole,25,1,7,666,1175,289,115,elohnottub
1766,buttonhook,25,2,1,1523,425,203,127,koohnottub
1767,buttonwood,25,2,2,1523,541,272,131,doownottub
1768,buttress,25,2,3,1498,678,172,125,sserttub
1769,buxom,25,2,4,1481,810,144,142,moxub
1770,buy,25,2,5,1360,922,102,134,yub
1771,buyer,25,2,6,1460,1043,116,130,reyub
1772,buzzard,25,2,7,1445,1174,203,194,drazzub
1773,by,25,3,1,2263,417,101,124,yb
1774,bygone,25,3,2,2261,566,214,104,enogyb
1775,by-law,25,3,3,2255,665,171,141,wal-yb
1776,by-product,25,3,4,2321,788,290,210,tcudorp-yb
1777,bystander,25,3,5,2451,931,201,157,rednatsyb
1778,byway,25,3,6,2267,1047,110,174,yawyb
1779,byword,25,3,7,2325,1165,151,123,drowyb
1780,cabal,26,1,2,549,621,163,115,labac
1781,cabbage,26,1,3,469,754,175,201,egabbac
1782,cabin,26,1,4,588,865,128,128,nibac
1783,cabinet,26,1,5,465,986,132,130,tenibac
1784,cable,26,1,6,584,1106,135,130,elbac
1785,cablegram,26,1,7,637,1226,203,125,margelbac
1786,cadaver,26,1,8,429,1260,205,173,revadac
1787,cadence,26,1,9,526,1434,173,92,ecnedac
1788,cadenza,26,1,10,524,1547,188,98,aznedac
1789,cadet,26,1,11,515,1611,247,158,tedac
1790,caduceus,26,1,12,521,1768,210,109,suecudac
1791,cafeteria,26,1,13,537,1946,226,103,airetefac
1792,caisson,26,1,14,538,2072,135,68,nossiac
1793,cajole,26,1,15,451,2185,204,153,elojac
1794,calamity,26,1,16,653,2268,330,101,ytimalac
1795,calamitous,26,1,17,587,2425,339,46,suotimalac
1796,calcium,26,1,18,528,2547,340,64,muiclac
1797,calcimine,26,1,19,565,2664,383,64,enimiclac
1798,calcine,26,1,20,581,2783,261,76,eniclac
1799,calculate,26,1,21,561,2901,246,44,etaluclac
1800,calculable,26,1,22,587,3032,242,141,elbaluclac
1801,calculation,26,1,23,621,3155,218,65,noitaluclac
1802,calculator,26,1,24,618,3275,286,80,rotaluclac
1803,incalculable,26,1,25,663,3385,270,155,elbaluclacni
1804,miscalculate,26,2,1,1469,502,348,43,etaluclacsim
1805,calendar,26,2,2,1385,573,328,86,radnelac
1806,caliber,26,2,3,1376,730,260,131,rebilac
1807,calibrate,26,2,4,1490,861,260,151,etarbilac
1808,calico,26,2,5,1335,977,309,47,ocilac
1809,caliper,26,2,6,1353,1089,253,102,repilac
1810,calisthenics,26,2,7,1395,1225,307,60,scinehtsilac
1811,call,26,2,8,1384,1351,101,31,llac
1812,recall,26,2,9,1379,1476,172,33,llacer
1813,calliope,26,2,10,1353,1581,257,107,epoillac
1814,callous,26,2,11,1334,1708,251,64,suollac
1815,callosity,26,2,12,1372,1817,254,68,ytisollac
1816,calm,26,2,13,1380,1960,213,48,mlac
1817,calmed,26,2,14,1381,2011,258,116,demlac
1818,calmly,26,2,15,1418,2196,213,52,ylmlac
1819,calmness,26,2,16,1367,2315,313,53,ssenmlac
1820,calorie,26,2,17,1358,2425,329,46,eirolac
1821,calumny,26,2,18,1337,2543,379,43,ynmulac
1822,calumniate,26,2,19,1413,2666,435,63,etainmulac
1823,calumnious,26,2,20,1436,2793,370,43,suoinmulac
1824,cambric,26,2,21,1383,2915,236,125,cirbmac
1825,camel,26,2,22,1359,3052,353,47,lemac
1826,campaign,26,2,23,1398,3161,224,111,ngiapmac
1827,camphor,26,2,24,1377,3289,291,93,rohpmac
1828,Canadian,26,2,25,1410,3409,208,61,naidanaC
1829,canal,26,3,1,2130,497,328,52,lanac
1830,canary,26,3,2,2167,618,233,52,yranac
1831,cancel,26,3,3,2204,738,173,49,lecnac
1832,cancellation,26,3,4,2314,874,155,61,noitallecnac
1833,cancer,26,3,5,2228,989,220,54,recnac
1834,candelabrum,26,3,6,2260,1037,353,140,murbalednac
1835,candidate,26,3,7,2186,1148,268,122,etadidnac
1836,candidacy,26,3,8,2253,1280,215,103,ycadidnac
1837,candidature,26,3,9,2285,1364,342,142,erutadidnac
1838,candle,26,3,10,2166,1543,306,87,eldnac
1839,candor,26,3,11,2212,1636,184,112,rodnac
1840,candid,26,3,12,2192,1726,267,145,didnac
1841,candy,26,3,13,2188,1885,226,109,ydnac
1842,candied,26,3,14,2180,1949,315,164,deidnac
1843,canine,26,3,15,2207,2206,219,48,eninac
1844,canister,26,3,16,2227,2311,211,55,retsinac
1845,canker,26,3,17,2216,2447,214,50,reknac
1846,canned,26,3,18,2237,2508,177,105,dennac
1847,cannery,26,3,19,2223,2671,183,59,yrennac
1848,cannibal,26,3,20,2211,2793,232,141,labinnac
1849,cannon,26,3,21,2123,2925,218,53,nonnac
1850,cannonade,26,3,22,2256,2993,311,104,edanonnac
1851,cannoneer,26,3,23,2267,3165,246,46,reenonnac
1852,canny,26,3,24,2209,3286,188,53,ynnac
1853,canoe,26,3,25,2213,3402,175,51,eonac
1854,canopy,27,1,1,601,527,161,89,yponac
1855,cantaloupe,27,1,2,574,637,313,73,epuolatnac
1856,canteen,27,1,3,586,738,185,65,neetnac
1857,canter,27,1,4,590,858,129,70,retnac
1858,cantilever,27,1,5,567,975,282,117,revelitnac
1859,canton,27,1,6,567,1120,184,61,notnac
1860,canvas,27,1,7,582,1259,153,139,savnac
1861,caoutchouc,27,1,8,662,1382,131,102,cuohctuoac
1862,capable,27,1,9,608,1509,130,89,elbapac
1863,capability,27,1,10,623,1620,128,168,ytilibapac
1864,capacious,27,1,11,744,1739,145,123,suoicapac
1865,capacitate,27,1,12,588,1852,181,133,etaticapac
1866,capacity,27,1,13,663,1980,132,88,yticapac
1867,incapable,27,1,14,647,2111,171,81,elbapacni
1868,incapacitate,27,1,15,632,2217,215,123,etaticapacni
1869,incapacity,27,1,16,646,2340,173,88,yticapacni
1870,capillary,27,1,17,581,2474,259,92,yrallipac
1871,capillarity,27,1,18,599,2596,251,88,ytirallipac
1872,capital,27,1,19,623,2716,96,88,latipac
1873,capitalism,27,1,20,626,2837,198,85,msilatipac
1874,capitalist,27,1,21,686,2952,140,90,tsilatipac
1875,capitalization,27,1,22,711,3084,136,95,noitazilatipac
1876,capitalize,27,1,23,704,3199,122,87,ezilatipac
1877,capitally,27,1,24,674,3315,115,84,yllatipac
1878,capitulate,27,1,25,642,3429,124,89,etalutipac
1879,recapitulate,27,2,1,1492,524,219,94,etalutipacer
1880,caprice,27,2,2,1466,655,121,108,ecirpac
1881,capricious,27,2,3,1459,780,136,116,suoicirpac
1882,capsize,27,2,4,1449,902,140,166,ezispac
1883,capstan,27,2,5,1515,1015,170,128,natspac
1884,capsule,27,2,6,1401,1147,173,121,eluspac
1885,captain,27,2,7,1443,1267,175,83,niatpac
1886,caption,27,2,8,1421,1382,122,109,noitpac
1887,captious,27,2,9,1404,1508,134,140,suoitpac
1888,capture,27,2,10,1458,1638,166,89,erutpac
1889,captivate,27,2,11,1438,1748,204,126,etavitpac
1890,captivity,27,2,12,1531,1868,225,118,ytivitpac
1891,captor,27,2,13,1389,1991,142,87,rotpac
1892,carat,27,2,14,1351,2103,221,48,tarac
1893,caravan,27,2,15,1386,2222,166,138,navarac
1894,carbide,27,2,16,1459,2358,135,127,edibrac
1895,carbine,27,2,17,1364,2480,123,134,enibrac
1896,carbolic,27,2,18,1405,2608,226,102,cilobrac
1897,carbon,27,2,19,1455,2727,129,109,nobrac
1898,bicarbonate,27,2,20,1607,2768,146,209,etanobracib
1899,carbohydrate,27,2,21,1515,2965,245,137,etardyhobrac
1900,carbonic,27,2,22,1588,3083,183,118,cinobrac
1901,carbonization,27,2,23,1536,3199,145,167,noitazinobrac
1902,carbonize,27,2,24,1494,3330,143,125,ezinobrac
1903,carborundum,27,2,25,1596,3451,178,116,mudnurobrac
1904,carburetor,27,3,1,2255,539,173,113,roterubrac
1905,carcass,27,3,2,2234,661,196,55,ssacrac
1906,carcinoma,27,3,3,2209,782,310,65,amonicrac
1907,cardboard,27,3,4,2213,851,258,124,draobdrac
1908,cardiac,27,3,5,2207,955,289,114,caidrac
1909,cardinal,27,3,6,2176,1089,341,100,lanidrac
1910,care,27,3,7,2217,1260,115,47,erac
1911,careful,27,3,8,2229,1377,121,97,luferac
1912,careless,27,3,9,2210,1501,273,42,sselerac
1913,carelessness,27,3,10,2262,1625,288,43,ssensselerac
1914,cares,27,3,11,2274,1737,137,50,serac
1915,careworn,27,3,12,2245,1864,306,46,nrowerac
1916,career,27,3,13,2167,1992,233,33,reerac
1917,caress,27,3,14,2174,2093,195,59,sserac
1918,caribou,27,3,15,2185,2211,191,151,uobirac
1919,caricature,27,3,16,2282,2344,228,52,erutacirac
1920,carmine,27,3,17,2160,2460,374,34,enimrac
1921,carnal,27,3,18,2143,2586,348,35,lanrac
1922,carnage,27,3,19,2214,2719,181,113,eganrac
1923,carnival,27,3,20,2267,2819,210,133,lavinrac
1924,carnivorous,27,3,21,2356,2934,208,146,suorovinrac
1925,incarnate,27,3,22,2284,3058,295,64,etanracni
1926,incarnation,27,3,23,2304,3197,246,37,noitanracni
1927,carol,27,3,24,2160,3310,302,41,lorac
1928,carom,27,3,25,2143,3425,318,44,morac
1929,carouse,28,1,1,572,520,227,64,esuorac
1930,carp,28,1,2,573,652,190,104,prac
1931,carpenter,28,1,3,565,789,298,101,retneprac
1932,carpet,28,1,4,584,916,146,84,teprac
1933,carriage,28,1,5,610,1033,129,129,egairrac
1934,carrion,28,1,6,605,1153,229,46,noirrac
1935,carrot,28,1,7,573,1268,237,43,torrac
1936,carry,28,1,8,599,1386,117,62,yrrac
1937,carrier,28,1,9,616,1496,167,96,reirrac
1938,carries,28,1,10,615,1624,131,66,seirrac
1939,cartage,28,1,11,583,1750,156,122,egatrac
1940,cartilage,28,1,12,565,1876,319,113,egalitrac
1941,carton,28,1,13,537,1979,238,69,notrac
1942,cartoon,28,1,14,569,2101,250,63,nootrac
1943,cartouche,28,1,15,586,2226,169,65,ehcuotrac
1944,cartridge,28,1,16,582,2338,228,125,egdirtrac
1945,carve,28,1,17,622,2490,132,107,evrac
1946,caryatid,28,1,18,578,2524,323,121,ditayrac
1947,cascade,28,1,19,557,2695,242,113,edacsac
1948,cash,28,1,20,591,2842,122,74,hsac
1949,cashable,28,1,21,612,2966,109,164,elbahsac
1950,cashed,28,1,22,693,3086,136,74,dehsac
1951,cashier,28,1,23,622,3198,115,94,reihsac
1952,casino,28,1,24,594,3325,153,80,onisac
1953,casserole,28,1,25,561,3451,325,78,eloressac
1954,castigate,28,2,1,1427,536,284,74,etagitsac
1955,castigated,28,2,2,1466,656,340,74,detagitsac
1956,castigation,28,2,3,1508,785,282,68,noitagitsac
1957,casual,28,2,4,1417,901,297,103,lausac
1958,casually,28,2,5,1423,1029,295,104,yllausac
1959,casualty,28,2,6,1448,1150,303,121,ytlausac
1960,casuist,28,2,7,1447,1274,137,119,tsiusac
1961,cataclysm,28,2,8,1390,1387,417,75,msylcatac
1962,catafalque,28,2,9,1441,1505,312,102,euqlafatac
1963,catalepsy,28,2,10,1409,1631,272,116,yspelatac
1964,catalogue,28,2,11,1422,1736,292,79,eugolatac
1965,catalysis,28,2,12,1417,1862,287,74,sisylatac
1966,catamount,28,2,13,1430,1951,321,103,tnuomatac
1967,catapult,28,2,14,1415,2120,294,95,tlupatac
1968,cataract,28,2,15,1411,2234,274,76,tcaratac
1969,catarrh,28,2,16,1446,2318,169,98,hrratac
1970,catarrhal,28,2,17,1457,2425,330,104,lahrratac
1971,catastrophe,28,2,18,1511,2546,168,110,ehportsatac
1972,catastrophic,28,2,19,1558,2664,230,105,cihportsatac
1973,catechism,28,2,20,1435,2793,366,104,msihcetac
1974,catechize,28,2,21,1465,2918,268,102,ezihcetac
1975,category,28,2,22,1468,3029,305,106,yrogetac
1976,categorical,28,2,23,1505,3155,316,97,lacirogetac
1977,catenary,28,2,24,1446,3276,272,99,yranetac
1978,caterpillar,28,2,25,1417,3429,358,94,rallipretac
1979,cathedral,28,3,1,2273,449,243,136,lardehtac
1980,catholic,28,3,2,2301,650,133,60,cilohtac
1981,Catholicism,28,3,3,2371,766,143,68,msicilohtaC
1982,catholicity,28,3,4,2380,908,144,57,yticilohtac
1983,non-Catholic,28,3,5,2369,1025,271,52,cilohtaC-non
1984,caucus,28,3,6,2281,1152,189,57,sucuac
1985,cauliflower,28,3,7,2261,1280,420,95,rewolfiluac
1986,cause,28,3,8,2393,1409,91,40,esuac
1987,causal,28,3,9,2327,1525,249,63,lasuac
1988,causation,28,3,10,2355,1643,102,66,noitasuac
1989,causative,28,3,11,2297,1747,222,88,evitasuac
1990,causes,28,3,12,2339,1885,91,52,sesuac
1991,caustic,28,3,13,2303,2004,134,70,citsuac
1992,cauterize,28,3,14,2305,2087,258,73,eziretuac
1993,cauterization,28,3,15,2402,2218,271,80,noitaziretuac
1994,caution,28,3,16,2337,2358,109,62,noituac
1995,cautionary,28,3,17,2346,2477,193,71,yranoituac
1996,cautioned,28,3,18,2345,2574,196,86,denoituac
1997,cautious,28,3,19,2337,2713,116,88,suoituac
1998,precaution,28,3,20,2379,2805,178,114,noituacerp
1999,cavalry,28,3,21,2279,2958,230,137,yrlavac
2000,cavalcade,28,3,22,2387,3091,294,147,edaclavac
2001,cavalier,28,3,23,2201,3194,214,144,reilavac
2002,cavern,28,3,24,2468,3306,123,152,nrevac
2003,caviar,28,3,25,2173,3427,165,132,raivac
2004,cavil,29,1,1,414,507,218,140,livac
2005,cavity,29,1,2,606,623,119,137,ytivac
2006,cease,29,1,3,473,724,58,58,esaec
2007,ceased,29,1,4,515,848,67,60,desaec
2008,ceaseless,29,1,5,544,974,191,72,sselesaec
2009,ceases,29,1,6,572,1092,53,68,sesaec
2010,cessation,29,1,7,553,1201,77,85,noitassec
2011,incessant,29,1,8,584,1344,152,92,tnassecni
2012,unceasing,29,1,9,580,1503,63,62,gnisaecnu
2013,cedar,29,1,10,594,1534,155,120,radec
2014,cede,29,1,11,518,1675,162,100,edec
2015,accede,29,1,12,478,1837,229,97,edecca
2016,ceded,29,1,13,528,1882,222,132,dedec
2017,exceed,29,1,14,505,2040,162,98,deecxe
2018,intercede,29,1,15,555,2159,176,103,edecretni
2019,precede,29,1,16,529,2291,109,109,edecerp
2020,proceed,29,1,17,507,2415,100,105,deecorp
2021,recede,29,1,18,500,2544,192,95,edecer
2022,secede,29,1,19,518,2635,169,104,edeces
2023,succeed,29,1,20,519,2738,209,104,deeccus
2024,cedilla,29,1,21,453,2845,276,131,allidec
2025,celebrate,29,1,22,551,3038,187,130,etarbelec
2026,celebrant,29,1,23,577,3158,209,130,tnarbelec
2027,celebration,29,1,24,582,3285,176,153,noitarbelec
2028,celebrity,29,1,25,570,3413,211,134,ytirbelec
2029,celerity,29,2,1,1347,500,263,68,ytirelec
2030,accelerate,29,2,2,1356,650,316,54,etarelecca
2031,deceleration,29,2,3,1433,715,338,68,noitareleced
2032,celery,29,2,4,1304,874,252,51,yrelec
2033,celestial,29,2,5,1281,997,341,130,laitselec
2034,cellar,29,2,6,1266,1119,264,55,rallec
2035,cello,29,2,7,1317,1194,182,84,ollec
2036,cellular,29,2,8,1291,1356,379,55,ralullec
2037,celluloid,29,2,9,1304,1470,310,54,diolullec
2038,cement,29,2,10,1296,1571,271,64,tnemec
2039,cemetery,29,2,11,1316,1702,282,64,yretemec
2040,cenotaph,29,2,12,1358,1796,185,122,hpatonec
2041,censer,29,2,13,1358,1958,176,54,resnec
2042,censor,29,2,14,1346,2075,188,56,rosnec
2043,censorious,29,2,15,1427,2201,182,92,suoirosnec
2044,censorship,29,2,16,1445,2324,177,90,pihsrosnec
2045,uncensored,29,2,17,1465,2463,218,77,derosnecnu
2046,censure,29,2,18,1430,2564,111,66,erusnec
2047,censurable,29,2,19,1462,2685,111,172,elbarusnec
2048,censured,29,2,20,1524,2819,124,78,derusnec
2049,censures,29,2,21,1442,2941,118,79,serusnec
2050,census,29,2,22,1428,3051,109,62,susnec
2051,centenary,29,2,23,1397,3119,241,95,yranetnec
2052,centenarian,29,2,24,1409,3230,326,104,nairanetnec
2053,centennial,29,2,25,1402,3357,334,94,lainnetnec
2054,center,29,3,1,2119,454,136,97,retnec
2055,centigrade,29,3,2,2129,573,410,94,edargitnec
2056,centipede,29,3,3,2173,708,237,115,edepitnec
2057,central,29,3,4,2183,840,203,70,lartnec
2058,centralization,29,3,5,2340,952,206,113,noitazilartnec
2059,centralize,29,3,6,2315,1075,187,99,ezilartnec
2060,decentralize,29,3,7,2274,1175,263,106,ezilartneced
2061,centrifugal,29,3,8,2227,1296,93,111,lagufirtnec
2062,centripetal,29,3,9,2280,1401,81,112,latepirtnec
2063,century,29,3,10,2205,1555,249,69,yrutnec
2064,ceramic,29,3,11,2151,1702,308,47,cimarec
2065,cerebellum,29,3,12,2205,1817,239,143,mulleberec
2066,cerebral,29,3,13,2153,1943,219,134,larberec
2067,cerement,29,3,14,2179,2069,316,54,tnemerec
2068,ceremony,29,3,15,2202,2194,220,36,ynomerec
2069,ceremonial,29,3,16,2239,2311,348,52,lainomerec
2070,ceremonious,29,3,17,2299,2435,229,58,suoinomerec
2071,unceremonious,29,3,18,2352,2570,275,63,suoinomerecnu
2072,certain,29,3,19,2187,2674,146,69,niatrec
2073,ascertained,29,3,20,2252,2707,249,161,deniatrecsa
2074,certainly,29,3,21,2271,2888,136,86,ylniatrec
2075,certainty,29,3,22,2257,2979,201,121,ytniatrec
2076,uncertain,29,3,23,2244,3184,180,72,niatrecnu
2077,certify,29,3,24,2246,3254,153,90,yfitrec
2078,certificate,29,3,25,2239,3365,166,100,etacifitrec
2079,certification,30,1,1,800,519,83,95,noitacifitrec
2080,certiorari,30,1,2,694,613,194,84,iraroitrec
2081,certitude,30,1,3,709,740,125,71,edutitrec
2082,cessation,30,1,4,689,854,90,90,noitassec
2083,incessant,30,1,5,700,1019,159,69,tnassecni
2084,cession,30,1,6,671,1118,57,64,noissec
2085,chagrin,30,1,7,582,1250,312,65,nirgahc
2086,chair,30,1,8,669,1326,68,101,riahc
2087,armchair,30,1,9,679,1503,195,118,riahcmra
2088,chairman,30,1,10,673,1597,233,85,namriahc
2089,chalcedony,30,1,11,651,1748,347,78,ynodeclahc
2090,chalk,30,1,12,654,1833,106,78,klahc
2091,challenge,30,1,13,707,1937,199,172,egnellahc
2092,challenger,30,1,14,703,2064,226,172,regnellahc
2093,unchallenged,30,1,15,784,2251,216,169,degnellahcnu
2094,chamber,30,1,16,595,2314,201,146,rebmahc
2095,chamberlain,30,1,17,730,2439,394,154,nialrebmahc
2096,chameleon,30,1,18,667,2596,391,56,noelemahc
2097,chamois,30,1,19,651,2692,185,66,siomahc
2098,champagne,30,1,20,688,2813,189,124,engapmahc
2099,champion,30,1,21,602,2920,208,120,noipmahc
2100,championship,30,1,22,773,3038,188,128,pihsnoipmahc
2101,chancel,30,1,23,613,3150,258,92,lecnahc
2102,chancel,30,1,24,608,3269,340,94,lecnahc
2103,chancery,30,1,25,588,3387,207,90,yrecnahc
2104,chandelier,30,2,1,1482,466,396,107,reilednahc
2105,change,30,2,2,1560,602,52,80,egnahc
2106,changeable,30,2,3,1520,726,121,183,elbaegnahc
2107,changeless,30,2,4,1570,860,172,90,sselegnahc
2108,exchange,30,2,5,1582,970,66,101,egnahcxe
2109,interchangeable,30,2,6,1626,1069,135,210,elbaegnahcretni
2110,unchanged,30,2,7,1697,1275,57,97,degnahcnu
2111,channel,30,2,8,1466,1346,251,91,lennahc
2112,chant,30,2,9,1433,1451,193,98,tnahc
2113,chaos,30,2,10,1456,1620,156,75,soahc
2114,chaotic,30,2,11,1480,1752,146,86,citoahc
2115,chapel,30,2,12,1416,1824,170,150,lepahc
2116,chaperon,30,2,13,1487,1977,144,111,norepahc
2117,chaplain,30,2,14,1387,2067,225,143,nialpahc
2118,chapter,30,2,15,1509,2190,99,130,retpahc
2119,character,30,2,16,1512,2358,163,51,retcarahc
2120,characteristic,30,2,17,1614,2472,200,71,citsiretcarahc
2121,characterization,30,2,18,1674,2587,176,98,noitaziretcarahc
2122,characterize,30,2,19,1606,2710,183,67,eziretcarahc
2123,characterizes,30,2,20,1605,2838,186,75,seziretcarahc
2124,charcoal,30,2,21,1442,2902,282,98,laocrahc
2125,charge,30,2,22,1485,3042,108,162,egrahc
2126,chargeable,30,2,23,1445,3146,163,220,elbaegrahc
2127,charged,30,2,24,1493,3277,135,165,degrahc
2128,charger,30,2,25,1516,3385,117,182,regrahc
2129,discharge,30,3,1,2378,473,142,175,egrahcsid
2130,chariot,30,3,2,2333,601,167,98,toirahc
2131,charioteer,30,3,3,2343,724,163,93,reetoirahc
2132,charity,30,3,4,2331,857,90,113,ytirahc
2133,charitable,30,3,5,2388,971,94,152,elbatirahc
2134,uncharitable,30,3,6,2608,1157,92,176,elbatirahcnu
2135,charlatan,30,3,7,2209,1235,352,86,natalrahc
2136,charter,30,3,8,2333,1347,107,96,retrahc
2137,chartered,30,3,9,2350,1421,205,132,deretrahc
2138,chassis,30,3,10,2272,1595,78,91,sissahc
2139,chasten,30,3,11,2272,1706,89,102,netsahc
2140,chastise,30,3,12,2258,1815,114,122,esitsahc
2141,chattel,30,3,13,2213,1956,294,89,lettahc
2142,chauffeur,30,3,14,2229,2094,103,132,rueffuahc
2143,cheap,30,3,15,2334,2187,88,133,paehc
2144,cheapen,30,3,16,2348,2297,92,136,nepaehc
2145,cheapened,30,3,17,2345,2416,130,162,denepaehc
2146,cheaper,30,3,18,2351,2565,101,137,repaehc
2147,cheapest,30,3,19,2375,2664,104,165,tsepaehc
2148,cheapness,30,3,20,2370,2794,93,150,ssenpaehc
2149,check,30,3,21,2213,2916,109,89,kcehc
2150,cheer,30,3,22,2265,3030,63,90,reehc
2151,cheered,30,3,23,2278,3147,125,94,dereehc
2152,cheerful,30,3,24,2346,3266,99,137,lufreehc
2153,cheerfulness,30,3,25,2375,3388,109,171,ssenlufreehc
2154,cheerless,31,1,1,555,465,189,96,sselreehc
2155,cheery,31,1,2,541,590,77,93,yreehc
2156,chemical,31,1,3,514,781,247,50,lacimehc
2157,chemist,31,1,4,538,897,246,37,tsimehc
2158,chemistry,31,1,5,551,1031,280,50,yrtsimehc
2159,chemistry,31,1,6,533,1096,84,102,yrtsimehc
2160,cherish,31,1,7,487,1203,95,86,hsirehc
2161,cherub,31,1,8,490,1330,100,208,burehc
2162,chest,31,1,9,558,1472,88,97,tsehc
2163,chestnut,31,1,10,553,1584,131,105,tuntsehc
2164,chevron,31,1,11,466,1736,135,144,norvehc
2165,chicken,31,1,12,564,1839,156,85,nekcihc
2166,chide,31,1,13,479,1952,166,93,edihc
2167,chieftain,31,1,14,473,2073,129,138,niatfeihc
2168,chiffon,31,1,15,488,2227,101,104,noffihc
2169,child,31,1,16,563,2299,197,96,dlihc
2170,childhood,31,1,17,558,2420,284,97,doohdlihc
2171,childish,31,1,18,524,2558,187,84,hsidlihc
2172,childlike,31,1,19,520,2658,355,99,ekildlihc
2173,children,31,1,20,568,2793,170,85,nerdlihc
2174,grandchild,31,1,21,608,2886,254,116,dlihcdnarg
2175,chimera,31,1,22,544,3079,299,46,aremihc
2176,chimeric,31,1,23,545,3201,302,42,ciremihc
2177,chimerical,31,1,24,573,3324,312,56,laciremihc
2178,chimney,31,1,25,526,3405,217,79,yenmihc
2179,chintz,31,2,1,1352,476,145,82,ztnihc
2180,chipmunk,31,2,2,1363,595,216,165,knumpihc
2181,chisel,31,2,3,1349,748,173,101,lesihc
2182,chiseled,31,2,4,1349,869,210,109,delesihc
2183,chivalry,31,2,5,1333,1012,211,120,yrlavihc
2184,chivalric,31,2,6,1364,1136,275,129,cirlavihc
2185,chivalrous,31,2,7,1361,1269,217,138,suorlavihc
2186,chlorine,31,2,8,1311,1399,327,32,enirolhc
2187,bichloride,31,2,9,1411,1461,277,98,edirolhcib
2188,chlorate,31,2,10,1387,1623,294,48,etarolhc
2189,chloride,31,2,11,1389,1735,294,50,edirolhc
2190,chlorinate,31,2,12,1386,1870,332,59,etanirolhc
2191,chloroform,31,2,13,1385,2000,342,68,mroforolhc
2192,chocolate,31,2,14,1364,2079,287,85,etalocohc
2193,choice,31,2,15,1390,2186,67,111,eciohc
2194,choices,31,2,16,1385,2302,82,128,seciohc
2195,choir,31,2,17,1318,2473,168,59,riohc
2196,cholera,31,2,18,1253,2588,321,51,arelohc
2197,choose,31,2,19,1300,2680,81,105,esoohc
2198,chose,31,2,20,1330,2790,69,113,esohc
2199,chosen,31,2,21,1334,2907,69,110,nesohc
2200,chord,31,2,22,1302,3018,201,95,drohc
2201,chorus,31,2,23,1284,3212,196,55,surohc
2202,Christ,31,2,24,1312,3317,197,106,tsirhC
2203,christen,31,2,25,1336,3457,199,45,netsirhc
2204,Christendom,31,3,1,2284,485,321,97,modnetsirhC
2205,Christian,31,3,2,2285,651,182,105,naitsirhC
2206,Christianity,31,3,3,2284,772,224,97,ytinaitsirhC
2207,Christmas,31,3,4,2285,896,173,81,samtsirhC
2208,chromatic,31,3,5,2207,1024,265,67,citamorhc
2209,achromatic,31,3,6,2235,1135,290,62,citamorhca
2210,panchromatic,31,3,7,2244,1246,357,93,citamorhcnap
2211,chromium,31,3,8,2160,1387,348,31,muimorhc
2212,chromate,31,3,9,2217,1481,301,69,etamorhc
2213,chromic,31,3,10,2218,1621,325,32,cimorhc
2214,chronic,31,3,11,2204,1745,259,33,cinorhc
2215,chronicle,31,3,12,2224,1875,229,45,elcinorhc
2216,chronicler,31,3,13,2245,1991,297,49,relcinorhc
2217,chronograph,31,3,14,2267,2116,213,47,hpargonorhc
2218,chronology,31,3,15,2281,2235,189,48,ygolonorhc
2219,chronometer,31,3,16,2229,2322,378,64,retemonorhc
2220,chrysanthemum,31,3,17,2215,2489,391,52,mumehtnasyrhc
2221,chunk,31,3,18,2182,2545,106,108,knuhc
2222,church,31,3,19,2143,2663,83,134,hcruhc
2223,churl,31,3,20,2169,2789,243,93,lruhc
2224,churn,31,3,21,2158,2916,65,84,nruhc
2225,cicatrix,31,3,22,2091,3040,253,72,xirtacic
2226,cigar,31,3,23,2065,3184,245,60,ragic
2227,cigarette,31,3,24,2152,3312,299,56,etteragic
2228,cincture,31,3,25,2155,3434,238,44,erutcnic
2229,cinder,32,1,1,669,474,215,88,rednic
2230,incinerate,32,1,2,724,673,211,51,etarenicni
2231,cinematograph,32,1,3,753,776,323,59,hpargotamenic
2232,cinnamon,32,1,4,706,914,317,50,nomannic
2233,cinquefoil,32,1,5,682,1031,295,138,liofeuqnic
2234,cipher,32,1,6,628,1091,86,115,rehpic
2235,circle,32,1,7,595,1258,267,62,elcric
2236,circled,32,1,8,606,1376,297,64,delcric
2237,circlet,32,1,9,644,1507,269,53,telcric
2238,encircle,32,1,10,643,1659,257,64,elcricne
2239,circuit,32,1,11,675,1739,66,63,tiucric
2240,circuitous,32,1,12,707,1838,91,91,suotiucric
2241,circular,32,1,13,662,1972,203,71,ralucric
2242,circularization,32,1,14,830,2084,192,128,noitaziralucric
2243,circularize,32,1,15,738,2206,204,104,eziralucric
2244,circulate,32,1,16,710,2333,187,77,etalucric
2245,circulated,32,1,17,720,2451,202,87,detalucric
2246,circulation,32,1,18,742,2580,198,89,noitalucric
2247,circulatory,32,1,19,733,2695,260,106,yrotalucric
2248,circumference,32,1,20,753,2812,66,86,ecnerefmucric
2249,circumflex,32,1,21,747,2927,211,96,xelfmucric
2250,circumlocution,32,1,22,776,3059,231,101,noitucolmucric
2251,circumnavigate,32,1,23,902,3181,223,170,etagivanmucric
2252,circumscribe,32,1,24,702,3302,168,66,ebircsmucric
2253,circumspect,32,1,25,816,3408,70,86,tcepsmucric
2254,circumspection,32,2,1,1726,451,65,150,noitcepsmucric
2255,circumstance,32,2,2,1657,614,131,89,ecnatsmucric
2256,circumstances,32,2,3,1671,732,124,86,secnatsmucric
2257,circumstantial,32,2,4,1698,867,134,81,laitnatsmucric
2258,circumstantially,32,2,5,1719,986,138,89,yllaitnatsmucric
2259,circumvent,32,2,6,1587,1080,123,119,tnevmucric
2260,circus,32,2,7,1599,1242,48,67,sucric
2261,cistern,32,2,8,1556,1365,136,70,nretsic
2262,citadel,32,2,9,1444,1455,321,116,ledatic
2263,cite,32,2,10,1502,1614,118,70,etic
2264,citation,32,2,11,1501,1728,118,74,noitatic
2265,incite,32,2,12,1498,1895,113,77,eticni
2266,recite,32,2,13,1500,2018,167,78,eticer
2267,citizen,32,2,14,1499,2118,100,58,nezitic
2268,citizenry,32,2,15,1497,2222,195,69,yrnezitic
2269,citizens,32,2,16,1551,2345,101,62,snezitic
2270,citizenship,32,2,17,1555,2461,106,74,pihsnezitic
2271,citric,32,2,18,1481,2584,203,67,cirtic
2272,citron,32,2,19,1460,2709,204,64,nortic
2273,civic,32,2,20,1478,2762,113,129,civic
2274,civil,32,2,21,1497,2892,105,132,livic
2275,civilian,32,2,22,1502,2996,122,174,nailivic
2276,civility,32,2,23,1554,3130,203,146,ytilivic
2277,civilization,32,2,24,1669,3227,170,223,noitazilivic
2278,civilize,32,2,25,1482,3355,141,167,ezilivic
2279,uncivilized,32,3,1,2407,555,129,133,dezilivicnu
2280,claim,32,3,2,2284,680,340,50,mialc
2281,acclaim,32,3,3,2272,793,379,57,mialcca
2282,claimant,32,3,4,2291,898,438,58,tnamialc
2283,claimed,32,3,5,2325,978,338,104,demialc
2284,counterclaim,32,3,6,2383,1125,353,76,mialcretnuoc
2285,disclaim,32,3,7,2283,1236,427,77,mialcsid
2286,reclaim,32,3,8,2315,1357,184,78,mialcer
2287,unclaimed,32,3,9,2345,1450,363,113,demialcnu
2288,clairvoyance,32,3,10,2361,1630,289,141,ecnayovrialc
2289,clamor,32,3,11,2205,1766,345,46,romalc
2290,clamorous,32,3,12,2317,1872,437,62,suoromalc
2291,clandestine,32,3,13,2295,1968,423,83,enitsednalc
2292,clangor,32,3,14,2300,2118,321,47,rognalc
2293,clarify,32,3,15,2335,2237,312,76,yfiralc
2294,clarification,32,3,16,2388,2366,272,95,noitacifiralc
2295,clarinet,32,3,17,2277,2483,365,49,teniralc
2296,clarion,32,3,18,2270,2599,319,55,noiralc
2297,classic,32,3,19,2311,2724,277,56,cissalc
2298,classical,32,3,20,2304,2850,280,77,lacissalc
2299,classicist,32,3,21,2318,2964,269,116,tsicissalc
2300,classify,32,3,22,2316,3082,268,102,yfissalc
2301,classification,32,3,23,2407,3207,257,113,noitacifissalc
2302,unclassified,32,3,24,2385,3336,271,107,deifissalcnu
2303,clavicle,32,3,25,2289,3436,257,138,elcivalc
2304,clavier,33,1,1,524,537,268,123,reivalc
2305,clean,33,1,2,518,687,268,35,naelc
2306,cleaned,33,1,3,526,750,318,100,denaelc
2307,cleaner,33,1,4,552,920,302,41,renaelc
2308,cleanest,33,1,5,575,1049,320,39,tsenaelc
2309,cleanliness,33,1,6,622,1169,353,43,ssenilnaelc
2310,cleanness,33,1,7,631,1291,362,43,ssennaelc
2311,unclean,33,1,8,591,1416,299,38,naelcnu
2312,clear,33,1,9,577,1526,251,41,raelc
2313,clearage,33,1,10,584,1652,243,132,egaraelc
2314,clearance,33,1,11,626,1779,248,57,ecnaraelc
2315,cleared,33,1,12,602,1900,257,49,deraelc
2316,clearer,33,1,13,577,2009,296,56,reraelc
2317,clearest,33,1,14,602,2136,262,55,tseraelc
2318,clearly,33,1,15,600,2254,227,39,ylraelc
2319,clearness,33,1,16,580,2369,292,42,ssenraelc
2320,clears,33,1,17,582,2487,240,47,sraelc
2321,cleave,33,1,18,575,2600,244,124,evaelc
2322,cleavage,33,1,19,572,2729,222,183,egavaelc
2323,cleaver,33,1,20,681,2844,249,132,revaelc
2324,clement,33,1,21,524,2956,443,54,tnemelc
2325,clemency,33,1,22,595,3095,372,44,ycnemelc
2326,inclement,33,1,23,634,3161,235,75,tnemelcni
2327,clergy,33,1,24,611,3324,268,127,ygrelc
2328,clergyman,33,1,25,611,3446,335,131,namygrelc
2329,clerk,33,2,1,1317,564,302,33,krelc
2330,clerical,33,2,2,1346,685,313,57,lacirelc
2331,clever,33,2,3,1365,796,247,125,revelc
2332,cleverer,33,2,4,1363,919,282,133,rerevelc
2333,cleverest,33,2,5,1397,1046,255,129,tserevelc
2334,client,33,2,6,1384,1117,315,104,tneilc
2335,clientage,33,2,7,1395,1252,326,106,egatneilc
2336,clientele,33,2,8,1344,1364,444,87,eletneilc
2337,climactic,33,2,9,1326,1515,428,57,citcamilc
2338,climate,33,2,10,1337,1631,370,66,etamilc
2339,acclimate,33,2,11,1389,1733,402,86,etamilcca
2340,climatic,33,2,12,1395,1878,341,67,citamilc
2341,climax,33,2,13,1376,1992,377,116,xamilc
2342,anticlimax,33,2,14,1453,2101,367,73,xamilcitna
2343,clinic,33,2,15,1387,2246,352,46,cinilc
2344,clinical,33,2,16,1401,2365,304,45,lacinilc
2345,clinician,33,2,17,1410,2495,296,48,naicinilc
2346,clockwise,33,2,18,1397,2616,323,63,esiwkcolc
2347,cloister,33,2,19,1359,2721,292,55,retsiolc
2348,close,33,2,20,1354,2851,256,47,esolc
2349,closed,33,2,21,1336,2946,344,79,desolc
2350,closer,33,2,22,1348,3099,324,64,resolc
2351,closest,33,2,23,1351,3211,235,70,tsesolc
2352,disclose,33,2,24,1355,3276,340,75,esolcsid
2353,closet,33,2,25,1340,3440,289,74,tesolc
2354,closure,33,3,1,2180,557,231,68,erusolc
2355,cloud,33,3,2,2169,667,272,58,duolc
2356,cloudless,33,3,3,2218,798,412,51,sselduolc
2357,clouds,33,3,4,2202,927,267,56,sduolc
2358,cloudy,33,3,5,2202,1049,279,68,yduolc
2359,unclouded,33,3,6,2243,1165,356,55,deduolcnu
2360,clover,33,3,7,2154,1293,234,120,revolc
2361,clown,33,3,8,2144,1405,286,41,nwolc
2362,club,33,3,9,2143,1535,236,126,bulc
2363,clumsy,33,3,10,2120,1656,370,41,ysmulc
2364,clumsier,33,3,11,2199,1771,410,47,reismulc
2365,clumsiest,33,3,12,2222,1884,424,60,tseismulc
2366,clumsily,33,3,13,2245,2009,359,62,ylismulc
2367,clumsiness,33,3,14,2255,2123,402,49,ssenismulc
2368,cluster,33,3,15,2192,2242,264,69,retsulc
2369,clutch,33,3,16,2195,2367,232,76,hctulc
2370,clutter,33,3,17,2173,2456,258,66,rettulc
2371,coach,33,3,18,2210,2597,108,80,hcaoc
2372,coadjutor,33,3,19,2222,2672,171,168,rotujdaoc
2373,coagulate,33,3,20,2268,2843,256,57,etalugaoc
2374,coal,33,3,21,2167,2960,264,33,laoc
2375,coalesce,33,3,22,2208,3081,262,52,ecselaoc
2376,coalescence,33,3,23,2301,3203,288,63,ecnecselaoc
2377,coalescent,33,3,24,2290,3284,345,89,tnecselaoc
2378,coalition,33,3,25,2267,3432,255,56,noitilaoc
2379,coarse,34,1,1,619,542,161,35,esraoc
2380,coarsen,34,1,2,617,663,214,38,nesraoc
2381,coarseness,34,1,3,638,784,249,58,ssenesraoc
2382,coarser,34,1,4,622,911,237,52,resraoc
2383,coarsest,34,1,5,628,1037,174,62,tsesraoc
2384,coast,34,1,6,600,1154,129,56,tsaoc
2385,coastal,34,1,7,585,1278,292,61,latsaoc
2386,coastwise,34,1,8,617,1393,202,66,esiwtsaoc
2387,co-author,34,1,9,597,1487,273,59,rohtua-oc
2388,cobalt,34,1,10,529,1638,181,130,tlaboc
2389,cobble,34,1,11,606,1768,105,131,elbboc
2390,cobweb,34,1,12,623,1880,135,186,bewboc
2391,cocaine,34,1,13,756,2013,222,55,eniacoc
2392,cochineal,34,1,14,562,2110,274,103,laenihcoc
2393,cocked,34,1,15,550,2188,301,111,dekcoc
2394,cocktail,34,1,16,531,2311,352,79,liatkcoc
2395,cocoa,34,1,17,559,2480,167,32,aococ
2396,coconut,34,1,18,579,2589,262,44,tunococ
2397,cocoon,34,1,19,558,2718,220,29,noococ
2398,codefendant,34,1,20,612,2771,252,94,tnadnefedoc
2399,codfish,34,1,21,599,2879,240,116,hsifdoc
2400,codicil,34,1,22,522,3016,360,90,licidoc
2401,codify,34,1,23,573,3137,228,99,yfidoc
2402,codification,34,1,24,681,3252,235,107,noitacifidoc
2403,coeducation,34,1,25,633,3364,267,96,noitacudeoc
2404,coefficient,34,2,1,1484,509,144,141,tneiciffeoc
2405,coerce,34,2,2,1448,643,212,50,ecreoc
2406,coercion,34,2,3,1455,775,176,45,noicreoc
2407,coercive,34,2,4,1451,886,214,141,evicreoc
2408,coeval,34,2,5,1437,1030,132,115,laveoc
2409,coexecutor,34,2,6,1462,1140,210,96,rotucexeoc
2410,coffee,34,2,7,1418,1265,111,104,eeffoc
2411,coffer,34,2,8,1383,1391,140,105,reffoc
2412,coffin,34,2,9,1357,1519,116,95,niffoc
2413,cog,34,2,10,1310,1645,271,34,goc
2414,cogent,34,2,11,1379,1756,183,120,tnegoc
2415,cogency,34,2,12,1458,1874,107,157,ycnegoc
2416,cogitate,34,2,13,1522,1998,116,126,etatigoc
2417,cogitation,34,2,14,1521,2122,107,125,noitatigoc
2418,cogitative,34,2,15,1582,2240,112,201,evitatigoc
2419,cognac,34,2,16,1304,2359,220,49,cangoc
2420,cognate,34,2,17,1414,2457,210,72,etangoc
2421,cognizant,34,2,18,1439,2585,265,68,tnazingoc
2422,cognizance,34,2,19,1510,2712,212,66,ecnazingoc
2423,cognomen,34,2,20,1402,2839,342,28,nemongoc
2424,cohere,34,2,21,1439,2913,205,70,erehoc
2425,coherence,34,2,22,1454,3041,244,65,ecnerehoc
2426,coherent,34,2,23,1453,3132,279,89,tnerehoc
2427,coherer,34,2,24,1454,3281,256,60,rerehoc
2428,cohesion,34,2,25,1470,3381,140,103,noisehoc
2429,cohesive,34,3,1,2339,488,144,179,evisehoc
2430,incoherent,34,3,2,2310,590,341,109,tnerehocni
2431,cohort,34,3,3,2321,753,191,67,trohoc
2432,coiffure,34,3,4,2292,904,154,111,eruffioc
2433,coinage,34,3,5,2278,1032,160,130,eganioc
2434,coincide,34,3,6,2362,1148,170,83,edicnioc
2435,coincidence,34,3,7,2339,1272,269,75,ecnedicnioc
2436,coincident,34,3,8,2346,1391,238,74,tnedicnioc
2437,coincidental,34,3,9,2323,1515,359,73,latnedicnioc
2438,colander,34,3,10,2217,1602,425,81,rednaloc
2439,coliseum,34,3,11,2210,1760,340,51,muesiloc
2440,collaborate,34,3,12,2300,1868,277,133,etaroballoc
2441,collaboration,34,3,13,2375,1996,232,142,noitaroballoc
2442,collaborate,34,3,14,2349,2118,336,144,etaroballoc
2443,collapse,34,3,15,2241,2235,281,113,espalloc
2444,collapsible,34,3,16,2298,2357,248,198,elbispalloc
2445,collar,34,3,17,2075,2480,281,31,ralloc
2446,collate,34,3,18,2221,2582,237,50,etalloc
2447,collation,34,3,19,2254,2702,245,70,noitalloc
2448,collateral,34,3,20,2194,2827,275,53,laretalloc
2449,colleague,34,3,21,2186,2957,345,39,eugaelloc
2450,collect,34,3,22,2202,3077,240,33,tcelloc
2451,collectible,34,3,23,2272,3198,222,132,elbitcelloc
2452,collection,34,3,24,2284,3328,225,40,noitcelloc
2453,collective,34,3,25,2282,3433,250,145,evitcelloc
2454,collectorship,35,1,1,724,516,291,56,pihsrotcelloc
2455,uncollectible,35,1,2,722,641,305,130,elbitcellocnu
2456,college,35,1,3,640,753,233,115,egelloc
2457,collegiate,35,1,4,654,878,229,142,etaigelloc
2458,collide,35,1,5,617,1006,245,49,edilloc
2459,collision,35,1,6,607,1128,254,59,noisilloc
2460,collodion,35,1,7,589,1230,341,63,noidolloc
2461,colloid,35,1,8,579,1380,275,43,diolloc
2462,colloquy,35,1,9,602,1495,296,34,yuqolloc
2463,colloquial,35,1,10,657,1615,298,27,laiuqolloc
2464,colloquialism,35,1,11,699,1749,350,52,msilaiuqolloc
2465,collusion,35,1,12,627,1858,210,36,noisulloc
2466,cologne,35,1,13,608,1985,276,32,engoloc
2467,colonel,35,1,14,589,2107,356,29,lenoloc
2468,colonnade,35,1,15,585,2174,379,106,edannoloc
2469,colony,35,1,16,586,2348,285,29,ynoloc
2470,colonial,35,1,17,612,2464,293,32,lainoloc
2471,colonist,35,1,18,635,2588,290,42,tsinoloc
2472,colonization,35,1,19,693,2704,300,78,noitazinoloc
2473,colonize,35,1,20,645,2809,321,59,ezinoloc
2474,colophon,35,1,21,627,2944,240,56,nohpoloc
2475,color,35,1,22,600,3062,241,34,roloc
2476,colorless,35,1,23,614,3188,347,35,sselroloc
2477,discolor,35,1,24,586,3258,346,73,rolocsid
2478,colossal,35,1,25,583,3426,233,46,lassoloc
2479,colossus,35,2,1,1456,527,257,65,sussoloc
2480,colporteur,35,2,2,1438,646,278,87,ruetroploc
2481,column,35,2,3,1392,762,365,35,nmuloc
2482,columnar,35,2,4,1428,884,406,48,ranmuloc
2483,coma,35,2,5,1442,1008,235,46,amoc
2484,comatose,35,2,6,1462,1101,267,73,esotamoc
2485,combat,35,2,7,1467,1256,124,139,tabmoc
2486,combatant,35,2,8,1507,1378,122,136,tnatabmoc
2487,combative,35,2,9,1568,1499,162,132,evitabmoc
2488,noncombatant,35,2,10,1593,1627,208,143,tnatabmocnon
2489,combine,35,2,11,1498,1744,102,122,enibmoc
2490,combination,35,2,12,1586,1867,95,127,noitanibmoc
2491,combined,35,2,13,1521,1990,87,128,denibmoc
2492,combines,35,2,14,1633,2106,89,145,senibmoc
2493,combustion,35,2,15,1737,2220,104,191,noitsubmoc
2494,combustibility,35,2,16,1609,2345,100,184,ytilibitsubmoc
2495,comic,35,2,17,1356,2466,198,27,cimoc
2496,comedy,35,2,18,1418,2534,322,84,ydemoc
2497,comedian,35,2,19,1474,2623,288,108,naidemoc
2498,comet,35,2,20,1437,2808,242,50,temoc
2499,comfort,35,2,21,1562,2939,94,88,trofmoc
2500,comfortable,35,2,22,1565,3064,89,170,elbatrofmoc
2501,comforter,35,2,23,1660,3180,101,85,retrofmoc
2502,discomfort,35,2,24,1649,3244,174,97,trofmocsid
2503,uncomfortable,35,2,25,1608,3419,137,175,elbatrofmocnu
2504,comic,35,3,1,2296,524,267,35,cimoc
2505,comical,35,3,2,2310,648,253,48,lacimoc
2506,comity,35,3,3,2285,743,261,60,ytimoc
2507,comma,35,3,4,2299,899,225,41,ammoc
2508,command,35,3,5,2297,1010,280,48,dnammoc
2509,commandant,35,3,6,2307,1113,376,80,tnadnammoc
2510,commandeer,35,3,7,2336,1263,360,53,reednammoc
2511,commander,35,3,8,2297,1376,397,56,rednammoc
2512,commandment,35,3,9,2312,1519,349,40,tnemdnammoc
2513,commemorate,35,3,10,2282,1623,350,47,etaromemmoc
2514,commemoration,35,3,11,2361,1741,333,72,noitaromemmoc
2515,commemorative,35,3,12,2412,1841,376,167,evitaromemmoc
2516,commence,35,3,13,2339,1982,281,30,ecnemmoc
2517,commenced,35,3,14,2364,2100,292,34,decnemmoc
2518,commencement,35,3,15,2309,2250,333,29,tnemecnemmoc
2519,commend,35,3,16,2289,2285,356,88,dnemmoc
2520,commendable,35,3,17,2363,2404,335,130,elbadnemmoc
2521,commendation,35,3,18,2321,2535,369,102,noitadnemmoc
2522,commendatory,35,3,19,2184,2630,545,147,yrotadnemmoc
2523,commended,35,3,20,2292,2725,409,118,dednemmoc
2524,commensurate,35,3,21,2349,2934,292,44,etarusnemmoc
2525,commensurable,35,3,22,2416,3064,224,128,elbarusnemmoc
2526,comment,35,3,23,2254,3158,297,57,tnemmoc
2527,commentary,35,3,24,2341,3250,358,75,yratnemmoc
2528,commentator,35,3,25,2348,3377,344,73,rotatnemmoc
2529,commented,36,1,1,727,474,360,112,detnemmoc
2530,commerce,36,1,2,753,679,262,28,ecremmoc
2531,commercial,36,1,3,784,792,247,45,laicremmoc
2532,commercialism,36,1,4,829,914,289,69,msilaicremmoc
2533,commercialization,36,1,5,933,1040,217,119,noitazilaicremmoc
2534,commercialize,36,1,6,856,1158,213,85,ezilaicremmoc
2535,commiserate,36,1,7,755,1292,274,46,etaresimmoc
2536,commiseration,36,1,8,837,1411,291,75,noitaresimmoc
2537,commission,36,1,9,805,1538,221,41,noissimmoc
2538,commissioned,36,1,10,827,1610,311,84,denoissimmoc
2539,commissioner,36,1,11,812,1778,219,44,renoissimmoc
2540,commissioners,36,1,12,833,1895,237,72,srenoissimmoc
2541,commit,36,1,13,741,2004,261,45,timmoc
2542,commitment,36,1,14,755,2119,322,58,tnemtimmoc
2543,committee,36,1,15,783,2235,165,57,eettimmoc
2544,commodious,36,1,16,708,2324,330,81,suoidommoc
2545,commodity,36,1,17,698,2407,392,124,ytidommoc
2546,commodore,36,1,18,706,2556,407,93,erodommoc
2547,common,36,1,19,663,2744,285,23,nommoc
2548,commoner,36,1,20,729,2860,289,28,renommoc
2549,commonly,36,1,21,731,2991,276,22,ylnommoc
2550,commonwealth,36,1,22,765,3107,405,46,htlaewnommoc
2551,commotion,36,1,23,738,3226,235,48,noitommoc
2552,commune,36,1,24,723,3335,244,25,enummoc
2553,communal,36,1,25,738,3459,401,32,lanummoc
2554,communion,36,2,1,1578,553,325,25,noinummoc
2555,communism,36,2,2,1559,682,326,36,msinummoc
2556,community,36,2,3,1577,763,300,79,ytinummoc
2557,communicate,36,2,4,1616,927,215,24,etacinummoc
2558,communicable,36,2,5,1639,1046,247,130,elbacinummoc
2559,communicant,36,2,6,1641,1158,275,69,tnacinummoc
2560,communication,36,2,7,1689,1297,217,22,noitacinummoc
2561,communicative,36,2,8,1649,1406,262,112,evitacinummoc
2562,excommunicate,36,2,9,1681,1507,258,51,etacinummocxe
2563,uncommunicative,36,2,10,1726,1644,260,136,evitacinummocnu
2564,commute,36,2,11,1579,1768,225,40,etummoc
2565,commutation,36,2,12,1612,1873,269,56,noitatummoc
2566,commuter,36,2,13,1584,1985,243,71,retummoc
2567,compact,36,2,14,1589,2142,115,99,tcapmoc
2568,compactness,36,2,15,1642,2256,192,110,ssentcapmoc
2569,companion,36,2,16,1633,2378,134,94,noinapmoc
2570,companionable,36,2,17,1675,2501,131,175,elbanoinapmoc
2571,companionship,36,2,18,1752,2614,174,121,pihsnoinapmoc
2572,company,36,2,19,1670,2735,91,92,ynapmoc
2573,accompany,36,2,20,1665,2854,112,99,ynapmocca
2574,compare,36,2,21,1657,2978,118,80,erapmoc
2575,comparable,36,2,22,1647,3094,104,185,elbarapmoc
2576,comparative,36,2,23,1732,3222,162,162,evitarapmoc
2577,compared,36,2,24,1622,3336,153,104,derapmoc
2578,comparison,36,2,25,1652,3456,149,94,nosirapmoc
2579,incomparable,36,3,1,2554,547,166,184,elbarapmocni
2580,compartment,36,3,2,2430,683,177,79,tnemtrapmoc
2581,apartment,36,3,3,2454,757,179,82,tnemtrapa
2582,department,36,3,4,2408,867,254,86,tnemtraped
2583,compass,36,3,5,2437,1044,92,110,ssapmoc
2584,compassion,36,3,6,2478,1170,86,102,noissapmoc
2585,compassionate,36,3,7,2507,1290,125,145,etanoissapmoc
2586,compatibility,36,3,8,2390,1410,106,194,ytilibitapmoc
2587,compatible,36,3,9,2439,1531,112,170,elbitapmoc
2588,incompatible,36,3,10,2579,1644,141,177,elbitapmocni
2589,compatriot,36,3,11,2352,1778,194,83,toirtapmoc
2590,compel,36,3,12,2366,1899,191,84,lepmoc
2591,compelled,36,3,13,2375,2022,233,82,dellepmoc
2592,compulsion,36,3,14,2410,2139,176,96,noislupmoc
2593,compulsory,36,3,15,2405,2253,269,121,yroslupmoc
2594,compendium,36,3,16,2426,2380,249,93,muidnepmoc
2595,compendious,36,3,17,2456,2497,181,99,suoidnepmoc
2596,compensate,36,3,18,2473,2615,112,118,etasnepmoc
2597,compensation,36,3,19,2498,2743,124,125,noitasnepmoc
2598,compensatory,36,3,20,2456,2850,202,135,yrotasnepmoc
2599,compete,36,3,21,2397,2974,87,96,etepmoc
2600,competed,36,3,22,2459,3093,104,101,detepmoc
2601,competes,36,3,23,2455,3216,91,103,setepmoc
2602,competition,36,3,24,2469,3333,104,86,noititepmoc
2603,competitive,36,3,25,2442,3461,205,91,evititepmoc
2604,competitor,37,1,1,665,527,134,82,rotitepmoc
2605,competent,37,1,2,645,653,159,79,tnetepmoc
2606,competence,37,1,3,647,772,129,80,ecnetepmoc
2607,competently,37,1,4,656,902,151,91,yltnetepmoc
2608,incompetent,37,1,5,644,1019,199,78,tnetepmocni
2609,compile,37,1,6,602,1138,210,97,elipmoc
2610,compilation,37,1,7,610,1272,219,95,noitalipmoc
2611,compiled,37,1,8,608,1393,227,93,delipmoc
2612,complacent,37,1,9,588,1508,313,103,tnecalpmoc
2613,complacence,37,1,10,633,1624,246,106,ecnecalpmoc
2614,complacency,37,1,11,635,1751,261,129,ycnecalpmoc
2615,complain,37,1,12,639,1876,103,87,nialpmoc
2616,complainant,37,1,13,652,1996,156,88,tnanialpmoc
2617,complaint,37,1,14,648,2112,101,85,tnialpmoc
2618,complaisant,37,1,15,598,2239,273,101,tnasialpmoc
2619,complement,37,1,16,601,2363,292,85,tnemelpmoc
2620,complete,37,1,17,635,2489,104,83,etelpmoc
2621,completion,37,1,18,640,2601,102,101,noitelpmoc
2622,incomplete,37,1,19,612,2719,147,80,etelpmocni
2623,uncompleted,37,1,20,636,2829,143,93,detelpmocnu
2624,complex,37,1,21,582,2961,230,80,xelpmoc
2625,complexity,37,1,22,592,3076,274,95,ytixelpmoc
2626,complexion,37,1,23,597,3194,215,128,noixelpmoc
2627,complicate,37,1,24,594,3317,224,87,etacilpmoc
2628,complicated,37,1,25,619,3443,267,98,detacilpmoc
2629,complication,37,2,1,1482,540,246,91,noitacilpmoc
2630,complicity,37,2,2,1451,662,201,103,yticilpmoc
2631,accomplice,37,2,3,1425,771,248,96,ecilpmocca
2632,compliment,37,2,4,1392,900,270,81,tnemilpmoc
2633,complimentary,37,2,5,1517,1027,356,75,yratnemilpmoc
2634,uncomplimentary,37,2,6,1573,1141,406,82,yratnemilpmocnu
2635,complin,37,2,7,1393,1264,260,86,nilpmoc
2636,comply,37,2,8,1406,1395,229,78,ylpmoc
2637,compliance,37,2,9,1432,1504,263,78,ecnailpmoc
2638,compliant,37,2,10,1420,1632,290,80,tnailpmoc
2639,component,37,2,11,1429,1758,120,81,tnenopmoc
2640,comport,37,2,12,1416,1871,129,89,tropmoc
2641,compose,37,2,13,1438,1991,109,80,esopmoc
2642,composedly,37,2,14,1445,2114,146,89,yldesopmoc
2643,composer,37,2,15,1439,2234,175,90,resopmoc
2644,composes,37,2,16,1430,2352,103,100,sesopmoc
2645,composite,37,2,17,1449,2482,106,96,etisopmoc
2646,composition,37,2,18,1453,2601,96,98,noitisopmoc
2647,compositor,37,2,19,1438,2710,156,113,rotisopmoc
2648,composure,37,2,20,1441,2841,103,109,erusopmoc
2649,compound,37,2,21,1443,2968,95,82,dnuopmoc
2650,comprehend,37,2,22,1453,3072,203,89,dneherpmoc
2651,comprehended,37,2,23,1483,3146,322,138,dedneherpmoc
2652,comprehensible,37,2,24,1526,3322,138,191,elbisneherpmoc
2653,comprehension,37,2,25,1664,3437,149,93,noisneherpmoc
2654,comprehensive,37,3,1,2476,538,145,159,evisneherpmoc
2655,incomprehensible,37,3,2,2400,655,195,195,elbisneherpmocni
2656,compress,37,3,3,2338,780,128,96,sserpmoc
2657,compressible,37,3,4,2329,901,133,183,elbisserpmoc
2658,compression,37,3,5,2442,1031,117,106,noisserpmoc
2659,compressor,37,3,6,2294,1134,185,115,rosserpmoc
2660,comprise,37,3,7,2292,1271,136,111,esirpmoc
2661,comprised,37,3,8,2284,1392,204,105,desirpmoc
2662,compromise,37,3,9,2278,1509,256,89,esimorpmoc
2663,compromised,37,3,10,2275,1633,347,89,desimorpmoc
2664,comptroller,37,3,11,2201,1726,266,66,rellortpmoc
2665,compulsion,37,3,12,2266,1880,187,87,noislupmoc
2666,compulsory,37,3,13,2256,1995,283,103,yroslupmoc
2667,compunction,37,3,14,2259,2120,173,102,noitcnupmoc
2668,compute,37,3,15,2276,2245,104,80,etupmoc
2669,computation,37,3,16,2278,2358,106,108,noitatupmoc
2670,computes,37,3,17,2281,2475,98,106,setupmoc
2671,comrade,37,3,18,2152,2564,352,80,edarmoc
2672,comradeship,37,3,19,2244,2674,356,79,pihsedarmoc
2673,concatenate,37,3,20,2234,2766,298,119,etanetacnoc
2674,concatenation,37,3,21,2310,2906,258,99,noitanetacnoc
2675,concave,37,3,22,2255,3072,169,134,evacnoc
2676,concavity,37,3,23,2220,3198,175,135,ytivacnoc
2677,conceal,37,3,24,2182,3321,221,57,laecnoc
2678,concealed,37,3,25,2195,3421,252,74,delaecnoc
2679,concealment,38,1,1,726,536,336,55,tnemlaecnoc
2680,concede,38,1,2,697,641,192,90,edecnoc
2681,conceded,38,1,3,697,722,256,130,dedecnoc
2682,concession,38,1,4,729,901,97,87,noissecnoc
2683,conceit,38,1,5,706,1023,127,71,tiecnoc
2684,conceited,38,1,6,691,1090,243,126,detiecnoc
2685,conceive,38,1,7,723,1268,81,63,eviecnoc
2686,conceivable,38,1,8,733,1332,125,184,elbaviecnoc
2687,concentrate,38,1,9,850,1455,121,81,etartnecnoc
2688,concentrated,38,1,10,784,1549,254,104,detartnecnoc
2689,concentration,38,1,11,797,1694,111,87,noitartnecnoc
2690,concentric,38,1,12,720,1818,160,82,cirtnecnoc
2691,concept,38,1,13,741,1987,104,89,tpecnoc
2692,conception,38,1,14,749,2108,98,124,noitpecnoc
2693,concern,38,1,15,704,2249,133,40,nrecnoc
2694,concerned,38,1,16,710,2356,166,63,denrecnoc
2695,unconcerned,38,1,17,739,2481,189,72,denrecnocnu
2696,concert,38,1,18,692,2604,130,48,trecnoc
2697,concerted,38,1,19,707,2680,247,90,detrecnoc
2698,disconcerted,38,1,20,699,2765,326,100,detrecnocsid
2699,preconcerted,38,1,21,723,2889,332,116,detrecnocerp
2700,concession,38,1,22,715,3081,98,84,noissecnoc
2701,conch,38,1,23,640,3192,224,44,hcnoc
2702,conciliate,38,1,24,655,3311,305,61,etailicnoc
2703,conciliation,38,1,25,689,3445,264,72,noitailicnoc
2704,conciliatory,38,2,1,1541,518,321,72,yrotailicnoc
2705,irreconcilable,38,2,2,1577,645,274,151,elbalicnocerri
2706,reconcile,38,2,3,1486,771,238,65,elicnocer
2707,reconciliation,38,2,4,1570,896,296,83,noitailicnocer
2708,concise,38,2,5,1571,1026,100,85,esicnoc
2709,conciseness,38,2,6,1565,1148,128,99,ssenesicnoc
2710,conclave,38,2,7,1435,1243,321,129,evalcnoc
2711,conclude,38,2,8,1510,1394,147,23,edulcnoc
2712,conclusion,38,2,9,1516,1514,148,49,noisulcnoc
2713,conclusive,38,2,10,1531,1627,162,131,evisulcnoc
2714,inconclusive,38,2,11,1595,1744,199,130,evisulcnocni
2715,concoct,38,2,12,1407,1863,237,30,tcocnoc
2716,concocted,38,2,13,1484,1970,270,51,detcocnoc
2717,concoction,38,2,14,1515,2120,245,48,noitcocnoc
2718,concomitant,38,2,15,1492,2196,368,70,tnatimocnoc
2719,concord,38,2,16,1487,2300,286,94,drocnoc
2720,concordance,38,2,17,1552,2425,285,85,ecnadrocnoc
2721,discord,38,2,18,1482,2493,324,125,drocsid
2722,concourse,38,2,19,1479,2714,215,30,esruocnoc
2723,concrete,38,2,20,1469,2817,254,48,etercnoc
2724,concur,38,2,21,1456,2971,224,23,rucnoc
2725,concurrence,38,2,22,1528,3063,313,41,ecnerrucnoc
2726,concurrent,38,2,23,1513,3140,318,83,tnerrucnoc
2727,condemn,38,2,24,1468,3264,242,80,nmednoc
2728,condemnation,38,2,25,1593,3375,257,87,noitanmednoc
2729,condemnatory,38,3,1,2380,454,354,109,yrotanmednoc
2730,condemned,38,3,2,2330,549,309,135,denmednoc
2731,condense,38,3,3,2341,736,166,67,esnednoc
2732,condensation,38,3,4,2384,848,201,78,noitasnednoc
2733,condensed,38,3,5,2358,968,232,81,desnednoc
2734,condenser,38,3,6,2323,1100,252,74,resnednoc
2735,condenses,38,3,7,2342,1217,178,73,sesnednoc
2736,condescend,38,3,8,2343,1317,214,96,dnecsednoc
2737,condescended,38,3,9,2385,1446,254,88,dednecsednoc
2738,condescension,38,3,10,2416,1565,238,93,noisnecsednoc
2739,condign,38,3,11,2322,1667,201,113,ngidnoc
2740,condiment,38,3,12,2275,1788,272,104,tnemidnoc
2741,condition,38,3,13,2279,1922,181,92,noitidnoc
2742,conditional,38,3,14,2315,2053,283,87,lanoitidnoc
2743,conditionally,38,3,15,2369,2167,198,90,yllanoitidnoc
2744,recondition,38,3,16,2354,2278,240,102,noitidnocer
2745,unconditional,38,3,17,2372,2415,340,84,lanoitidnocnu
2746,condolence,38,3,18,2281,2534,348,86,ecnelodnoc
2747,condone,38,3,19,2304,2646,247,89,enodnoc
2748,condonation,38,3,20,2371,2775,252,86,noitanodnoc
2749,conduce,38,3,21,2323,2900,203,85,ecudnoc
2750,conducive,38,3,22,2356,3016,207,143,evicudnoc
2751,conduct,38,3,23,2325,3139,260,92,tcudnoc
2752,conducted,38,3,24,2321,3239,299,108,detcudnoc
2753,conductivity,38,3,25,2354,3357,267,121,ytivitcudnoc
2754,conductor,39,1,1,653,495,289,87,rotcudnoc
2755,misconduct,39,1,2,648,627,342,84,tcudnocsim
2756,conduit,39,1,3,631,713,213,110,tiudnoc
2757,cone,39,1,4,597,924,139,31,enoc
2758,conic,39,1,5,595,1051,203,38,cinoc
2759,conical,39,1,6,595,1177,174,34,lacinoc
2760,confection,39,1,7,685,1287,104,117,noitcefnoc
2761,confectioner,39,1,8,693,1412,103,128,renoitcefnoc
2762,confectionery,39,1,9,664,1519,120,131,yrenoitcefnoc
2763,confederate,39,1,10,652,1640,277,131,etaredefnoc
2764,confederacy,39,1,11,665,1770,276,110,ycaredefnoc
2765,confederation,39,1,12,660,1868,266,131,noitaredefnoc
2766,confer,39,1,13,638,2022,119,81,refnoc
2767,conferee,39,1,14,628,2136,123,83,eerefnoc
2768,conference,39,1,15,626,2258,171,91,ecnerefnoc
2769,conferred,39,1,16,614,2377,156,98,derrefnoc
2770,confess,39,1,17,633,2501,91,95,ssefnoc
2771,confession,39,1,18,641,2622,90,102,noissefnoc
2772,confessional,39,1,19,634,2746,162,120,lanoissefnoc
2773,confessor,39,1,20,620,2868,100,107,rossefnoc
2774,confide,39,1,21,619,2988,83,95,edifnoc
2775,confidant,39,1,22,604,3107,162,90,tnadifnoc
2776,confidence,39,1,23,620,3227,84,82,ecnedifnoc
2777,confident,39,1,24,618,3346,92,84,tnedifnoc
2778,confidential,39,1,25,631,3474,157,84,laitnedifnoc
2779,confidentially,39,2,1,1552,547,173,80,yllaitnedifnoc
2780,confidently,39,2,2,1550,665,94,91,yltnedifnoc
2781,confine,39,2,3,1526,789,106,101,enifnoc
2782,confined,39,2,4,1500,909,164,101,denifnoc
2783,confinement,39,2,5,1480,1035,257,106,tnemenifnoc
2784,unconfined,39,2,6,1487,1152,183,95,denifnocnu
2785,confirm,39,2,7,1443,1288,188,91,mrifnoc
2786,affirm,39,2,8,1434,1363,182,102,mriffa
2787,confirmation,39,2,9,1499,1530,177,94,noitamrifnoc
2788,confirmed,39,2,10,1478,1653,191,91,demrifnoc
2789,unconfirmed,39,2,11,1477,1783,227,82,demrifnocnu
2790,confiscate,39,2,12,1484,1898,96,98,etacsifnoc
2791,confiscated,39,2,13,1486,2015,147,120,detacsifnoc
2792,confiscation,39,2,14,1487,2144,117,115,noitacsifnoc
2793,confiscatory,39,2,15,1477,2249,152,120,yrotacsifnoc
2794,conflagration,39,2,16,1409,2369,319,122,noitargalfnoc
2795,conflict,39,2,17,1447,2501,190,90,tcilfnoc
2796,confliction,39,2,18,1447,2629,188,93,noitcilfnoc
2797,confluence,39,2,19,1414,2753,213,107,ecneulfnoc
2798,conform,39,2,20,1473,2865,146,75,mrofnoc
2799,conformable,39,2,21,1468,2984,182,165,elbamrofnoc
2800,conformation,39,2,22,1616,3120,155,93,noitamrofnoc
2801,conformed,39,2,23,1483,3226,211,105,demrofnoc
2802,conformity,39,2,24,1478,3341,208,94,ytimrofnoc
2803,confound,39,2,25,1465,3473,133,83,dnuofnoc
2804,confounded,39,3,1,2339,528,240,109,dednuofnoc
2805,confront,39,3,2,2339,669,192,93,tnorfnoc
2806,confronted,39,3,3,2297,745,304,135,detnorfnoc
2807,confuse,39,3,4,2338,915,85,98,esufnoc
2808,confused,39,3,5,2332,1040,119,96,desufnoc
2809,confuses,39,3,6,2328,1157,98,104,sesufnoc
2810,confusion,39,3,7,2328,1280,94,122,noisufnoc
2811,confute,39,3,8,2329,1407,129,108,etufnoc
2812,confutation,39,3,9,2317,1525,141,104,noitatufnoc
2813,congeal,39,3,10,2305,1644,170,144,laegnoc
2814,congealed,39,3,11,2233,1770,182,142,delaegnoc
2815,congenial,39,3,12,2346,1889,278,124,lainegnoc
2816,congeniality,39,3,13,2347,2013,236,129,ytilainegnoc
2817,uncongeniality,39,3,14,2337,2147,264,152,ytilainegnocnu
2818,congest,39,3,15,2227,2254,115,151,tsegnoc
2819,congested,39,3,16,2302,2375,120,160,detsegnoc
2820,congestion,39,3,17,2388,2495,101,159,noitsegnoc
2821,congests,39,3,18,2209,2611,139,176,stsegnoc
2822,conglomerate,39,3,19,2226,2772,411,27,etaremolgnoc
2823,conglomeration,39,3,20,2249,2906,385,36,noitaremolgnoc
2824,congratulate,39,3,21,2242,2970,330,45,etalutargnoc
2825,congratulated,39,3,22,2294,3098,344,51,detalutargnoc
2826,congratulation,39,3,23,2321,3209,306,60,noitalutargnoc
2827,congratulatory,39,3,24,2245,3369,384,58,yrotalutargnoc
2828,congregate,39,3,25,2217,3470,390,46,etagergnoc
2829,congregated,40,1,1,693,547,413,56,detagergnoc
2830,congregation,40,1,2,722,671,386,54,noitagergnoc
2831,congregational,40,1,3,658,828,498,58,lanoitagergnoc
2832,gregarious,40,1,4,646,904,402,59,suoiragerg
2833,segregate,40,1,5,637,1032,374,51,etagerges
2834,congress,40,1,6,667,1167,234,39,ssergnoc
2835,congressional,40,1,7,754,1286,355,63,lanoissergnoc
2836,congruous,40,1,8,705,1399,319,65,suourgnoc
2837,incongruous,40,1,9,734,1517,330,68,suourgnocni
2838,conjecture,40,1,10,742,1654,210,124,erutcejnoc
2839,conjectural,40,1,11,727,1789,339,121,larutcejnoc
2840,conjugal,40,1,12,643,1898,274,120,lagujnoc
2841,conjugate,40,1,13,710,2023,168,105,etagujnoc
2842,conjugated,40,1,14,718,2147,204,126,detagujnoc
2843,conjugation,40,1,15,722,2267,171,135,noitagujnoc
2844,conjunction,40,1,16,664,2377,109,138,noitcnujnoc
2845,conjuncture,40,1,17,805,2507,193,119,erutcnujnoc
2846,conjure,40,1,18,689,2626,80,121,erujnoc
2847,conjured,40,1,19,721,2750,80,131,derujnoc
2848,conjurer,40,1,20,798,2858,131,130,rerujnoc
2849,conjures,40,1,21,654,2988,89,141,serujnoc
2850,connect,40,1,22,716,3114,171,36,tcennoc
2851,connected,40,1,23,713,3210,204,47,detcennoc
2852,connection,40,1,24,712,3341,164,67,noitcennoc
2853,connective,40,1,25,712,3450,152,125,evitcennoc
2854,disconnected,40,2,1,1562,498,308,89,detcennocsid
2855,unconnected,40,2,2,1574,671,224,50,detcennocnu
2856,connivance,40,2,3,1572,785,180,147,ecnavinnoc
2857,connoisseur,40,2,4,1542,944,236,44,ruessionnoc
2858,connotation,40,2,5,1540,1039,195,51,noitatonnoc
2859,conquer,40,2,6,1487,1171,197,30,reuqnoc
2860,conqueror,40,2,7,1511,1300,254,32,roreuqnoc
2861,unconquerable,40,2,8,1655,1413,249,130,elbareuqnocnu
2862,unconquered,40,2,9,1585,1544,288,36,dereuqnocnu
2863,conquest,40,2,10,1514,1660,177,48,tseuqnoc
2864,conquests,40,2,11,1538,1774,154,80,stseuqnoc
2865,consanguinity,40,2,12,1570,1904,209,71,ytiniugnasnoc
2866,conscience,40,2,13,1581,2024,116,68,ecneicsnoc
2867,conscientious,40,2,14,1601,2132,116,116,suoitneicsnoc
2868,conscious,40,2,15,1611,2261,99,80,suoicsnoc
2869,consciousness,40,2,16,1600,2372,150,105,ssensuoicsnoc
2870,unconscious,40,2,17,1599,2495,130,80,suoicsnocnu
2871,conscript,40,2,18,1525,2626,191,59,tpircsnoc
2872,conscription,40,2,19,1564,2744,199,69,noitpircsnoc
2873,consecrate,40,2,20,1557,2860,212,73,etarcesnoc
2874,consecrated,40,2,21,1549,2991,260,60,detarcesnoc
2875,consecration,40,2,22,1589,3100,215,76,noitarcesnoc
2876,unconsecrated,40,2,23,1594,3226,287,63,detarcesnocnu
2877,consecutive,40,2,24,1569,3336,137,139,evitucesnoc
2878,consensus,40,2,25,1459,3467,149,80,susnesnoc
2879,consent,40,3,1,2362,552,172,83,tnesnoc
2880,consented,40,3,2,2360,637,290,119,detnesnoc
2881,consequence,40,3,3,2367,810,147,63,ecneuqesnoc
2882,consequent,40,3,4,2403,939,158,63,tneuqesnoc
2883,consequential,40,3,5,2467,1047,148,84,laitneuqesnoc
2884,inconsequential,40,3,6,2460,1168,192,94,laitneuqesnocni
2885,conserve,40,3,7,2348,1298,123,150,evresnoc
2886,conservation,40,3,8,2386,1422,146,173,noitavresnoc
2887,conservatism,40,3,9,2487,1533,210,159,msitavresnoc
2888,conservative,40,3,10,2359,1666,130,155,evitavresnoc
2889,conservatory,40,3,11,2502,1778,163,138,yrotavresnoc
2890,conserved,40,3,12,2329,1897,135,134,devresnoc
2891,consider,40,3,13,2423,2024,96,55,redisnoc
2892,considerable,40,3,14,2416,2137,90,155,elbaredisnoc
2893,considerate,40,3,15,2507,2255,149,80,etaredisnoc
2894,consideration,40,3,16,2463,2388,84,46,noitaredisnoc
2895,considers,40,3,17,2454,2502,89,65,sredisnoc
2896,inconsiderate,40,3,18,2431,2621,185,78,etaredisnocni
2897,unconsidered,40,3,19,2419,2733,153,63,deredisnocnu
2898,consign,40,3,20,2397,2854,133,69,ngisnoc
2899,consigned,40,3,21,2386,2969,162,82,dengisnoc
2900,consignee,40,3,22,2400,3103,141,57,eengisnoc
2901,consignment,40,3,23,2369,3227,260,67,tnemngisnoc
2902,consignor,40,3,24,2371,3341,206,62,rongisnoc
2903,consist,40,3,25,2331,3464,100,59,tsisnoc
2904,consistence,41,1,1,712,511,116,65,ecnetsisnoc
2905,consistency,41,1,2,699,622,117,84,ycnetsisnoc
2906,consistent,41,1,3,683,731,170,78,tnetsisnoc
2907,consists,41,1,4,687,878,88,68,stsisnoc
2908,inconsistent,41,1,5,667,967,236,92,tnetsisnocni
2909,console,41,1,6,632,1126,221,56,elosnoc
2910,consolation,41,1,7,642,1250,217,78,noitalosnoc
2911,consoles,41,1,8,642,1371,214,72,selosnoc
2912,disconsolate,41,1,9,649,1457,320,60,etalosnocsid
2913,inconsolable,41,1,10,672,1616,246,144,elbalosnocni
2914,consolidate,41,1,11,530,1678,336,114,etadilosnoc
2915,consolidated,41,1,12,655,1795,377,116,detadilosnoc
2916,consolidation,41,1,13,673,1969,277,72,noitadilosnoc
2917,consonant,41,1,14,683,2104,121,45,tnanosnoc
2918,consonance,41,1,15,659,2208,215,74,ecnanosnoc
2919,consort,41,1,16,656,2345,131,67,trosnoc
2920,consorted,41,1,17,649,2436,212,94,detrosnoc
2921,conspicuous,41,1,18,722,2576,115,97,suoucipsnoc
2922,conspicuously,41,1,19,726,2700,122,93,ylsuoucipsnoc
2923,inconspicuous,41,1,20,717,2825,140,97,suoucipsnocni
2924,conspire,41,1,21,693,2947,91,100,eripsnoc
2925,conspiracy,41,1,22,696,3060,121,119,ycaripsnoc
2926,conspirator,41,1,23,654,3175,173,103,rotaripsnoc
2927,constable,41,1,24,672,3299,118,143,elbatsnoc
2928,constabulary,41,1,25,767,3422,144,137,yralubatsnoc
2929,constant,41,2,1,1465,514,188,59,tnatsnoc
2930,constancy,41,2,2,1464,624,187,62,ycnatsnoc
2931,constellation,41,2,3,1467,734,257,78,noitalletsnoc
2932,consternation,41,2,4,1492,850,196,80,noitanretsnoc
2933,constitute,41,2,5,1483,998,144,61,etutitsnoc
2934,constituency,41,2,6,1509,1121,204,56,ycneutitsnoc
2935,constituent,41,2,7,1500,1206,223,98,tneutitsnoc
2936,constitution,41,2,8,1536,1367,129,52,noitutitsnoc
2937,constitutional,41,2,9,1546,1491,260,53,lanoitutitsnoc
2938,constitutionality,41,2,10,1577,1606,284,61,ytilanoitutitsnoc
2939,constitutionally,41,2,11,1613,1727,155,73,yllanoitutitsnoc
2940,unconstitutional,41,2,12,1537,1866,286,57,lanoitutitsnocnu
2941,constrain,41,2,13,1467,1926,98,70,niartsnoc
2942,constraint,41,2,14,1483,2028,169,88,tniartsnoc
2943,unconstrained,41,2,15,1532,2163,203,68,deniartsnocnu
2944,constrict,41,2,16,1500,2291,104,73,tcirtsnoc
2945,constrictor,41,2,17,1501,2410,146,70,rotcirtsnoc
2946,construct,41,2,18,1453,2537,91,73,tcurtsnoc
2947,constructed,41,2,19,1465,2658,139,73,detcurtsnoc
2948,constructive,41,2,20,1555,2774,107,158,evitcurtsnoc
2949,misconstruction,41,2,21,1619,2896,188,94,noitcurtsnocsim
2950,construe,41,2,22,1492,3001,128,85,eurtsnoc
2951,construed,41,2,23,1484,3128,170,80,deurtsnoc
2952,consul,41,2,24,1422,3304,204,63,lusnoc
2953,consulate,41,2,25,1412,3421,235,63,etalusnoc
2954,consult,41,3,1,2270,512,91,45,tlusnoc
2955,consultant,41,3,2,2303,626,187,73,tnatlusnoc
2956,consultation,41,3,3,2331,755,94,72,noitatlusnoc
2957,consults,41,3,4,2316,882,91,68,stlusnoc
2958,consume,41,3,5,2274,1005,189,45,emusnoc
2959,consumed,41,3,6,2275,1127,230,64,demusnoc
2960,consumer,41,3,7,2295,1242,208,47,remusnoc
2961,consummate,41,3,8,2327,1367,218,70,etammusnoc
2962,consummation,41,3,9,2375,1496,230,62,noitammusnoc
2963,consumption,41,3,10,2350,1623,176,56,noitpmusnoc
2964,consumptive,41,3,11,2317,1704,292,82,evitpmusnoc
2965,contact,41,3,12,2315,1811,221,64,tcatnoc
2966,contagion,41,3,13,2279,1925,163,141,noigatnoc
2967,contagious,41,3,14,2279,2051,190,157,suoigatnoc
2968,contain,41,3,15,2295,2185,173,61,niatnoc
2969,contained,41,3,16,2270,2236,250,126,deniatnoc
2970,container,41,3,17,2253,2412,227,75,reniatnoc
2971,contaminate,41,3,18,2223,2521,331,90,etanimatnoc
2972,contamination,41,3,19,2331,2648,284,80,noitanimatnoc
2973,uncontaminated,41,3,20,2246,2708,423,181,detanimatnocnu
2974,contemplate,41,3,21,2317,2880,205,93,etalpmetnoc
2975,contemplated,41,3,22,2349,2988,243,97,detalpmetnoc
2976,contemplation,41,3,23,2365,3100,211,100,noitalpmetnoc
2977,contemplative,41,3,24,2360,3228,200,160,evitalpmetnoc
2978,contemporaneous,41,3,25,2366,3347,285,104,suoenaropmetnoc
2979,contemporary,42,1,1,793,518,324,103,yraropmetnoc
2980,contempt,42,1,2,788,618,253,125,tpmetnoc
2981,contemptible,42,1,3,786,751,260,127,elbitpmetnoc
2982,contemptuous,42,1,4,806,870,296,120,suoutpmetnoc
2983,contend,42,1,5,743,1001,280,116,dnetnoc
2984,contended,42,1,6,728,1070,344,169,dednetnoc
2985,contention,42,1,7,748,1279,190,78,noitnetnoc
2986,content,42,1,8,710,1387,215,95,tnetnoc
2987,contented,42,1,9,707,1427,326,180,detnetnoc
2988,contentment,42,1,10,740,1617,310,110,tnemtnetnoc
2989,discontented,42,1,11,734,1691,386,159,detnetnocsid
2990,contest,42,1,12,723,1894,170,79,tsetnoc
2991,contestant,42,1,13,708,1997,240,92,tnatsetnoc
2992,contestation,42,1,14,754,2143,146,75,noitatsetnoc
2993,contested,42,1,15,730,2256,189,86,detsetnoc
2994,contests,42,1,16,739,2379,164,73,stsetnoc
2995,incontestable,42,1,17,769,2500,199,160,elbatsetnocni
2996,context,42,1,18,652,2640,162,60,txetnoc
2997,contiguous,42,1,19,667,2742,287,79,suougitnoc
2998,contiguity,42,1,20,682,2832,385,97,ytiugitnoc
2999,continent,42,1,21,710,2953,212,103,tnenitnoc
3000,continental,42,1,22,685,3079,424,93,latnenitnoc
3001,contingent,42,1,23,678,3208,244,102,tnegnitnoc
3002,contingency,42,1,24,759,3339,182,125,ycnegnitnoc
3003,continue,42,1,25,749,3461,192,68,eunitnoc
3004,continual,42,2,1,1510,548,355,68,launitnoc
3005,continually,42,2,2,1516,644,386,100,yllaunitnoc
3006,continuance,42,2,3,1589,791,235,75,ecnaunitnoc
3007,continuation,42,2,4,1599,912,196,80,noitaunitnoc
3008,continued,42,2,5,1552,1001,285,117,deunitnoc
3009,continuity,42,2,6,1556,1104,282,128,ytiunitnoc
3010,continuous,42,2,7,1578,1293,186,67,suounitnoc
3011,discontinue,42,2,8,1548,1378,283,103,eunitnocsid
3012,contort,42,2,9,1532,1532,193,63,trotnoc
3013,contorted,42,2,10,1513,1574,318,152,detrotnoc
3014,contortion,42,2,11,1531,1789,145,58,noitrotnoc
3015,contour,42,2,12,1457,1912,232,57,ruotnoc
3016,contraband,42,2,13,1653,1958,115,142,dnabartnoc
3017,contract,42,2,14,1530,2136,100,70,tcartnoc
3018,contracted,42,2,15,1548,2262,146,69,detcartnoc
3019,contraction,42,2,16,1578,2377,110,93,noitcartnoc
3020,contractor,42,2,17,1562,2508,168,62,rotcartnoc
3021,contradict,42,2,18,1561,2605,202,84,tcidartnoc
3022,contradiction,42,2,19,1626,2733,219,82,noitcidartnoc
3023,contradictory,42,2,20,1629,2843,281,84,yrotcidartnoc
3024,uncontradicted,42,2,21,1646,2957,278,93,detcidartnocnu
3025,contradistinction,42,2,22,1658,3095,189,84,noitcnitsidartnoc
3026,contraption,42,2,23,1594,3190,91,132,noitpartnoc
3027,contrary,42,2,24,1574,3347,138,64,yrartnoc
3028,contrariness,42,2,25,1587,3459,208,74,ssenirartnoc
3029,contrast,42,3,1,2437,543,85,71,tsartnoc
3030,contrasted,42,3,2,2379,664,85,109,detsartnoc
3031,contravene,42,3,3,2426,735,132,140,enevartnoc
3032,contravention,42,3,4,2490,862,115,142,noitnevartnoc
3033,contribute,42,3,5,2349,987,125,142,etubirtnoc
3034,contribution,42,3,6,2421,1104,96,171,noitubirtnoc
3035,contributor,42,3,7,2435,1235,129,149,rotubirtnoc
3036,contributory,42,3,8,2528,1347,132,173,yrotubirtnoc
3037,contrite,42,3,9,2349,1534,93,62,etirtnoc
3038,contrition,42,3,10,2379,1654,86,72,noitirtnoc
3039,contrived,42,3,11,2406,1721,129,132,devirtnoc
3040,contrivance,42,3,12,2450,1829,133,149,ecnavirtnoc
3041,control,42,3,13,2288,2023,212,61,lortnoc
3042,controlled,42,3,14,2344,2142,227,68,dellortnoc
3043,controller,42,3,15,2347,2252,259,74,rellortnoc
3044,uncontrollable,42,3,16,2459,2354,237,163,elballortnocnu
3045,controvert,42,3,17,2414,2429,112,146,trevortnoc
3046,controversial,42,3,18,2462,2559,133,162,laisrevortnoc
3047,controversy,42,3,19,2568,2684,136,147,ysrevortnoc
3048,incontroverted,42,3,20,2452,2837,231,120,detrevortnocni
3049,incontrovertible,42,3,21,2567,2926,124,218,elbitrevortnocni
3050,contumacy,42,3,22,2305,3085,195,95,ycamutnoc
3051,contumacious,42,3,23,2439,3172,237,121,suoicamutnoc
3052,contumely,42,3,24,2322,3354,259,56,ylemutnoc
3053,contused,42,3,25,2331,3468,183,66,desutnoc
3054,contusion,43,1,1,612,493,163,64,noisutnoc
3055,conundrum,43,1,2,610,648,207,29,murdnunoc
3056,convalescence,43,1,3,607,760,253,133,ecnecselavnoc
3057,convalescent,43,1,4,565,888,314,128,tnecselavnoc
3058,convection,43,1,5,585,1009,100,146,noitcevnoc
3059,convene,43,1,6,640,1139,124,125,enevnoc
3060,convention,43,1,7,662,1259,108,140,noitnevnoc
3061,reconvene,43,1,8,658,1397,148,119,enevnocer
3062,convenience,43,1,9,713,1503,124,126,ecneinevnoc
3063,conveniences,43,1,10,717,1619,129,121,secneinevnoc
3064,convenient,43,1,11,712,1754,113,116,tneinevnoc
3065,inconvenienced,43,1,12,763,1849,134,141,decneinevnocni
3066,inconvenient,43,1,13,726,1986,122,130,tneinevnocni
3067,convent,43,1,14,592,2107,114,122,tnevnoc
3068,conventual,43,1,15,630,2240,241,119,lautnevnoc
3069,convention,43,1,16,659,2349,108,151,noitnevnoc
3070,conventional,43,1,17,727,2478,201,137,lanoitnevnoc
3071,unconventional,43,1,18,653,2592,224,139,lanoitnevnocnu
3072,converge,43,1,19,555,2713,122,191,egrevnoc
3073,convergent,43,1,20,651,2830,136,195,tnegrevnoc
3074,converse,43,1,21,531,2957,105,134,esrevnoc
3075,conversant,43,1,22,609,3065,108,125,tnasrevnoc
3076,conversation,43,1,23,675,3191,114,144,noitasrevnoc
3077,conversational,43,1,24,677,3311,163,145,lanoitasrevnoc
3078,conversed,43,1,25,503,3429,129,136,desrevnoc
3079,converses,43,2,1,1440,520,104,144,sesrevnoc
3080,convert,43,2,2,1476,631,94,135,trevnoc
3081,conversion,43,2,3,1347,760,138,143,noisrevnoc
3082,converted,43,2,4,1500,887,171,134,detrevnoc
3083,convertible,43,2,5,1549,1005,89,211,elbitrevnoc
3084,convex,43,2,6,1329,1132,110,138,xevnoc
3085,convexity,43,2,7,1413,1248,105,142,ytixevnoc
3086,convey,43,2,8,1401,1381,130,137,yevnoc
3087,conveyance,43,2,9,1421,1497,132,129,ecnayevnoc
3088,conveyed,43,2,10,1419,1624,193,154,deyevnoc
3089,conveyer,43,2,11,1426,1746,154,118,reyevnoc
3090,convict,43,2,12,1399,1865,130,131,tcivnoc
3091,conviction,43,2,13,1480,1980,112,150,noitcivnoc
3092,convince,43,2,14,1352,2114,130,126,ecnivnoc
3093,convinced,43,2,15,1458,2235,139,126,decnivnoc
3094,convivial,43,2,16,1361,2357,159,158,laivivnoc
3095,conviviality,43,2,17,1487,2473,228,176,ytilaivivnoc
3096,convoke,43,2,18,1387,2588,98,127,ekovnoc
3097,convocation,43,2,19,1513,2706,109,169,noitacovnoc
3098,convoked,43,2,20,1397,2832,136,121,dekovnoc
3099,convolution,43,2,21,1498,2947,159,141,noitulovnoc
3100,convoy,43,2,22,1339,3061,92,145,yovnoc
3101,conveyed,43,2,23,1421,3185,135,134,deyevnoc
3102,convulse,43,2,24,1412,3318,156,114,esluvnoc
3103,convulsion,43,2,25,1390,3435,151,137,noisluvnoc
3104,convulsive,43,3,1,2265,525,167,200,evisluvnoc
3105,cookery,43,3,2,2045,647,245,28,yrekooc
3106,cooperate,43,3,3,2244,776,111,93,etarepooc
3107,cooperation,43,3,4,2247,901,123,90,noitarepooc
3108,cooperative,43,3,5,2245,1020,136,171,evitarepooc
3109,coordinate,43,3,6,2348,1069,256,108,etanidrooc
3110,coordination,43,3,7,2268,1235,186,70,noitanidrooc
3111,copartnership,43,3,8,2266,1375,162,88,pihsrentrapoc
3112,copious,43,3,9,2203,1497,99,115,suoipoc
3113,copper,43,3,10,2187,1628,133,98,reppoc
3114,copy,43,3,11,2194,1742,83,94,ypoc
3115,copyist,43,3,12,2219,1861,133,99,tsiypoc
3116,copyright,43,3,13,2198,1988,145,92,thgirypoc
3117,cordage,43,3,14,2205,2061,201,138,egadroc
3118,cordial,43,3,15,2187,2233,90,123,laidroc
3119,cordiality,43,3,16,2205,2352,223,117,ytilaidroc
3120,corduroy,43,3,17,2282,2404,295,110,yorudroc
3121,cork,43,3,18,2127,2593,210,26,kroc
3122,corn,43,3,19,2147,2715,152,29,nroc
3123,cornstarch,43,3,20,2210,2791,246,117,hcratsnroc
3124,corner,43,3,21,2153,2955,169,30,renroc
3125,cornet,43,3,22,2120,3050,177,52,tenroc
3126,cornice,43,3,23,2130,3190,187,43,ecinroc
3127,corona,43,3,24,2105,3309,243,45,anoroc
3128,coroner,43,3,25,2141,3418,209,45,renoroc
3129,coronet,44,1,1,666,528,204,52,tenoroc
3130,coronation,44,1,2,702,674,181,45,noitanoroc
3131,corporal,44,1,3,648,800,315,74,laroproc
3132,corporate,44,1,4,711,919,204,78,etaroproc
3133,corporately,44,1,5,750,1043,179,92,yletaroproc
3134,corporation,44,1,6,751,1176,153,69,noitaroproc
3135,incorporate,44,1,7,739,1290,214,74,etaroprocni
3136,corporeal,44,1,8,628,1407,316,89,laeroproc
3137,corps,44,1,9,655,1538,179,30,sproc
3138,corpse,44,1,10,664,1658,161,96,esproc
3139,corpulence,44,1,11,635,1775,316,88,ecneluproc
3140,corpuscle,44,1,12,683,1892,252,113,elcsuproc
3141,correct,44,1,13,684,2032,151,18,tcerroc
3142,corrected,44,1,14,688,2143,170,41,detcerroc
3143,correction,44,1,15,707,2262,151,35,noitcerroc
3144,corrective,44,1,16,659,2374,174,153,evitcerroc
3145,correctly,44,1,17,747,2492,145,29,yltcerroc
3146,correctness,44,1,18,740,2615,219,42,ssentcerroc
3147,corrector,44,1,19,721,2751,194,39,rotcerroc
3148,incorrect,44,1,20,734,2858,177,24,tcerrocni
3149,uncorrected,44,1,21,746,2987,211,36,detcerrocnu
3150,correlate,44,1,22,662,3088,304,77,etalerroc
3151,correlated,44,1,23,683,3211,323,55,detalerroc
3152,correlation,44,1,24,694,3329,310,60,noitalerroc
3153,correlative,44,1,25,699,3458,294,39,evitalerroc
3154,correspond,44,2,1,1606,550,161,41,dnopserroc
3155,correspondence,44,2,2,1656,669,161,46,ecnednopserroc
3156,correspondent,44,2,3,1636,771,234,77,tnednopserroc
3157,corresponds,44,2,4,1619,911,146,64,sdnopserroc
3158,corridor,44,2,5,1507,990,375,83,rodirroc
3159,corroborate,44,2,6,1629,1171,161,121,etaroborroc
3160,corroboration,44,2,7,1664,1303,143,131,noitaroborroc
3161,corroborative,44,2,8,1774,1410,142,189,evitaroborroc
3162,uncorroborated,44,2,9,1646,1532,173,140,detaroborrocnu
3163,corrode,44,2,10,1429,1592,260,82,edorroc
3164,corrosion,44,2,11,1510,1780,153,51,noisorroc
3165,corrosive,44,2,12,1530,1897,147,131,evisorroc
3166,corrugate,44,2,13,1448,2022,326,34,etagurroc
3167,corrugation,44,2,14,1533,2142,313,62,noitagurroc
3168,corrupt,44,2,15,1506,2259,184,85,tpurroc
3169,corruption,44,2,16,1531,2374,168,112,noitpurroc
3170,corruptly,44,2,17,1531,2496,158,90,yltpurroc
3171,incorruptible,44,2,18,1600,2616,193,188,elbitpurrocni
3172,corset,44,2,19,1425,2744,211,72,tesroc
3173,cortex,44,2,20,1450,2836,167,60,xetroc
3174,corundum,44,2,21,1480,2918,248,90,mudnuroc
3175,carborundum,44,2,22,1607,3106,197,106,mudnurobrac
3176,coruscate,44,2,23,1489,3218,233,63,etacsuroc
3177,coruscation,44,2,24,1544,3340,210,81,noitacsuroc
3178,coryza,44,2,25,1479,3446,204,83,azyroc
3179,cosmetic,44,3,1,2296,550,208,84,citemsoc
3180,cosmic,44,3,2,2296,671,243,70,cimsoc
3181,cosmopolitan,44,3,3,2349,792,341,118,natilopomsoc
3182,cost,44,3,4,2304,922,101,59,tsoc
3183,costliness,44,3,5,2324,1044,165,70,sseniltsoc
3184,costly,44,3,6,2318,1170,105,67,yltsoc
3185,costume,44,3,7,2289,1269,266,76,emutsoc
3186,costumed,44,3,8,2295,1327,316,132,demutsoc
3187,costumer,44,3,9,2319,1492,323,92,remutsoc
3188,cosy,44,3,10,2274,1650,95,65,ysoc
3189,cosily,44,3,11,2297,1777,107,81,ylisoc
3190,cosiness,44,3,12,2310,1896,176,66,ssenisoc
3191,cotemporaneous,44,3,13,2416,1937,308,114,suoenaropmetoc
3192,contemporaneous,44,3,14,2480,2091,279,92,suoenaropmetnoc
3193,coterie,44,3,15,2315,2207,218,74,eiretoc
3194,cottage,44,3,16,2315,2357,155,122,egattoc
3195,cotton,44,3,17,2328,2461,200,65,nottoc
3196,couch,44,3,18,2310,2610,140,95,hcuoc
3197,cougar,44,3,19,2252,2730,283,39,raguoc
3198,could,44,3,20,2249,2792,186,98,dluoc
3199,council,44,3,21,2233,2981,230,56,licnuoc
3200,councilor,44,3,22,2307,3102,308,52,rolicnuoc
3201,count,44,3,23,2260,3177,161,75,tnuoc
3202,counted,44,3,24,2276,3254,253,113,detnuoc
3203,countess,44,3,25,2291,3397,200,82,ssetnuoc
3204,countless,45,1,1,568,495,336,81,sseltnuoc
3205,uncounted,45,1,2,582,595,304,109,detnuocnu
3206,countenance,45,1,3,590,737,243,90,ecnanetnuoc
3207,discountenance,45,1,4,661,829,341,122,ecnanetnuocsid
3208,counter,45,1,5,586,989,125,83,retnuoc
3209,counteract,45,1,6,544,1122,113,106,tcaretnuoc
3210,counterbalance,45,1,7,691,1170,171,155,ecnalabretnuoc
3211,counterclaim,45,1,8,562,1366,364,76,mialcretnuoc
3212,counterfeit,45,1,9,626,1465,105,115,tiefretnuoc
3213,counterfeited,45,1,10,666,1551,233,142,detiefretnuoc
3214,counterirritant,45,1,11,681,1703,181,102,tnatirriretnuoc
3215,countermand,45,1,12,607,1856,199,84,dnamretnuoc
3216,countermanded,45,1,13,687,1979,225,87,dednamretnuoc
3217,countermine,45,1,14,629,2093,212,91,enimretnuoc
3218,countermined,45,1,15,656,2209,232,98,denimretnuoc
3219,counterpart,45,1,16,656,2314,86,93,trapretnuoc
3220,counterpoint,45,1,17,620,2441,83,78,tniopretnuoc
3221,country,45,1,18,608,2603,136,45,yrtnuoc
3222,countryside,45,1,19,602,2714,164,64,edisyrtnuoc
3223,county,45,1,20,566,2839,143,50,ytnuoc
3224,coup,45,1,21,551,2969,116,107,puoc
3225,couple,45,1,22,506,3101,223,101,elpuoc
3226,coupled,45,1,23,495,3217,254,96,delpuoc
3227,coupon,45,1,24,513,3355,94,78,nopuoc
3228,courage,45,1,25,512,3469,128,110,egaruoc
3229,courageous,45,2,1,1456,544,122,136,suoegaruoc
3230,discourage,45,2,2,1500,633,209,123,egaruocsid
3231,encouragement,45,2,3,1477,803,200,110,tnemegaruocne
3232,courier,45,2,4,1339,916,227,36,reiruoc
3233,course,45,2,5,1366,1050,139,31,esruoc
3234,concourse,45,2,6,1377,1175,201,32,esruocnoc
3235,courser,45,2,7,1363,1300,187,43,resruoc
3236,courses,45,2,8,1362,1415,132,55,sesruoc
3237,discourse,45,2,9,1386,1471,250,84,esruocsid
3238,discursive,45,2,10,1356,1603,235,136,evisrucsid
3239,recourse,45,2,11,1352,1776,198,36,esruocer
3240,court,45,2,12,1322,1889,135,39,truoc
3241,courted,45,2,13,1323,1924,263,123,detruoc
3242,courthouse,45,2,14,1396,2109,149,66,esuohtruoc
3243,courtliness,45,2,15,1385,2211,232,78,sseniltruoc
3244,court-martial,45,2,16,1424,2331,304,82,laitram-truoc
3245,courtyard,45,2,17,1414,2406,244,133,draytruoc
3246,courteous,45,2,18,1414,2605,165,51,suoetruoc
3247,courtesy,45,2,19,1407,2725,154,52,ysetruoc
3248,cousin,45,2,20,1389,2854,136,59,nisuoc
3249,covenant,45,2,21,1335,2985,127,118,tnanevoc
3250,cover,45,2,22,1359,3104,126,113,revoc
3251,coverlet,45,2,23,1338,3221,171,135,telrevoc
3252,discover,45,2,24,1518,3274,191,138,revocsid
3253,discovery,45,2,25,1448,3417,190,124,yrevocsid
3254,recover,45,3,1,2161,554,161,128,revocer
3255,uncover,45,3,2,2205,666,135,125,revocnu
3256,covert,45,3,3,2129,791,80,131,trevoc
3257,covetous,45,3,4,2182,916,116,135,suotevoc
3258,coward,45,3,5,2219,974,223,124,drawoc
3259,cowardice,45,3,6,2230,1073,238,142,ecidrawoc
3260,cowboy,45,3,7,2071,1271,119,159,yobwoc
3261,cowl,45,3,8,2171,1387,274,55,lwoc
3262,coxswain,45,3,9,2136,1523,166,98,niawsxoc
3263,cracker,45,3,10,2112,1640,272,56,rekcarc
3264,cranberry,45,3,11,2125,1752,199,140,yrrebnarc
3265,cranium,45,3,12,2044,1882,308,48,muinarc
3266,cranial,45,3,13,2094,1995,345,54,lainarc
3267,craziness,45,3,14,2138,2130,226,78,ssenizarc
3268,create,45,3,15,2137,2239,214,51,etaerc
3269,created,45,3,16,2123,2302,331,105,detaerc
3270,creation,45,3,17,2160,2481,184,72,noitaerc
3271,creative,45,3,18,2151,2584,257,86,evitaerc
3272,creator,45,3,19,2161,2706,215,66,rotaerc
3273,creature,45,3,20,2180,2839,282,53,erutaerc
3274,recreation,45,3,21,2183,2965,264,62,noitaercer
3275,credence,45,3,22,2189,3065,228,75,ecnederc
3276,credential,45,3,23,2200,3181,224,76,laitnederc
3277,credible,45,3,24,2153,3280,266,122,elbiderc
3278,credibility,45,3,25,2190,3408,257,137,ytilibiderc
3279,credulity,46,1,1,633,468,394,72,ytiluderc
3280,credulous,46,1,2,634,582,366,82,suoluderc
3281,incredible,46,1,3,658,701,314,127,elbidercni
3282,incredulity,46,1,4,653,842,418,64,ytiludercni
3283,incredulous,46,1,5,684,965,409,63,suoludercni
3284,credit,46,1,6,669,1123,144,34,tiderc
3285,creditable,46,1,7,663,1234,178,120,elbatiderc
3286,creditor,46,1,8,660,1369,225,52,rotiderc
3287,credits,46,1,9,696,1480,157,57,stiderc
3288,discreditable,46,1,10,721,1553,258,136,elbatidercsid
3289,cremate,46,1,11,598,1702,275,69,etamerc
3290,cremation,46,1,12,649,1840,250,43,noitamerc
3291,crematory,46,1,13,675,1934,324,73,yrotamerc
3292,creole,46,1,14,586,2086,290,50,eloerc
3293,creosote,46,1,15,614,2211,192,60,etosoerc
3294,crescendo,46,1,16,608,2329,252,61,odnecserc
3295,crescent,46,1,17,606,2430,253,72,tnecserc
3296,crestfallen,46,1,18,620,2580,195,96,nellaftserc
3297,cretonne,46,1,19,618,2672,237,62,ennoterc
3298,crevice,46,1,20,605,2801,163,130,eciverc
3299,crew,46,1,21,584,2959,174,22,werc
3300,cribbage,46,1,22,545,3053,164,189,egabbirc
3301,criminal,46,1,23,650,3174,422,39,lanimirc
3302,crimson,46,1,24,554,3301,308,26,nosmirc
3303,crinoline,46,1,25,551,3417,359,34,enilonirc
3304,cripple,46,2,1,1351,496,272,90,elppirc
3305,crisis,46,2,2,1365,623,174,77,sisirc
3306,crises,46,2,3,1391,746,172,94,sesirc
3307,criterion,46,2,4,1360,841,331,66,noiretirc
3308,criteria,46,2,5,1397,951,290,79,airetirc
3309,critic,46,2,6,1404,1132,152,59,citirc
3310,criticism,46,2,7,1409,1229,186,50,msicitirc
3311,criticize,46,2,8,1437,1348,198,49,ezicitirc
3312,criticizes,46,2,9,1465,1463,192,78,sezicitirc
3313,critics,46,2,10,1433,1611,133,82,scitirc
3314,crochet,46,2,11,1411,1734,182,71,tehcorc
3315,crocodile,46,2,12,1373,1765,418,118,elidocorc
3316,crocus,46,2,13,1370,1980,226,44,sucorc
3317,crop,46,2,14,1387,2102,152,75,porc
3318,croquet,46,2,15,1372,2220,250,43,teuqorc
3319,crosier,46,2,16,1378,2340,147,64,reisorc
3320,cross,46,2,17,1372,2458,162,50,ssorc
3321,crossed,46,2,18,1391,2587,194,40,dessorc
3322,crosses,46,2,19,1411,2709,153,62,sessorc
3323,crossroad,46,2,20,1453,2813,317,69,daorssorc
3324,crouch,46,2,21,1424,2935,163,82,hcuorc
3325,crowd,46,2,22,1417,3044,175,59,dworc
3326,crowded,46,2,23,1427,3173,214,54,dedworc
3327,crowds,46,2,24,1427,3282,186,54,sdworc
3328,crown,46,2,25,1411,3414,185,26,nworc
3329,coronet,46,3,1,2272,494,231,50,tenoroc
3330,crowned,46,3,2,2276,577,228,83,denworc
3331,crucial,46,3,3,2247,768,136,29,laicurc
3332,crucible,46,3,4,2242,880,148,155,elbicurc
3333,crucifix,46,3,5,2374,1003,163,119,xificurc
3334,crucifixion,46,3,6,2358,1135,164,157,noixificurc
3335,crucify,46,3,7,2228,1248,150,88,yficurc
3336,crude,46,3,8,2229,1327,248,77,edurc
3337,crudely,46,3,9,2244,1438,267,81,yledurc
3338,crudity,46,3,10,2245,1520,348,113,ytidurc
3339,cruel,46,3,11,2231,1731,296,40,leurc
3340,cruelly,46,3,12,2202,1851,302,38,ylleurc
3341,cruelty,46,3,13,2237,1984,360,55,ytleurc
3342,cruise,46,3,14,2239,2098,163,44,esiurc
3343,cruised,46,3,15,2230,2190,267,77,desiurc
3344,cruiser,46,3,16,2246,2337,216,45,resiurc
3345,cruises,46,3,17,2233,2454,164,71,sesiurc
3346,crumb,46,3,18,2194,2577,248,22,bmurc
3347,crumble,46,3,19,2222,2696,247,127,elbmurc
3348,crumple,46,3,20,2219,2833,348,73,elpmurc
3349,crusade,46,3,21,2241,2923,255,104,edasurc
3350,crusader,46,3,22,2244,3019,243,128,redasurc
3351,crutch,46,3,23,2225,3181,149,61,hcturc
3352,crux,46,3,24,2201,3297,162,53,xurc
3353,crypt,46,3,25,2177,3418,181,72,tpyrc
3354,cryptic,47,1,1,593,532,240,79,citpyrc
3355,cryptogram,47,1,2,603,653,286,83,margotpyrc
3356,crystal,47,1,3,511,781,315,51,latsyrc
3357,crystalline,47,1,4,553,901,344,51,enillatsyrc
3358,crystallization,47,1,5,641,1022,331,76,noitazillatsyrc
3359,crystallize,47,1,6,537,1138,359,66,ezillatsyrc
3360,cube,47,1,7,469,1274,112,139,ebuc
3361,cubed,47,1,8,574,1388,194,147,debuc
3362,cubic,47,1,9,668,1515,111,146,cibuc
3363,cubical,47,1,10,474,1624,143,132,lacibuc
3364,cuckoo,47,1,11,594,1765,180,30,ookcuc
3365,cucumber,47,1,12,480,1879,308,129,rebmucuc
3366,cudgel,47,1,13,461,1998,179,143,legduc
3367,cuisine,47,1,14,627,2125,131,73,enisiuc
3368,culinary,47,1,15,436,2242,359,47,yraniluc
3369,culminate,47,1,16,456,2344,368,68,etanimluc
3370,culminated,47,1,17,549,2412,425,114,detanimluc
3371,culmination,47,1,18,566,2615,356,34,noitanimluc
3372,culpable,47,1,19,531,2726,218,168,elbapluc
3373,culpability,47,1,20,679,2843,240,171,ytilibapluc
3374,culprit,47,1,21,479,2964,289,87,tirpluc
3375,exculpate,47,1,22,531,3066,217,145,etaplucxe
3376,inculpate,47,1,23,494,3207,248,125,etaplucni
3377,cult,47,1,24,446,3329,258,46,tluc
3378,cultivate,47,1,25,481,3438,211,139,etavitluc
3379,cultivated,47,2,1,1366,539,347,140,detavitluc
3380,cultivates,47,2,2,1373,668,213,145,setavitluc
3381,cultivation,47,2,3,1376,794,211,147,noitavitluc
3382,cultivator,47,2,4,1547,904,211,126,rotavitluc
3383,uncultivated,47,2,5,1432,1042,352,123,detavitlucnu
3384,culture,47,2,6,1206,1128,347,59,erutluc
3385,cultural,47,2,7,1272,1231,525,73,larutluc
3386,cultured,47,2,8,1323,1368,402,57,derutluc
3387,uncultured,47,2,9,1348,1494,394,50,derutlucnu
3388,culvert,47,2,10,1188,1628,233,155,trevluc
3389,cumbrous,47,2,11,1350,1754,213,142,suorbmuc
3390,cumbersome,47,2,12,1417,1890,276,112,emosrebmuc
3391,encumber,47,2,13,1397,2009,255,105,rebmucne
3392,encumbrance,47,2,14,1443,2132,308,121,ecnarbmucne
3393,unencumbered,47,2,15,1458,2250,282,117,derebmucnenu
3394,cumulative,47,2,16,1341,2364,231,135,evitalumuc
3395,accumulate,47,2,17,1462,2490,236,54,etalumucca
3396,cuneiform,47,2,18,1336,2590,250,88,mrofienuc
3397,cunning,47,2,19,1344,2732,148,42,gninnuc
3398,cupboard,47,2,20,1265,2831,166,164,draobpuc
3399,cupful,47,2,21,1354,2959,116,156,lufpuc
3400,cupidity,47,2,22,1416,3057,255,121,ytidipuc
3401,cupola,47,2,23,1263,3205,249,99,alopuc
3402,curate,47,2,24,1271,3326,211,52,etaruc
3403,curator,47,2,25,1264,3436,293,64,rotaruc
3404,curb,47,3,1,2069,535,144,133,bruc
3405,curd,47,3,2,2099,624,205,87,druc
3406,cure,47,3,3,2102,782,111,39,eruc
3407,curable,47,3,4,2130,899,113,131,elbaruc
3408,curative,47,3,5,2185,985,224,91,evitaruc
3409,cures,47,3,6,2180,1151,130,53,seruc
3410,incurable,47,3,7,2177,1277,157,134,elbarucni
3411,curfew,47,3,8,2085,1398,135,94,wefruc
3412,curious,47,3,9,2182,1517,127,37,suoiruc
3413,curiosity,47,3,10,2200,1639,120,63,ytisoiruc
3414,curiously,47,3,11,2197,1758,122,50,ylsuoiruc
3415,curl,47,3,12,2088,1885,304,29,lruc
3416,curly,47,3,13,2081,1994,287,34,ylruc
3417,currant,47,3,14,2100,2057,237,89,tnarruc
3418,currency,47,3,15,2092,2231,226,51,ycnerruc
3419,current,47,3,16,2097,2310,231,78,tnerruc
3420,curriculum,47,3,17,2140,2481,224,38,mulucirruc
3421,curricula,47,3,18,2147,2603,235,41,alucirruc
3422,curse,47,3,19,2112,2735,158,34,esruc
3423,cursive,47,3,20,2106,2843,145,127,evisruc
3424,cursory,47,3,21,2120,2968,207,44,yrosruc
3425,curtail,47,3,22,2074,3040,263,78,liatruc
3426,curtain,47,3,23,2085,3182,175,62,niatruc
3427,curve,47,3,24,2120,3327,150,120,evruc
3428,curvature,47,3,25,2184,3460,220,140,erutavruc
3429,curved,48,1,1,678,525,140,115,devruc
3430,cushion,48,1,2,701,647,111,57,noihsuc
3431,cushioned,48,1,3,711,747,199,85,denoihsuc
3432,cuspidor,48,1,4,658,881,233,121,rodipsuc
3433,custard,48,1,5,652,966,247,108,dratsuc
3434,custody,48,1,6,637,1063,272,124,ydotsuc
3435,custodian,48,1,7,668,1178,282,139,naidotsuc
3436,custom,48,1,8,680,1379,114,49,motsuc
3437,accustomed,48,1,9,733,1504,151,68,demotsucca
3438,customary,48,1,10,724,1621,166,64,yramotsuc
3439,customer,48,1,11,741,1736,162,68,remotsuc
3440,customhouse,48,1,12,790,1862,128,91,esuohmotsuc
3441,customs,48,2,1,1557,512,111,81,smotsuc
3442,cutaneous,48,2,2,1526,614,204,73,suoenatuc
3443,cuticle,48,2,3,1539,738,207,58,elcituc
3444,subcutaneous,48,2,4,1621,844,227,84,suoenatucbus
3445,cutlery,48,2,5,1476,983,341,55,yreltuc
3446,cutlet,48,2,6,1451,1101,275,58,teltuc
3447,cycle,48,2,7,1432,1227,282,75,elcyc
3448,cyclone,48,2,8,1426,1355,346,62,enolcyc
3449,cyclopedia,48,2,9,1477,1474,373,98,aidepolcyc
3450,cyclopedic,48,2,10,1529,1601,431,112,cidepolcyc
3451,encyclopedia,48,2,11,1590,1749,351,104,aidepolcycne
3452,cylinder,48,2,12,1444,1802,243,98,rednilyc
3453,cylindrical,48,3,1,2375,462,335,91,lacirdnilyc
3454,cymbal,48,3,2,2299,624,230,130,labmyc
3455,cynic,48,3,3,2319,755,179,39,cinyc
3456,cynically,48,3,4,2348,871,171,47,yllacinyc
3457,cynicism,48,3,5,2339,991,126,56,msicinyc
3458,cynosure,48,3,6,2305,1115,133,66,erusonyc
3459,cyst,48,3,7,2299,1241,70,53,tsyc
3460,cystoid,48,3,8,2298,1337,115,75,diotsyc
3461,czar,48,3,9,2298,1443,107,87,razc
3462,czarina,48,3,10,2284,1563,206,97,anirazc
3463,czarism,48,3,11,2283,1690,225,91,msirazc
3464,Czech,48,3,12,2268,1821,118,103,hcezC
3465,dachshund,49,1,2,605,621,256,114,dnuhshcad
3466,daffodil,49,1,3,606,728,324,129,lidoffad
3467,daguerreotype,49,1,4,657,848,357,127,epytoerreugad
3468,dainty,49,1,5,659,978,195,116,ytniad
3469,daintier,49,1,6,624,1079,256,142,reitniad
3470,daintiest,49,1,7,617,1197,242,142,tseitniad
3471,daintily,49,1,8,617,1328,216,137,ylitniad
3472,dalliance,49,1,9,580,1458,311,127,ecnaillad
3473,damage,49,1,10,644,1594,149,119,egamad
3474,damaged,49,1,11,653,1727,190,132,degamad
3475,indemnify,49,1,12,666,1852,255,109,yfinmedni
3476,undamaged,49,1,13,669,1967,238,129,degamadnu
3477,damask,49,1,14,719,2090,221,105,ksamad
3478,damp,49,1,15,612,2206,212,111,pmad
3479,dampen,49,1,16,603,2313,219,121,nepmad
3480,dampener,49,1,17,605,2438,222,116,renepmad
3481,damper,49,1,18,585,2549,231,122,repmad
3482,dampness,49,1,19,614,2680,233,127,ssenpmad
3483,dance,49,1,20,616,2800,146,112,ecnad
3484,danced,49,1,21,607,2907,183,131,decnad
3485,dancer,49,1,22,585,3042,214,110,recnad
3486,dandelion,49,1,23,556,3126,354,158,noilednad
3487,dandy,49,1,24,591,3258,207,143,ydnad
3488,danger,49,1,25,583,3428,118,133,regnad
3489,dangerous,49,2,1,1514,518,116,140,suoregnad
3490,dangers,49,2,2,1519,642,134,140,sregnad
3491,endangered,49,2,3,1506,769,222,129,deregnadne
3492,dare,49,2,4,1456,862,109,115,erad
3493,dared,49,2,5,1457,946,219,155,derad
3494,dares,49,2,6,1459,1089,172,137,serad
3495,dirk,49,2,7,1420,1222,195,122,krid
3496,darken,49,2,8,1408,1347,246,115,nekrad
3497,darkness,49,2,9,1407,1468,283,116,ssenkrad
3498,data,49,2,10,1402,1576,220,137,atad
3499,datum,49,2,11,1371,1692,294,143,mutad
3500,date,49,2,12,1398,1849,193,113,etad
3501,dated,49,2,13,1400,1955,223,124,detad
3502,undated,49,2,14,1405,2049,254,145,detadnu
3503,dative,49,2,15,1373,2181,235,130,evitad
3504,daughter,49,2,16,1456,2317,172,119,rethguad
3505,daughter-in-law,49,2,17,1568,2445,325,114,wal-ni-rethguad
3506,granddaughter,49,2,18,1586,2576,245,107,rethguaddnarg
3507,daunt,49,2,19,1466,2684,219,119,tnuad
3508,dauntless,49,2,20,1404,2818,376,95,sseltnuad
3509,undaunted,49,2,21,1433,2867,385,175,detnuadnu
3510,davenport,49,2,22,1478,3057,148,173,tropnevad
3511,davit,49,2,23,1364,3156,135,181,tivad
3512,day,49,2,24,1445,3298,166,98,yad
3513,daydream,49,2,25,1405,3379,400,139,maerdyad
3514,daylight,49,3,1,2231,492,228,115,thgilyad
3515,days,49,3,2,2244,621,130,111,syad
3516,daytime,49,3,3,2228,700,294,156,emityad
3517,dazzle,49,3,4,2201,857,268,119,elzzad
3518,dazzled,49,3,5,2200,989,299,113,delzzad
3519,dead,49,3,6,2217,1112,193,114,daed
3520,deaden,49,3,7,2235,1226,244,120,nedaed
3521,deadened,49,3,8,2235,1309,281,161,denedaed
3522,deadeye,49,3,9,2247,1464,223,125,eyedaed
3523,deadfall,49,3,10,2275,1589,191,123,llafdaed
3524,deadliness,49,3,11,2276,1716,232,122,ssenildaed
3525,deaf,49,3,12,2274,1836,156,119,faed
3526,deafened,49,3,13,2256,1974,163,118,denefaed
3527,deafness,49,3,14,2272,2078,168,116,ssenfaed
3528,deal,49,3,15,2280,2219,113,97,laed
3529,dealer,49,3,16,2261,2332,197,104,relaed
3530,deals,49,3,17,2251,2435,150,118,slaed
3531,dealt,49,3,18,2185,2554,259,123,tlaed
3532,dear,49,3,19,2236,2694,115,97,raed
3533,dearer,49,3,20,2222,2802,197,104,reraed
3534,dearest,49,3,21,2237,2933,154,102,tseraed
3535,dearly,49,3,22,2243,3045,114,108,ylraed
3536,dears,49,3,23,2262,3155,131,118,sraed
3537,diary,49,3,24,2243,3282,114,113,yraid
3538,endeared,49,3,25,2237,3375,249,144,deraedne
3539,dearth,50,1,1,584,426,210,118,htraed
3540,death,50,1,2,589,566,147,103,htaed
3541,deathbed,50,1,3,661,691,216,122,debhtaed
3542,deathless,50,1,4,642,822,332,96,sselhtaed
3543,deathlike,50,1,5,648,924,337,106,ekilhtaed
3544,deathly,50,1,6,653,1051,163,104,ylhtaed
3545,debacle,50,1,7,644,1208,152,112,elcabed
3546,debate,50,1,8,676,1328,119,158,etabed
3547,debatable,50,1,9,685,1440,144,203,elbatabed
3548,debated,50,1,10,775,1556,220,165,detabed
3549,debater,50,1,11,617,1674,145,150,retabed
3550,debenture,50,1,12,681,1807,212,126,erutnebed
3551,debilitate,50,1,13,675,1936,256,112,etatilibed
3552,debilitated,50,1,14,683,2060,274,125,detatilibed
3553,debilitation,50,1,15,789,2173,224,134,noitatilibed
3554,debility,50,1,16,632,2272,128,145,ytilibed
3555,debonair,50,1,17,671,2414,147,126,rianobed
3556,debt,50,1,18,661,2496,202,124,tbed
3557,debit,50,1,19,679,2648,136,117,tibed
3558,debtor,50,1,20,697,2726,171,132,rotbed
3559,indebtedness,50,1,21,736,2841,289,125,ssendetbedni
3560,debut,50,1,22,689,3011,125,147,tubed
3561,decade,50,1,23,676,3059,293,156,edaced
3562,decadence,50,1,24,657,3207,261,122,ecnedaced
3563,decalcomania,50,1,25,692,3357,386,100,ainamoclaced
3564,decanter,50,2,1,1452,422,261,122,retnaced
3565,decapitate,50,2,2,1449,562,264,102,etatipaced
3566,decapitation,50,2,3,1583,690,257,98,noitatipaced
3567,decathlon,50,2,4,1459,820,418,94,nolhtaced
3568,decease,50,2,5,1519,948,146,87,esaeced
3569,deceased,50,2,6,1513,1077,145,81,desaeced
3570,decedent,50,2,7,1497,1187,211,95,tnedeced
3571,deceit,50,2,8,1486,1309,189,102,tieced
3572,deceitful,50,2,9,1497,1423,177,102,luftieced
3573,deceive,50,2,10,1505,1568,134,77,evieced
3574,deceiver,50,2,11,1487,1682,200,85,revieced
3575,deceives,50,2,12,1504,1798,130,90,sevieced
3576,deception,50,2,13,1518,1919,128,122,noitpeced
3577,deceptive,50,2,14,1511,2052,183,122,evitpeced
3578,decent,50,2,15,1493,2145,213,110,tneced
3579,decency,50,2,16,1530,2284,162,81,ycneced
3580,decently,50,2,17,1537,2380,209,119,yltneced
3581,indecency,50,2,18,1545,2539,160,67,ycnecedni
3582,indecent,50,2,19,1526,2628,219,99,tnecedni
3583,decide,50,2,20,1508,2767,138,84,ediced
3584,decidedly,50,2,21,1511,2883,202,86,yldediced
3585,decides,50,2,22,1508,3006,141,89,sediced
3586,decision,50,2,23,1534,3134,114,80,noisiced
3587,decisive,50,2,24,1481,3249,196,207,evisiced
3588,decisively,50,2,25,1538,3369,204,217,ylevisiced
3589,decisiveness,50,3,1,2335,453,189,214,ssenevisiced
3590,indecision,50,3,2,2429,612,127,78,noisicedni
3591,undecided,50,3,3,2375,693,204,96,dedicednu
3592,decimal,50,3,4,2276,832,376,84,lamiced
3593,decimate,50,3,5,2316,949,260,88,etamiced
3594,decipher,50,3,6,2401,1066,162,105,rehpiced
3595,decipherable,50,3,7,2420,1189,138,183,elbarehpiced
3596,undecipherable,50,3,8,2495,1316,165,198,elbarehpicednu
3597,declaim,50,3,9,2267,1413,168,116,mialced
3598,declamation,50,3,10,2407,1527,146,140,noitamalced
3599,declamatory,50,3,11,2357,1654,253,138,yrotamalced
3600,declare,50,3,12,2322,1791,132,102,eralced
3601,declarable,50,3,13,2331,1907,136,203,elbaralced
3602,declaration,50,3,14,2425,2029,180,124,noitaralced
3603,declarative,50,3,15,2357,2148,216,150,evitaralced
3604,declaratory,50,3,16,2495,2247,233,132,yrotaralced
3605,decline,50,3,17,2278,2400,131,98,enilced
3606,declension,50,3,18,2338,2508,133,127,noisnelced
3607,declined,50,3,19,2362,2624,138,108,denilced
3608,declivity,50,3,20,2376,2718,138,140,ytivilced
3609,incline,50,3,21,2352,2916,64,52,enilcni
3610,recline,50,3,22,2323,3014,99,70,enilcer
3611,decoction,50,3,23,2254,3113,291,97,noitcoced
3612,decompose,50,3,24,2348,3245,197,92,esopmoced
3613,decomposed,50,3,25,2367,3361,217,101,desopmoced
3614,decomposition,51,1,1,667,465,191,99,noitisopmoced
3615,decorate,51,1,2,606,568,296,112,etaroced
3616,decoration,51,1,3,597,687,286,114,noitaroced
3617,decorative,51,1,4,561,789,295,136,evitaroced
3618,decorator,51,1,5,534,925,341,123,rotaroced
3619,decorum,51,1,6,482,1089,359,85,muroced
3620,decorous,51,1,7,518,1205,284,87,suoroced
3621,decoy,51,1,8,506,1314,234,103,yoced
3622,decoyed,51,1,9,521,1407,294,130,deyoced
3623,decrease,51,1,10,523,1565,264,96,esaerced
3624,decreased,51,1,11,522,1694,295,93,desaerced
3625,decree,51,1,12,518,1817,252,92,eerced
3626,decrepit,51,1,13,518,1940,272,92,tiperced
3627,decrepitude,51,1,14,576,2057,265,89,edutiperced
3628,dedicate,51,1,15,571,2156,281,106,etacided
3629,dedication,51,1,16,551,2287,251,101,noitacided
3630,dedicator,51,1,17,558,2379,289,128,rotacided
3631,dedicatory,51,1,18,550,2489,360,140,yrotacided
3632,deduce,51,1,19,585,2646,187,99,ecuded
3633,deduces,51,1,20,561,2759,200,112,secuded
3634,deducible,51,1,21,556,2894,204,132,elbicuded
3635,deduct,51,1,22,556,3021,240,104,tcuded
3636,deductible,51,1,23,571,3132,238,109,elbitcuded
3637,deduction,51,1,24,592,3251,256,111,noitcuded
3638,deductively,51,1,25,604,3375,244,124,ylevitcuded
3639,deed,51,2,1,1324,437,248,122,deed
3640,deeded,51,2,2,1310,522,331,157,dedeed
3641,misdeed,51,2,3,1325,713,316,112,deedsim
3642,deep,51,2,4,1356,835,165,98,peed
3643,deepen,51,2,5,1352,954,180,100,nepeed
3644,deepness,51,2,6,1365,1079,184,111,ssenpeed
3645,depth,51,2,7,1341,1203,164,100,htped
3646,deer,51,2,8,1339,1323,125,95,reed
3647,deface,51,2,9,1340,1448,141,120,ecafed
3648,efface,51,2,10,1381,1576,104,114,ecaffe
3649,defalcate,51,2,11,1327,1693,323,119,etaclafed
3650,defalcation,51,2,12,1374,1816,350,120,noitaclafed
3651,defalcator,51,2,13,1366,1949,368,109,rotaclafed
3652,defame,51,2,14,1359,2063,214,118,emafed
3653,defamation,51,2,15,1419,2180,226,109,noitamafed
3654,defamatory,51,2,16,1405,2298,316,120,yrotamafed
3655,default,51,2,17,1385,2424,139,106,tluafed
3656,defaulted,51,2,18,1389,2532,291,121,detluafed
3657,defaulter,51,2,19,1422,2652,164,113,retluafed
3658,defeat,51,2,20,1403,2778,138,117,taefed
3659,defeated,51,2,21,1355,2888,291,130,detaefed
3660,defect,51,2,22,1356,3024,166,115,tcefed
3661,defection,51,2,23,1383,3145,160,124,noitcefed
3662,defective,51,2,24,1362,3276,185,185,evitcefed
3663,defend,51,2,25,1218,3392,179,92,dnefed
3664,defendant,51,3,1,2233,478,131,107,tnadnefed
3665,defended,51,3,2,2207,579,313,126,dednefed
3666,defender,51,3,3,2195,739,276,97,rednefed
3667,defense,51,3,4,2253,855,148,102,esnefed
3668,defenseless,51,3,5,2237,960,284,132,sselesnefed
3669,defensible,51,3,6,2216,1085,137,200,elbisnefed
3670,defensive,51,3,7,2339,1205,160,220,evisnefed
3671,defer,51,3,8,2138,1327,186,104,refed
3672,deference,51,3,9,2218,1438,223,122,ecnerefed
3673,deferential,51,3,10,2210,1574,205,114,laitnerefed
3674,deficiency,51,3,11,2204,1695,142,164,ycneicifed
3675,deficient,51,3,12,2290,1813,125,134,tneicifed
3676,deficit,51,3,13,2141,1924,138,160,ticifed
3677,defile,51,3,14,2158,2065,260,105,elifed
3678,define,51,3,15,2182,2178,164,119,enifed
3679,definable,51,3,16,2239,2301,150,179,elbanifed
3680,definite,51,3,17,2354,2424,129,96,etinifed
3681,definiteness,51,3,18,2274,2531,203,124,ssenetinifed
3682,definition,51,3,19,2256,2652,137,127,noitinifed
3683,definitive,51,3,20,2211,2787,256,114,evitinifed
3684,indefinable,51,3,21,2201,2905,187,196,elbanifedni
3685,indefinitely,51,3,22,2351,3013,186,102,yletinifedni
3686,deflate,51,3,23,2183,3144,270,115,etalfed
3687,deflation,51,3,24,2175,3279,270,112,noitalfed
3688,deform,51,3,25,2147,3388,247,81,mrofed
3689,deformed,52,1,1,699,473,245,89,demrofed
3690,deformity,52,1,2,707,590,242,103,ytimrofed
3691,defraud,52,1,3,661,731,296,100,duarfed
3692,defrauded,52,1,4,663,821,336,130,deduarfed
3693,defray,52,1,5,663,966,198,103,yarfed
3694,defrayal,52,1,6,637,1094,317,101,layarfed
3695,deft,52,1,7,565,1192,149,107,tfed
3696,defunct,52,1,8,614,1324,176,138,tcnufed
3697,defy,52,1,9,565,1442,139,114,yfed
3698,defiance,52,1,10,680,1570,153,120,ecnaifed
3699,defiant,52,1,11,683,1702,190,122,tnaifed
3700,defied,52,1,12,699,1807,217,120,deifed
3701,degenerate,52,1,13,686,1927,224,123,etareneged
3702,degeneracy,52,1,14,704,2056,195,139,ycareneged
3703,degeneration,52,1,15,780,2182,208,122,noitareneged
3704,degrade,52,1,16,651,2305,316,95,edarged
3705,degradation,52,1,17,700,2363,388,144,noitadarged
3706,degraded,52,1,18,663,2541,344,85,dedarged
3707,degree,52,1,19,621,2650,298,101,eerged
3708,dehydrate,52,1,20,617,2736,342,139,etardyhed
3709,deify,52,1,21,651,2876,144,112,yfied
3710,deification,52,1,22,695,3026,138,102,noitacified
3711,deifies,52,1,23,703,3114,139,122,seified
3712,deism,52,1,24,667,3243,237,106,msied
3713,deist,52,1,25,651,3366,146,102,tsied
3714,deity,52,2,1,1496,438,188,124,ytied
3715,deject,52,2,2,1496,593,128,116,tcejed
3716,dejectedly,52,2,3,1531,720,164,115,yldetcejed
3717,dejection,52,2,4,1530,848,116,132,noitcejed
3718,delay,52,2,5,1458,961,290,106,yaled
3719,delectable,52,2,6,1441,1083,361,120,elbatceled
3720,delectation,52,2,7,1515,1191,340,103,noitatceled
3721,delegate,52,2,8,1477,1320,234,95,etageled
3722,delegation,52,2,9,1516,1441,227,98,noitageled
3723,delete,52,2,10,1489,1559,284,103,eteled
3724,deletion,52,2,11,1475,1691,267,89,noiteled
3725,deleterious,52,2,12,1450,1784,348,116,suoireteled
3726,deliberate,52,2,13,1479,1938,255,108,etarebiled
3727,deliberately,52,2,14,1551,2051,243,120,yletarebiled
3728,deliberation,52,2,15,1551,2171,262,157,noitarebiled
3729,deliberative,52,2,16,1566,2302,254,179,evitarebiled
3730,delicate,52,2,17,1387,2409,286,98,etaciled
3731,delicacy,52,2,18,1469,2528,292,95,ycaciled
3732,delicatessen,52,2,19,1520,2652,344,98,nessetaciled
3733,indelicate,52,2,20,1497,2784,325,84,etaciledni
3734,delicious,52,2,21,1452,2904,257,89,suoiciled
3735,delight,52,2,22,1432,2994,290,119,thgiled
3736,delighted,52,2,23,1475,3119,280,115,dethgiled
3737,delightful,52,2,24,1494,3244,264,112,lufthgiled
3738,delineate,52,2,25,1429,3360,344,115,etaeniled
3739,delineation,52,3,1,2369,466,332,102,noitaeniled
3740,delineator,52,3,2,2350,576,336,109,rotaeniled
3741,delinquent,52,3,3,2350,718,320,90,tneuqniled
3742,delinquency,52,3,4,2363,848,325,83,ycneuqniled
3743,delirium,52,3,5,2237,963,403,93,muiriled
3744,delirious,52,3,6,2285,1085,314,89,suoiriled
3745,deliver,52,3,7,2309,1208,264,87,reviled
3746,deliverable,52,3,8,2327,1331,271,129,elbareviled
3747,deliverance,52,3,9,2355,1471,293,74,ecnareviled
3748,deliverer,52,3,10,2307,1574,337,93,rereviled
3749,delivery,52,3,11,2310,1701,274,88,yreviled
3750,undeliverable,52,3,12,2393,1829,257,122,elbarevilednu
3751,delude,52,3,13,2215,1904,331,118,eduled
3752,deluded,52,3,14,2261,1995,412,155,deduled
3753,delusion,52,3,15,2286,2176,256,88,noisuled
3754,delusive,52,3,16,2277,2295,276,143,evisuled
3755,deluge,52,3,17,2274,2416,246,120,eguled
3756,demagogue,52,3,18,2337,2518,302,131,eugogamed
3757,demand,52,3,19,2331,2652,208,97,dnamed
3758,demarcation,52,3,20,2316,2762,248,112,noitacramed
3759,demeanor,52,3,21,2317,2882,216,110,ronaemed
3760,demented,52,3,22,2261,3004,328,109,detnemed
3761,dementia,52,3,23,2300,3135,290,95,aitnemed
3762,demerit,52,3,24,2329,3251,217,109,tiremed
3763,demise,52,3,25,2312,3357,179,115,esimed
3764,demobilize,53,1,1,579,423,243,148,ezilibomed
3765,demobilization,53,1,2,750,541,224,173,noitazilibomed
3766,demobilized,53,1,3,648,671,281,145,dezilibomed
3767,democrat,53,1,4,608,825,221,106,tarcomed
3768,democracy,53,1,5,654,910,226,115,ycarcomed
3769,democratic,53,1,6,633,1029,215,125,citarcomed
3770,democratically,53,1,7,725,1168,219,106,yllacitarcomed
3771,demolish,53,1,8,618,1297,288,106,hsilomed
3772,demolition,53,1,9,606,1408,313,109,noitilomed
3773,demon,53,1,10,538,1539,316,96,nomed
3774,demonetize,53,1,11,636,1606,337,149,ezitenomed
3775,demonetization,53,1,12,709,1749,344,127,noitazitenomed
3776,demonstrate,53,1,13,644,1884,221,117,etartsnomed
3777,demonstrable,53,1,14,685,2013,216,134,elbartsnomed
3778,demonstrative,53,1,15,746,2140,193,154,evitartsnomed
3779,demonstrator,53,1,16,800,2266,244,91,rotartsnomed
3780,demoralize,53,1,17,570,2380,366,112,ezilaromed
3781,demoralization,53,1,18,689,2498,359,115,noitazilaromed
3782,demoralized,53,1,19,630,2607,389,120,dezilaromed
3783,demur,53,1,20,589,2744,196,110,rumed
3784,demurrer,53,1,21,621,2866,267,106,rerrumed
3785,demurrage,53,1,22,652,2988,207,112,egarrumed
3786,demure,53,1,23,643,3108,224,107,erumed
3787,denature,53,1,24,601,3229,212,108,erutaned
3788,denim,53,1,25,579,3366,247,78,mined
3789,denizen,53,2,1,1472,454,144,80,nezined
3790,denominate,53,2,2,1404,553,354,114,etanimoned
3791,denominated,53,2,3,1492,582,419,206,detanimoned
3792,denomination,53,2,4,1521,819,280,90,noitanimoned
3793,denominator,53,2,5,1495,905,308,126,rotanimoned
3794,denote,53,2,6,1475,1050,174,109,etoned
3795,denounce,53,2,7,1482,1187,146,78,ecnuoned
3796,denouncement,53,2,8,1547,1312,264,80,tnemecnuoned
3797,denouncer,53,2,9,1517,1434,227,80,recnuoned
3798,denunciation,53,2,10,1534,1552,200,94,noitaicnuned
3799,denunciatory,53,2,11,1528,1679,261,83,yrotaicnuned
3800,dense,53,2,12,1489,1812,104,67,esned
3801,density,53,2,13,1462,1918,126,80,ytisned
3802,dental,53,2,14,1362,2033,296,97,latned
3803,dentist,53,2,15,1434,2114,180,127,tsitned
3804,dentistry,53,2,16,1420,2247,252,115,yrtsitned
3805,deny,53,2,17,1401,2391,134,90,yned
3806,denial,53,2,18,1335,2506,286,99,lained
3807,denied,53,2,19,1387,2599,235,130,deined
3808,denier,53,2,20,1377,2742,215,110,reined
3809,denies,53,2,21,1397,2876,142,92,seined
3810,undeniable,53,2,22,1434,2981,188,140,elbainednu
3811,deodorize,53,2,23,1380,3063,334,144,ezirodoed
3812,depart,53,2,24,1396,3240,145,91,traped
3813,apartment,53,2,25,1417,3361,177,93,tnemtrapa
3814,compartment,53,3,1,2338,519,195,79,tnemtrapmoc
3815,department,53,3,2,2308,597,230,81,tnemtraped
3816,departmental,53,3,3,2310,716,266,76,latnemtraped
3817,departure,53,3,4,2304,832,191,87,erutraped
3818,depend,53,3,5,2253,943,197,95,dneped
3819,dependable,53,3,6,2270,1067,222,149,elbadneped
3820,depended,53,3,7,2278,1168,298,124,dedneped
3821,dependence,53,3,8,2295,1312,249,94,ecnedneped
3822,dependent,53,3,9,2278,1388,289,136,tnedneped
3823,independence,53,3,10,2360,1554,126,82,ecnednepedni
3824,independent,53,3,11,2358,1673,132,82,tnednepedni
3825,depict,53,3,12,2300,1777,174,98,tciped
3826,depicted,53,3,13,2296,1914,217,86,detciped
3827,deplete,53,3,14,2229,2053,284,78,etelped
3828,depleted,53,3,15,2183,2172,360,86,detelped
3829,depletion,53,3,16,2250,2282,248,88,noitelped
3830,deplore,53,3,17,2173,2397,331,86,erolped
3831,deplorability,53,3,18,2286,2520,340,167,ytilibarolped
3832,deplorable,53,3,19,2202,2639,323,164,elbarolped
3833,deponent,53,3,20,2239,2765,150,86,tnenoped
3834,depopulate,53,3,21,2242,2874,134,145,etalupoped
3835,deport,53,3,22,2289,3007,151,86,troped
3836,deportation,53,3,23,2301,3124,142,93,noitatroped
3837,deported,53,3,24,2258,3220,294,124,detroped
3838,department,53,3,25,2261,3361,242,95,tnemtraped
3839,depose,54,1,1,579,467,145,91,esoped
3840,deposes,54,1,2,567,592,143,110,sesoped
3841,deposit,54,1,3,590,720,133,93,tisoped
3842,depositary,54,1,4,613,844,157,130,yratisoped
3843,deposition,54,1,5,639,967,140,102,noitisoped
3844,depositor,54,1,6,613,1091,164,122,rotisoped
3845,depository,54,1,7,600,1221,159,133,yrotisoped
3846,depot,54,1,8,523,1335,122,86,toped
3847,deprave,54,1,9,603,1446,165,173,evarped
3848,depravation,54,1,10,654,1573,176,212,noitavarped
3849,depravity,54,1,11,726,1695,179,180,ytivarped
3850,deprecate,54,1,12,502,1817,231,91,etacerped
3851,deprecation,54,1,13,652,1936,253,89,noitacerped
3852,deprecatory,54,1,14,639,2061,318,97,yrotacerped
3853,depreciate,54,1,15,647,2180,181,146,etaicerped
3854,depreciation,54,1,16,689,2296,169,163,noitaicerped
3855,depredation,54,1,17,608,2415,276,94,noitaderped
3856,depress,54,1,18,601,2549,180,95,sserped
3857,depressant,54,1,19,604,2668,260,108,tnasserped
3858,depression,54,1,20,627,2792,155,91,noisserped
3859,depressive,54,1,21,611,2901,161,181,evisserped
3860,deprive,54,1,22,639,3032,187,89,evirped
3861,deprivation,54,1,23,642,3145,179,195,noitavirped
3862,privation,54,1,24,704,3277,160,192,noitavirp
3863,depth,54,1,25,523,3370,160,106,htped
3864,depute,54,2,1,1473,473,139,89,etuped
3865,deputation,54,2,2,1469,587,140,110,noitatuped
3866,deputize,54,2,3,1432,720,185,88,ezituped
3867,deputy,54,2,4,1414,841,156,87,ytuped
3868,derange,54,2,5,1426,940,212,134,egnared
3869,derangement,54,2,6,1507,1056,263,142,tnemegnared
3870,derelict,54,2,7,1349,1204,362,92,tcilered
3871,dereliction,54,2,8,1400,1324,360,97,noitcilered
3872,deride,54,2,9,1402,1434,204,113,edired
3873,derision,54,2,10,1416,1558,201,102,noisired
3874,derisive,54,2,11,1393,1680,201,158,evisired
3875,derive,54,2,12,1417,1802,215,107,evired
3876,derivation,54,2,13,1432,1933,195,146,noitavired
3877,derivative,54,2,14,1478,2045,202,121,evitavired
3878,derogation,54,2,15,1382,2185,334,87,noitagored
3879,derogative,54,2,16,1408,2283,382,145,evitagored
3880,derogatory,54,2,17,1526,2432,341,81,yrotagored
3881,derrick,54,2,18,1376,2542,255,102,kcirred
3882,descend,54,2,19,1405,2659,169,91,dnecsed
3883,ascend,54,2,20,1455,2814,96,66,dnecsa
3884,descendant,54,2,21,1421,2885,283,115,tnadnecsed
3885,descent,54,2,22,1436,2998,195,117,tnecsed
3886,describe,54,2,23,1384,3149,241,90,ebircsed
3887,describable,54,2,24,1446,3264,220,131,elbabircsed
3888,description,54,2,25,1456,3402,209,73,noitpircsed
3889,descriptive,54,3,1,2311,472,206,137,evitpircsed
3890,desecrate,54,3,2,2235,602,262,86,etarcesed
3891,desecration,54,3,3,2277,715,273,93,noitarcesed
3892,desert,54,3,4,2251,838,168,92,tresed
3893,deserted,54,3,5,2221,918,303,142,detresed
3894,deserter,54,3,6,2251,1082,176,94,retresed
3895,desertion,54,3,7,2274,1204,139,94,noitresed
3896,deserve,54,3,8,2275,1329,145,145,evresed
3897,deservedly,54,3,9,2299,1449,180,149,yldevresed
3898,undeserved,54,3,10,2292,1577,219,129,devresednu
3899,desiccate,54,3,11,2283,1700,244,83,etaccised
3900,desiccation,54,3,12,2295,1824,226,91,noitaccised
3901,desiccator,54,3,13,2287,1935,239,91,rotaccised
3902,design,54,3,14,2245,2048,172,97,ngised
3903,designate,54,3,15,2213,2184,279,86,etangised
3904,designation,54,3,16,2265,2310,256,84,noitangised
3905,designed,54,3,17,2243,2391,209,118,dengised
3906,designer,54,3,18,2259,2554,196,76,rengised
3907,desire,54,3,19,2229,2663,122,85,erised
3908,desirable,54,3,20,2232,2780,137,142,elbarised
3909,desires,54,3,21,2247,2903,147,93,serised
3910,desirous,54,3,22,2251,3031,132,83,suorised
3911,undesirable,54,3,23,2271,3135,180,148,elbarisednu
3912,desist,54,3,24,2201,3270,132,91,tsised
3913,desisted,54,3,25,2219,3396,143,84,detsised
3914,desists,55,1,1,621,457,127,92,stsised
3915,desolate,55,1,2,565,583,302,88,etalosed
3916,desolately,55,1,3,617,709,292,94,yletalosed
3917,desolation,55,1,4,628,829,295,95,noitalosed
3918,despair,55,1,5,617,951,163,104,riapsed
3919,despaired,55,1,6,636,1079,197,115,deriapsed
3920,desperate,55,1,7,647,1206,173,99,etarepsed
3921,desperately,55,1,8,662,1331,190,97,yletarepsed
3922,desperation,55,1,9,678,1449,183,125,noitarepsed
3923,despise,55,1,10,669,1584,141,130,esipsed
3924,despicable,55,1,11,707,1693,142,177,elbacipsed
3925,despite,55,1,12,592,1802,158,135,etipsed
3926,despond,55,1,13,655,1932,178,109,dnopsed
3927,despondency,55,1,14,700,2050,236,113,ycnednopsed
3928,despondent,55,1,15,645,2159,263,131,tnednopsed
3929,despot,55,1,16,649,2299,166,106,topsed
3930,despotic,55,1,17,640,2430,161,113,citopsed
3931,despotism,55,1,18,644,2559,247,102,msitopsed
3932,dessert,55,1,19,621,2667,170,83,tressed
3933,destine,55,1,20,592,2772,218,97,enitsed
3934,destination,55,1,21,638,2885,202,105,noitanitsed
3935,destined,55,1,22,610,2954,311,158,denitsed
3936,destiny,55,1,23,618,3135,201,93,ynitsed
3937,destitute,55,1,24,604,3253,210,102,etutitsed
3938,destitution,55,1,25,635,3367,213,99,noitutitsed
3939,destroy,55,2,1,1450,447,116,115,yortsed
3940,destroyed,55,2,2,1445,569,200,110,deyortsed
3941,destroyer,55,2,3,1459,694,142,110,reyortsed
3942,destruction,55,2,4,1486,819,110,135,noitcurtsed
3943,destructive,55,2,5,1503,952,116,199,evitcurtsed
3944,desuetude,55,2,6,1550,1077,192,92,eduteused
3945,desultory,55,2,7,1433,1206,199,82,yrotlused
3946,desultorily,55,2,8,1456,1323,235,91,ylirotlused
3947,detach,55,2,9,1475,1401,199,139,hcated
3948,detached,55,2,10,1496,1506,162,164,dehcated
3949,detachment,55,2,11,1494,1630,226,149,tnemhcated
3950,detail,55,2,12,1383,1779,281,125,liated
3951,detailed,55,2,13,1408,1876,309,148,deliated
3952,detain,55,2,14,1409,2036,198,103,niated
3953,detained,55,2,15,1412,2087,309,176,deniated
3954,detention,55,2,16,1429,2264,219,121,noitneted
3955,detect,55,2,17,1371,2378,286,129,tceted
3956,detected,55,2,18,1399,2498,320,130,detceted
3957,detective,55,2,19,1435,2635,261,138,evitceted
3958,detector,55,2,20,1461,2768,292,104,rotceted
3959,deter,55,2,21,1428,2892,152,103,reted
3960,deterrent,55,2,22,1455,3024,127,102,tnerreted
3961,deteriorate,55,2,23,1502,3131,136,110,etaroireted
3962,deteriorated,55,2,24,1531,3246,168,120,detaroireted
3963,deterioration,55,2,25,1577,3370,139,139,noitaroireted
3964,determine,55,3,1,2328,540,214,20,enimreted
3965,determination,55,3,2,2393,663,223,29,noitanimreted
3966,determinedly,55,3,3,2378,778,280,44,yldenimreted
3967,indeterminate,55,3,4,2388,878,282,72,etanimretedni
3968,predetermined,55,3,5,2380,990,275,87,denimretederp
3969,undetermined,55,3,6,2369,1141,303,36,denimretednu
3970,detest,55,3,7,2277,1172,178,118,tseted
3971,detestable,55,3,8,2289,1304,166,149,elbatseted
3972,detestation,55,3,9,2339,1420,163,115,noitatseted
3973,dethrone,55,3,10,2250,1561,327,94,enorhted
3974,dethroned,55,3,11,2261,1621,345,161,denorhted
3975,detonate,55,3,12,2230,1769,275,127,etanoted
3976,detonation,55,3,13,2285,1916,222,106,noitanoted
3977,detour,55,3,14,2229,2011,261,129,ruoted
3978,detract,55,3,15,2249,2158,123,111,tcarted
3979,detraction,55,3,16,2292,2280,122,133,noitcarted
3980,detractor,55,3,17,2302,2405,140,108,rotcarted
3981,detriment,55,3,18,2260,2536,166,90,tnemirted
3982,detrimental,55,3,19,2299,2665,287,90,latnemirted
3983,devastate,55,3,20,2329,2771,162,118,etatsaved
3984,devastation,55,3,21,2413,2899,138,114,noitatsaved
3985,develop,55,3,22,2309,3029,255,94,poleved
3986,developer,55,3,23,2304,3138,327,114,repoleved
3987,development,55,3,24,2320,3267,343,94,tnempoleved
3988,undeveloped,55,3,25,2323,3383,306,106,depolevednu
3989,deviate,56,1,1,561,436,134,176,etaived
3990,deviated,56,1,2,589,561,263,170,detaived
3991,deviation,56,1,3,600,691,150,195,noitaived
3992,devious,56,1,4,621,817,145,180,suoived
3993,device,56,1,5,675,950,135,124,ecived
3994,devised,56,1,6,699,1067,202,135,desived
3995,devil,56,1,7,541,1191,261,104,lived
3996,devoid,56,1,8,563,1322,134,99,dioved
3997,devolve,56,1,9,516,1440,258,113,evloved
3998,devote,56,1,10,563,1567,149,103,etoved
3999,devotee,56,1,11,594,1683,168,105,eetoved
4000,devotion,56,1,12,651,1805,129,128,noitoved
4001,devotional,56,1,13,678,1933,248,131,lanoitoved
4002,devout,56,1,14,572,2044,173,137,tuoved
4003,dexterous,56,1,15,643,2162,259,102,suoretxed
4004,ambidextrous,56,1,16,677,2346,325,97,suortxedibma
4005,dexterity,56,1,17,598,2400,167,89,ytiretxed
4006,diabetes,56,1,18,604,2508,141,160,setebaid
4007,diabetic,56,1,19,667,2626,140,149,citebaid
4008,diabolical,56,1,20,722,2725,291,194,lacilobaid
4009,diacritical,56,1,21,618,2928,279,80,lacitircaid
4010,diadem,56,1,22,744,2978,320,135,medaid
4011,diaeresis,56,1,23,646,3123,187,116,sisereaid
4012,diagnose,56,1,24,559,3264,342,80,esongaid
4013,diagnosis,56,1,25,570,3374,338,92,sisongaid
4014,diagnostic,56,2,1,1469,467,343,87,citsongaid
4015,diagnostician,56,2,2,1502,571,381,103,naicitsongaid
4016,diagonal,56,2,3,1469,687,315,117,lanogaid
4017,diagonally,56,2,4,1460,821,345,98,yllanogaid
4018,diagram,56,2,5,1425,956,261,88,margaid
4019,diagrammatic,56,2,6,1529,1086,236,130,citammargaid
4020,dialect,56,2,7,1365,1183,317,106,tcelaid
4021,dialectics,56,2,8,1385,1291,452,118,scitcelaid
4022,dialogue,56,2,9,1355,1418,430,110,eugolaid
4023,diameter,56,2,10,1407,1520,298,142,retemaid
4024,diametric,56,2,11,1410,1651,393,119,cirtemaid
4025,diametrically,56,2,12,1487,1785,406,117,yllacirtemaid
4026,diamond,56,2,13,1403,1919,306,102,dnomaid
4027,diapason,56,2,14,1435,2023,152,143,nosapaid
4028,diaphanous,56,2,15,1496,2136,151,163,suonahpaid
4029,diaphragm,56,2,16,1532,2264,246,121,mgarhpaid
4030,diatribe,56,2,17,1421,2386,298,136,ebirtaid
4031,dictaphone,56,2,18,1463,2524,265,101,enohpatcid
4032,dictate,56,2,19,1423,2611,298,131,etatcid
4033,dictation,56,2,20,1424,2746,244,119,noitatcid
4034,dictator,56,2,21,1409,2855,363,133,rotatcid
4035,dictatorial,56,2,22,1413,2987,482,122,lairotatcid
4036,dictatorially,56,2,23,1457,3104,346,121,yllairotatcid
4037,diction,56,2,24,1427,3248,211,101,noitcid
4038,dictionary,56,2,25,1381,3376,308,95,yranoitcid
4039,dictograph,56,3,1,2273,449,269,102,hpargotcid
4040,dictum,56,3,2,2191,550,372,134,mutcid
4041,dicta,56,3,3,2226,679,294,125,atcid
4042,dictums,56,3,4,2203,785,344,146,smutcid
4043,didactic,56,3,5,2191,891,414,164,citcadid
4044,diet,56,3,6,2227,1055,207,111,teid
4045,dietary,56,3,7,2242,1178,271,112,yrateid
4046,dietetics,56,3,8,2264,1305,231,104,sciteteid
4047,differ,56,3,9,2253,1440,150,103,reffid
4048,difference,56,3,10,2275,1556,158,105,ecnereffid
4049,different,56,3,11,2297,1680,145,102,tnereffid
4050,differential,56,3,12,2333,1810,136,118,laitnereffid
4051,differentially,56,3,13,2354,1937,163,144,yllaitnereffid
4052,differentiate,56,3,14,2309,2045,153,170,etaitnereffid
4053,differentiation,56,3,15,2421,2164,140,163,noitaitnereffid
4054,differently,56,3,16,2322,2283,130,101,yltnereffid
4055,indifferent,56,3,17,2298,2414,151,97,tnereffidni
4056,difficult,56,3,18,2275,2533,162,108,tluciffid
4057,difficulties,56,3,19,2274,2656,161,124,seitluciffid
4058,difficulty,56,3,20,2263,2776,143,114,ytluciffid
4059,diffident,56,3,21,2255,2906,213,99,tnediffid
4060,diffidence,56,3,22,2256,3025,207,91,ecnediffid
4061,diffraction,56,3,23,2256,3139,219,131,noitcarffid
4062,diffuse,56,3,24,2212,3259,119,106,esuffid
4063,diffuses,56,3,25,2316,3373,124,115,sesuffid
4064,diffusible,57,1,1,723,442,136,201,elbisuffid
4065,diffusion,57,1,2,825,566,138,132,noisuffid
4066,digest,57,1,3,676,681,120,135,tsegid
4067,digestible,57,1,4,679,796,146,217,elbitsegid
4068,digestion,57,1,5,735,927,127,148,noitsegid
4069,digestive,57,1,6,675,1046,168,206,evitsegid
4070,indigestion,57,1,7,773,1197,113,136,noitsegidni
4071,undigested,57,1,8,721,1273,173,146,detsegidnu
4072,digit,57,1,9,639,1403,116,165,tigid
4073,digital,57,1,10,633,1521,259,133,latigid
4074,digitalis,57,1,11,642,1655,256,137,silatigid
4075,dignify,57,1,12,591,1790,294,95,yfingid
4076,dignitary,57,1,13,591,1904,418,88,yratingid
4077,dignity,57,1,14,611,2008,327,110,ytingid
4078,indignity,57,1,15,625,2141,348,93,ytingidni
4079,undignified,57,1,16,682,2257,324,98,deifingidnu
4080,digress,57,1,17,645,2393,346,92,ssergid
4081,digression,57,1,18,660,2511,330,92,noissergid
4082,digressive,57,1,19,674,2634,329,123,evissergid
4083,dike,57,1,20,624,2760,223,81,ekid
4084,dilapidate,57,1,21,622,2855,280,103,etadipalid
4085,dilapidation,57,1,22,695,2977,278,118,noitadipalid
4086,dilate,57,1,23,591,3095,255,104,etalid
4087,dilation,57,1,24,606,3225,260,95,noitalid
4088,dilatory,57,1,25,553,3320,383,123,yrotalid
4089,dilemma,57,2,1,1389,429,386,101,ammelid
4090,diligent,57,2,2,1397,560,317,117,tnegilid
4091,diligence,57,2,3,1473,665,256,124,ecnegilid
4092,dilute,57,2,4,1381,802,286,97,etulid
4093,diluted,57,2,5,1416,841,381,181,detulid
4094,dilution,57,2,6,1453,1047,216,95,noitulid
4095,undiluted,57,2,7,1459,1069,428,200,detulidnu
4096,dim,57,2,8,1436,1288,193,109,mid
4097,dimly,57,2,9,1442,1420,203,90,ylmid
4098,dimmed,57,2,10,1446,1476,237,160,demmid
4099,dimmer,57,2,11,1463,1648,237,99,remmid
4100,dimness,57,2,12,1456,1761,313,112,ssenmid
4101,undimmed,57,2,13,1514,1812,276,176,demmidnu
4102,dimension,57,2,14,1460,1999,196,118,noisnemid
4103,dimensional,57,2,15,1514,2118,325,121,lanoisnemid
4104,diminish,57,2,16,1494,2242,196,118,hsinimid
4105,diminuendo,57,2,17,1519,2296,323,174,odneunimid
4106,diminution,57,2,18,1519,2463,246,139,noitunimid
4107,diminutive,57,2,19,1534,2586,236,138,evitunimid
4108,undiminished,57,2,20,1571,2722,277,118,dehsinimidnu
4109,dimity,57,2,21,1473,2845,269,119,ytimid
4110,dimple,57,2,22,1429,2972,277,113,elpmid
4111,dine,57,2,23,1469,3079,173,123,enid
4112,dined,57,2,24,1468,3174,212,149,denid
4113,dinner,57,2,25,1469,3343,160,92,rennid
4114,ding,57,3,1,2345,452,108,134,gnid
4115,dinosaur,57,3,2,2322,554,237,101,ruasonid
4116,dint,57,3,3,2312,658,192,121,tnid
4117,diocese,57,3,4,2343,794,140,109,esecoid
4118,diphtheria,57,3,5,2326,941,225,98,airehthpid
4119,diphtheritic,57,3,6,2405,1071,202,132,citirehthpid
4120,diphthong,57,3,7,2363,1188,207,99,gnohthpid
4121,diphthongal,57,3,8,2336,1302,373,112,lagnohthpid
4122,diploma,57,3,9,2260,1433,378,93,amolpid
4123,diplomat,57,3,10,2263,1557,397,97,tamolpid
4124,diplomacy,57,3,11,2306,1679,334,92,ycamolpid
4125,diplomatic,57,3,12,2314,1800,357,126,citamolpid
4126,diplomatist,57,3,13,2304,1922,399,91,tsitamolpid
4127,dipsomania,57,3,14,2275,2022,274,142,ainamospid
4128,dipsomaniac,57,3,15,2333,2157,325,143,cainamospid
4129,dire,57,3,16,2219,2257,134,106,erid
4130,direful,57,3,17,2260,2351,199,127,luferid
4131,direly,57,3,18,2332,2481,128,117,ylerid
4132,direct,57,3,19,2272,2631,246,94,tcerid
4133,direction,57,3,20,2314,2772,236,77,noitcerid
4134,directness,57,3,21,2295,2888,306,74,ssentcerid
4135,director,57,3,22,2292,3000,295,88,rotcerid
4136,directorate,57,3,23,2314,3118,303,85,etarotcerid
4137,directory,57,3,24,2300,3233,273,86,yrotcerid
4138,indirect,57,3,25,2306,3359,235,74,tceridni
4139,undirected,58,1,1,610,446,280,113,detceridnu
4140,dirigible,58,1,2,591,581,166,133,elbigirid
4141,disable,58,1,3,559,716,156,150,elbasid
4142,disability,58,1,4,616,838,160,166,ytilibasid
4143,disabuse,58,1,5,651,965,141,157,esubasid
4144,disadvantage,58,1,6,732,1073,144,158,egatnavdasid
4145,disadvantageous,58,1,7,768,1199,155,174,suoegatnavdasid
4146,disaffected,58,1,8,579,1338,162,117,detceffasid
4147,disaffection,58,1,9,685,1469,138,139,noitceffasid
4148,disagree,58,1,10,549,1564,154,104,eergasid
4149,disagreeable,58,1,11,642,1686,145,170,elbaeergasid
4150,disagreed,58,1,12,737,1801,183,129,deergasid
4151,disagreement,58,1,13,655,1942,264,88,tnemeergasid
4152,disallow,58,1,14,545,2051,271,94,wollasid
4153,disappear,58,1,15,581,2166,175,103,raeppasid
4154,disappearance,58,1,16,711,2291,197,121,ecnaraeppasid
4155,disappoint,58,1,17,669,2416,147,101,tnioppasid
4156,disappointment,58,1,18,719,2522,258,105,tnemtnioppasid
4157,disapprobation,58,1,19,776,2659,137,236,noitaborppasid
4158,disapprove,58,1,20,584,2767,159,199,evorppasid
4159,disapproval,58,1,21,737,2921,223,197,lavorppasid
4160,disarm,58,1,22,468,3017,254,98,mrasid
4161,disarrange,58,1,23,571,3142,196,90,egnarrasid
4162,disarticulate,58,1,24,591,3273,268,76,etalucitrasid
4163,disaster,58,1,25,594,3378,159,94,retsasid
4164,disastrous,58,2,1,1461,483,235,84,suortsasid
4165,disavow,58,2,2,1436,595,160,171,wovasid
4166,disavowal,58,2,3,1518,712,232,178,lawovasid
4167,disband,58,2,4,1338,843,153,156,dnabsid
4168,disbelieve,58,2,5,1420,963,141,135,eveilebsid
4169,disbeliever,58,2,6,1451,1088,173,149,reveilebsid
4170,disbursement,58,2,7,1585,1201,249,159,tnemesrubsid
4171,discard,58,2,8,1240,1288,296,138,dracsid
4172,discarded,58,2,9,1382,1404,373,140,dedracsid
4173,discern,58,2,10,1360,1580,183,89,nrecsid
4174,discernible,58,2,11,1425,1692,187,162,elbinrecsid
4175,discernment,58,2,12,1464,1833,332,86,tnemnrecsid
4176,discharge,58,2,13,1426,1945,140,170,egrahcsid
4177,discharged,58,2,14,1475,2062,155,174,degrahcsid
4178,disciple,58,2,15,1476,2191,143,115,elpicsid
4179,disciplinary,58,2,16,1476,2295,381,132,yranilpicsid
4180,discipline,58,2,17,1426,2430,312,125,enilpicsid
4181,disclaim,58,2,18,1321,2557,409,82,mialcsid
4182,disclaimed,58,2,19,1396,2614,383,143,demialcsid
4183,disclaimer,58,2,20,1388,2780,399,92,remialcsid
4184,disclose,58,2,21,1337,2922,318,76,esolcsid
4185,disclosed,58,2,22,1343,3002,420,116,desolcsid
4186,discloses,58,2,23,1375,3159,300,80,sesolcsid
4187,disclosure,58,2,24,1391,3268,326,88,erusolcsid
4188,undisclosed,58,2,25,1431,3367,420,103,desolcsidnu
4189,discolor,58,3,1,2233,481,396,84,rolocsid
4190,discoloration,58,3,2,2304,615,327,79,noitarolocsid
4191,discomfiture,58,3,3,2284,723,310,111,erutifmocsid
4192,discomfort,58,3,4,2278,844,207,105,trofmocsid
4193,discompose,58,3,5,2280,972,214,93,esopmocsid
4194,discomposes,58,3,6,2309,1099,187,112,sesopmocsid
4195,discomposure,58,3,7,2338,1226,180,123,erusopmocsid
4196,disconcert,58,3,8,2193,1330,249,87,trecnocsid
4197,disconcertedly,58,3,9,2294,1423,372,142,yldetrecnocsid
4198,discontent,58,3,10,2233,1544,308,120,tnetnocsid
4199,discontented,58,3,11,2270,1584,397,202,detnetnocsid
4200,discontinue,58,3,12,2236,1796,293,117,eunitnocsid
4201,discontinuance,58,3,13,2344,1908,335,122,ecnaunitnocsid
4202,discontinued,58,3,14,2295,1989,374,169,deunitnocsid
4203,discord,58,3,15,2232,2143,310,130,drocsid
4204,concord,58,3,16,2220,2301,271,93,drocnoc
4205,discordant,58,3,17,2241,2399,304,117,tnadrocsid
4206,discount,58,3,18,2257,2545,134,89,tnuocsid
4207,discountenance,58,3,19,2295,2633,339,130,ecnanetnuocsid
4208,discourage,58,3,20,2267,2789,223,127,egaruocsid
4209,discouraged,58,3,21,2299,2922,254,143,degaruocsid
4210,discouragement,58,3,22,2370,3036,279,140,tnemegaruocsid
4211,encourage,58,3,23,2316,3205,162,131,egaruocne
4212,discourse,58,3,24,2147,3275,227,81,esruocsid
4213,discursive,58,3,25,2256,3388,246,142,evisrucsid
4214,discourteous,59,1,1,630,443,269,98,suoetruocsid
4215,discover,59,1,2,635,573,169,137,revocsid
4216,discoverer,59,1,3,668,688,210,143,rerevocsid
4217,discovery,59,1,4,602,824,201,140,yrevocsid
4218,discreditable,59,1,5,669,959,253,129,elbatidercsid
4219,discreet,59,1,6,510,1048,284,98,teercsid
4220,discretion,59,1,7,600,1190,254,85,noitercsid
4221,indiscreet,59,1,8,610,1311,301,79,teercsidni
4222,discrepancy,59,1,9,623,1436,267,88,ycnapercsid
4223,discriminate,59,1,10,598,1534,441,102,etanimircsid
4224,discriminated,59,1,11,653,1661,429,123,detanimircsid
4225,discrimination,59,1,12,708,1789,393,96,noitanimircsid
4226,discriminatory,59,1,13,708,1882,460,121,yrotanimircsid
4227,indiscriminate,59,1,14,716,2010,402,103,etanimircsidni
4228,discuss,59,1,15,654,2157,174,84,ssucsid
4229,discussion,59,1,16,652,2289,194,76,noissucsid
4230,disdain,59,1,17,618,2353,266,138,niadsid
4231,disdained,59,1,18,614,2430,309,178,deniadsid
4232,disdainful,59,1,19,620,2589,258,137,lufniadsid
4233,diseased,59,1,20,608,2759,219,89,desaesid
4234,disembark,59,1,21,608,2881,281,126,krabmesid
4235,disembarcation,59,1,22,733,3010,285,169,noitacrabmesid
4236,disenchant,59,1,23,618,3122,235,130,tnahcnesid
4237,disengage,59,1,24,587,3261,321,77,egagnesid
4238,disengagement,59,1,25,715,3343,444,94,tnemegagnesid
4239,disentangle,59,2,1,1393,433,423,102,elgnatnesid
4240,disfavor,59,2,2,1438,580,127,123,rovafsid
4241,disfeature,59,2,3,1413,701,233,119,erutaefsid
4242,disfigure,59,2,4,1407,825,282,120,erugifsid
4243,disfranchise,59,2,5,1517,954,207,159,esihcnarfsid
4244,disgrace,59,2,6,1386,1088,367,75,ecargsid
4245,disgraceful,59,2,7,1453,1179,334,123,lufecargsid
4246,disguise,59,2,8,1391,1317,287,87,esiugsid
4247,undisguised,59,2,9,1466,1417,400,101,desiugsidnu
4248,disgust,59,2,10,1375,1553,265,84,tsugsid
4249,dishabille,59,2,11,1398,1667,204,136,ellibahsid
4250,dishearten,59,2,12,1459,1798,265,88,netraehsid
4251,dishevel,59,2,13,1372,1912,150,169,levehsid
4252,dishonor,59,2,14,1421,2041,203,78,ronohsid
4253,dishonest,59,2,15,1448,2161,223,81,tsenohsid
4254,dishonestly,59,2,16,1466,2267,220,93,yltsenohsid
4255,dishonesty,59,2,17,1469,2401,235,81,ytsenohsid
4256,dishonorable,59,2,18,1504,2519,277,162,elbaronohsid
4257,disillusion,59,2,19,1380,2647,289,81,noisullisid
4258,disincline,59,2,20,1426,2736,127,106,enilcnisid
4259,disinclination,59,2,21,1543,2860,127,122,noitanilcnisid
4260,disinclined,59,2,22,1494,2990,161,101,denilcnisid
4261,disinfect,59,2,23,1430,3117,225,115,tcefnisid
4262,disinfectant,59,2,24,1470,3236,309,112,tnatcefnisid
4263,disingenuous,59,2,25,1495,3358,181,184,suounegnisid
4264,disinherit,59,3,1,2279,437,224,100,tirehnisid
4265,disintegrate,59,3,2,2212,548,486,114,etargetnisid
4266,disinterested,59,3,3,2298,681,169,119,detseretnisid
4267,disjoin,59,3,4,2280,827,147,144,niojsid
4268,disjunction,59,3,5,2346,942,151,143,noitcnujsid
4269,disjunctive,59,3,6,2425,1071,146,154,evitcnujsid
4270,dislike,59,3,7,2113,1194,298,76,ekilsid
4271,dislocate,59,3,8,2164,1321,338,76,etacolsid
4272,dislodge,59,3,9,2186,1432,282,144,egdolsid
4273,disloyal,59,3,10,2190,1559,325,82,layolsid
4274,dismal,59,3,11,2135,1674,398,89,lamsid
4275,dismantle,59,3,12,2148,1764,496,112,eltnamsid
4276,dismay,59,3,13,2204,1919,295,81,yamsid
4277,undismayed,59,3,14,2288,1980,406,143,deyamsidnu
4278,dismember,59,3,15,2218,2159,324,130,rebmemsid
4279,dismiss,59,3,16,2181,2291,282,79,ssimsid
4280,dismissal,59,3,17,2199,2404,413,80,lassimsid
4281,dismissed,59,3,18,2243,2533,287,72,dessimsid
4282,dismount,59,3,19,2174,2633,378,94,tnuomsid
4283,disobey,59,3,20,2268,2757,134,175,yebosid
4284,disobedience,59,3,21,2342,2877,154,158,ecneidebosid
4285,disobedient,59,3,22,2391,3004,186,173,tneidebosid
4286,disobeyed,59,3,23,2240,3131,163,182,deyebosid
4287,disoblige,59,3,24,2294,3248,187,151,egilbosid
4288,disorderly,59,3,25,2263,3375,269,96,ylredrosid
4289,disorganize,60,1,1,599,520,300,78,ezinagrosid
4290,disparage,60,1,2,694,623,138,198,egarapsid
4291,disparagement,60,1,3,780,757,216,199,tnemegarapsid
4292,disparate,60,1,4,646,871,189,115,etarapsid
4293,disparity,60,1,5,644,1009,196,89,ytirapsid
4294,dispassionate,60,1,6,674,1127,145,173,etanoissapsid
4295,dispatch,60,1,7,718,1248,147,163,hctapsid
4296,dispatched,60,1,8,766,1366,123,152,dehctapsid
4297,dispatcher,60,1,9,731,1502,129,166,rehctapsid
4298,dispel,60,1,10,590,1618,225,109,lepsid
4299,dispelled,60,1,11,601,1744,268,102,dellepsid
4300,dispense,60,1,12,612,1853,136,123,esnepsid
4301,dispensable,60,1,13,664,1973,144,218,elbasnepsid
4302,dispensary,60,1,14,768,2090,222,178,yrasnepsid
4303,dispensation,60,1,15,708,2211,153,149,noitasnepsid
4304,dispensed,60,1,16,644,2350,154,108,desnepsid
4305,disperse,60,1,17,638,2465,128,109,esrepsid
4306,dispersal,60,1,18,596,2582,284,131,lasrepsid
4307,dispersion,60,1,19,659,2716,141,108,noisrepsid
4308,displacement,60,1,20,611,2828,350,107,tnemecalpsid
4309,disport,60,1,21,566,2942,130,107,tropsid
4310,dispose,60,1,22,603,3067,127,101,esopsid
4311,disposal,60,1,23,603,3177,245,115,lasopsid
4312,disposes,60,1,24,640,3296,144,116,sesopsid
4313,disposition,60,1,25,654,3422,134,130,noitisopsid
4314,dispossess,60,2,1,1501,512,141,158,ssessopsid
4315,disproportion,60,2,2,1554,633,160,111,noitroporpsid
4316,disproportionate,60,2,3,1686,753,157,104,etanoitroporpsid
4317,disprove,60,2,4,1490,871,164,192,evorpsid
4318,disproof,60,2,5,1564,989,162,148,foorpsid
4319,dispute,60,2,6,1453,1127,131,98,etupsid
4320,disputation,60,2,7,1498,1240,133,126,noitatupsid
4321,disputatious,60,2,8,1513,1357,144,167,suoitatupsid
4322,disputes,60,2,9,1567,1496,148,122,setupsid
4323,undisputed,60,2,10,1530,1610,201,112,detupsidnu
4324,disqualify,60,2,11,1473,1735,209,88,yfilauqsid
4325,disqualification,60,2,12,1592,1858,209,112,noitacifilauqsid
4326,disquisition,60,2,13,1453,1969,194,86,noitisiuqsid
4327,disregard,60,2,14,1446,2083,198,84,dragersid
4328,disrepute,60,2,15,1486,2212,226,110,etupersid
4329,disreputable,60,2,16,1554,2338,204,196,elbatupersid
4330,disrespect,60,2,17,1441,2458,215,83,tcepsersid
4331,disrupt,60,2,18,1418,2571,221,101,tpursid
4332,disruption,60,2,19,1452,2693,207,128,noitpursid
4333,dissatisfy,60,2,20,1415,2807,162,91,yfsitassid
4334,dissatisfaction,60,2,21,1554,2929,190,93,noitcafsitassid
4335,dissect,60,2,22,1434,3054,190,87,tcessid
4336,dissection,60,2,23,1451,3173,198,86,noitcessid
4337,dissemble,60,2,24,1385,3291,269,89,elbmessid
4338,disseminate,60,2,25,1405,3387,387,115,etanimessid
4339,dissemination,60,3,1,2365,512,303,89,noitanimessid
4340,dissent,60,3,2,2307,613,217,115,tnessid
4341,dissension,60,3,3,2317,764,171,73,noisnessid
4342,dissented,60,3,4,2305,815,337,160,detnessid
4343,dissenter,60,3,5,2275,984,298,112,retnessid
4344,dissertation,60,3,6,2275,1117,201,86,noitatressid
4345,dissidence,60,3,7,2265,1225,229,113,ecnedissid
4346,dissimilar,60,3,8,2209,1370,357,86,ralimissid
4347,dissimilarity,60,3,9,2305,1490,381,81,ytiralimissid
4348,dissimulate,60,3,10,2284,1614,251,86,etalumissid
4349,dissipate,60,3,11,2298,1729,130,108,etapissid
4350,dissociate,60,3,12,2282,1851,159,88,etaicossid
4351,dissolute,60,3,13,2201,1982,320,83,etulossid
4352,dissoluble,60,3,14,2260,2082,290,152,elbulossid
4353,dissolution,60,3,15,2285,2217,276,90,noitulossid
4354,indissoluble,60,3,16,2302,2339,307,146,elbulossidni
4355,dissonant,60,3,17,2247,2431,259,114,tnanossid
4356,dissonance,60,3,18,2287,2561,251,99,ecnanossid
4357,dissuade,60,3,19,2272,2668,219,125,edaussid
4358,dissuasion,60,3,20,2302,2814,157,102,noisaussid
4359,persuade,60,3,21,2327,2949,185,150,edausrep
4360,suasion,60,3,22,2245,3060,72,86,noisaus
4361,distant,60,3,23,2205,3155,244,109,tnatsid
4362,distance,60,3,24,2206,3277,201,108,ecnatsid
4363,distaste,60,3,25,2191,3370,226,128,etsatsid
4364,distasteful,61,1,1,620,462,207,117,lufetsatsid
4365,distend,61,1,2,593,538,309,165,dnetsid
4366,distensible,61,1,3,602,708,214,145,elbisnetsid
4367,distension,61,1,4,637,850,211,104,noisnetsid
4368,distill,61,1,5,576,948,330,119,llitsid
4369,distillate,61,1,6,575,1078,338,112,etallitsid
4370,distillation,61,1,7,604,1210,329,105,noitallitsid
4371,distillery,61,1,8,555,1327,383,102,yrellitsid
4372,distinct,61,1,9,603,1474,165,85,tcnitsid
4373,distinction,61,1,10,596,1587,171,90,noitcnitsid
4374,distinctive,61,1,11,620,1695,173,146,evitcnitsid
4375,distinguish,61,1,12,661,1836,162,84,hsiugnitsid
4376,distinguishable,61,1,13,714,1945,179,133,elbahsiugnitsid
4377,indistinct,61,1,14,731,2080,175,76,tcnitsidni
4378,indistinguishable,61,1,15,778,2203,179,136,elbahsiugnitsidni
4379,distort,61,1,16,573,2284,230,115,trotsid
4380,distorted,61,1,17,571,2356,350,163,detrotsid
4381,distortion,61,1,18,585,2547,173,93,noitrotsid
4382,distract,61,1,19,533,2666,133,108,tcartsid
4383,distrain,61,1,20,525,2777,134,110,niartsid
4384,distraught,61,1,21,558,2903,116,108,thguartsid
4385,distress,61,1,22,574,3024,124,101,ssertsid
4386,distressed,61,1,23,600,3132,132,115,dessertsid
4387,distribute,61,1,24,607,3242,153,129,etubirtsid
4388,distribution,61,1,25,665,3362,163,152,noitubirtsid
4389,distributive,61,2,1,1472,445,157,228,evitubirtsid
4390,distributor,61,2,2,1572,572,169,163,rotubirtsid
4391,redistribute,61,2,3,1427,698,206,155,etubirtsider
4392,undistributed,61,2,4,1507,798,220,177,detubirtsidnu
4393,district,61,2,5,1444,947,134,124,tcirtsid
4394,redistricted,61,2,6,1441,1077,217,119,detcirtsider
4395,distrust,61,2,7,1377,1230,243,86,tsurtsid
4396,distrusted,61,2,8,1402,1332,293,100,detsurtsid
4397,distrustful,61,2,9,1401,1471,249,94,luftsurtsid
4398,disturb,61,2,10,1423,1603,166,129,brutsid
4399,disturbance,61,2,11,1460,1716,177,144,ecnabrutsid
4400,disturbed,61,2,12,1546,1838,208,140,debrutsid
4401,disturber,61,2,13,1414,1950,213,132,rebrutsid
4402,undisturbed,61,2,14,1527,2059,249,143,debrutsidnu
4403,disuse,61,2,15,1378,2191,134,88,esusid
4404,ditto,61,2,16,1356,2295,207,109,ottid
4405,diurnal,61,2,17,1310,2411,300,112,lanruid
4406,divagate,61,2,18,1365,2524,192,165,etagavid
4407,divagation,61,2,19,1491,2662,174,189,noitagavid
4408,divan,61,2,20,1272,2768,174,182,navid
4409,diverge,61,2,21,1424,2905,153,209,egrevid
4410,divergence,61,2,22,1501,3027,164,225,ecnegrevid
4411,divergent,61,2,23,1365,3147,163,179,tnegrevid
4412,divers,61,2,24,1482,3255,167,187,srevid
4413,diverse,61,2,25,1333,3393,141,109,esrevid
4414,diversification,61,3,1,2406,485,137,174,noitacifisrevid
4415,diversify,61,3,2,2265,594,143,181,yfisrevid
4416,diversion,61,3,3,2331,717,148,125,noisrevid
4417,diversity,61,3,4,2273,845,148,115,ytisrevid
4418,divert,61,3,5,2207,972,150,122,trevid
4419,divest,61,3,6,2255,1093,156,126,tsevid
4420,divide,61,3,7,2254,1214,243,116,edivid
4421,divided,61,3,8,2197,1303,338,156,dedivid
4422,dividend,61,3,9,2201,1471,206,106,dnedivid
4423,divider,61,3,10,2225,1584,216,122,redivid
4424,divisible,61,3,11,2246,1703,147,214,elbisivid
4425,division,61,3,12,2324,1817,149,123,noisivid
4426,divisor,61,3,13,2248,1951,143,127,rosivid
4427,indivisible,61,3,14,2196,2085,177,208,elbisividni
4428,undivided,61,3,15,2300,2192,289,110,dedividnu
4429,divine,61,3,16,2219,2311,136,116,enivid
4430,divination,61,3,17,2251,2433,131,109,noitanivid
4431,divined,61,3,18,2224,2556,186,113,denivid
4432,divinity,61,3,19,2251,2682,198,109,ytinivid
4433,divorce,61,3,20,2239,2801,142,118,ecrovid
4434,divorce,61,3,21,2305,2912,132,139,ecrovid
4435,divulge,61,3,22,2152,3031,257,192,egluvid
4436,dizzy,61,3,23,2142,3149,150,99,yzzid
4437,dizzily,61,3,24,2198,3258,155,103,ylizzid
4438,dizziness,61,3,25,2211,3375,186,95,ssenizzid
4439,docile,62,1,1,583,437,286,80,elicod
4440,docility,62,1,2,607,549,276,89,ytilicod
4441,docket,62,1,3,569,650,254,110,tekcod
4442,dockyard,62,1,4,593,770,312,119,draykcod
4443,doctor,62,1,5,608,921,214,88,rotcod
4444,doctorate,62,1,6,634,1032,246,95,etarotcod
4445,doctrine,62,1,7,598,1155,242,98,enirtcod
4446,doctrinaire,62,1,8,646,1281,356,100,erianirtcod
4447,doctrinal,62,1,9,631,1395,407,97,lanirtcod
4448,document,62,1,10,590,1537,336,83,tnemucod
4449,documentary,62,1,11,695,1650,406,90,yratnemucod
4450,doge,62,1,12,639,1774,129,130,egod
4451,dogma,62,1,13,603,1905,403,84,amgod
4452,dogmatic,62,1,14,618,2019,416,89,citamgod
4453,dogmatize,62,1,15,635,2092,434,133,ezitamgod
4454,doldrums,62,1,16,534,2239,455,109,smurdlod
4455,dollar,62,1,17,595,2378,134,88,rallod
4456,domain,62,1,18,548,2497,337,87,niamod
4457,domestic,62,1,19,661,2604,233,112,citsemod
4458,domesticate,62,1,20,694,2725,256,104,etacitsemod
4459,domesticated,62,1,21,734,2848,253,103,detacitsemod
4460,domesticity,62,1,22,720,2953,178,113,yticitsemod
4461,domicile,62,1,23,685,3087,270,106,elicimod
4462,dominate,62,1,24,608,3192,383,119,etanimod
4463,dominance,62,1,25,671,3345,342,80,ecnanimod
4464,dominant,62,2,1,1447,374,406,142,tnanimod
4465,domination,62,2,2,1514,557,325,81,noitanimod
4466,domineer,62,2,3,1501,674,329,94,reenimod
4467,dominion,62,2,4,1451,801,443,88,noinimod
4468,predominate,62,2,5,1514,889,412,121,etanimoderp
4469,domino,62,2,6,1430,1051,352,79,onimod
4470,donate,62,2,7,1463,1149,226,101,etanod
4471,donated,62,2,8,1442,1199,366,178,detanod
4472,donation,62,2,9,1460,1405,194,92,noitanod
4473,donor,62,2,10,1452,1540,216,87,ronod
4474,donkey,62,2,11,1426,1651,215,85,yeknod
4475,door,62,2,12,1404,1780,214,84,rood
4476,doorway,62,2,13,1429,1881,227,101,yawrood
4477,dooryard,62,2,14,1447,1972,334,134,drayrood
4478,dormant,62,2,15,1397,2114,405,110,tnamrod
4479,dormer,62,2,16,1455,2256,247,86,remrod
4480,dormitory,62,2,17,1439,2343,379,123,yrotimrod
4481,dormouse,62,2,18,1394,2500,277,85,esuomrod
4482,double,62,2,19,1387,2612,148,147,elbuod
4483,doubt,62,2,20,1448,2719,170,104,tbuod
4484,doubted,62,2,21,1475,2836,192,101,detbuod
4485,doubtful,62,2,22,1460,2956,191,108,luftbuod
4486,doubtless,62,2,23,1436,3075,331,106,sseltbuod
4487,doubts,62,2,24,1484,3200,194,113,stbuod
4488,undoubted,62,2,25,1498,3311,266,113,detbuodnu
4489,dower,62,3,1,2286,407,249,113,rewod
4490,dowager,62,3,2,2283,531,176,155,regawod
4491,down,62,3,3,2347,669,171,96,nwod
4492,downcast,62,3,4,2318,772,289,116,tsacnwod
4493,downfall,62,3,5,2341,916,163,94,llafnwod
4494,downright,62,3,6,2299,1025,278,109,thgirnwod
4495,downward,62,3,7,2320,1150,235,108,drawnwod
4496,doxology,62,3,8,2274,1289,147,93,ygoloxod
4497,dozen,62,3,9,2290,1408,164,91,nezod
4498,draft,62,3,10,2277,1533,199,97,tfard
4499,dragon,62,3,11,2166,1641,392,102,nogard
4500,dragoon,62,3,12,2156,1757,403,107,noogard
4501,drainage,62,3,13,2233,1883,208,142,eganiard
4502,drama,62,3,14,2231,2003,331,97,amard
4503,dramatic,62,3,15,2247,2117,295,105,citamard
4504,dramatist,62,3,16,2253,2220,367,126,tsitamard
4505,dramatization,62,3,17,2354,2339,366,123,noitazitamard
4506,dramatize,62,3,18,2298,2442,384,145,ezitamard
4507,drapery,62,3,19,2286,2611,216,96,yrepard
4508,drastic,62,3,20,2274,2741,217,89,citsard
4509,draw,62,3,21,2237,2861,194,85,ward
4510,drawback,62,3,22,2270,2978,200,170,kcabward
4511,drawbridge,62,3,23,2385,3114,192,209,egdirbward
4512,drawee,62,3,24,2186,3225,209,90,eeward
4513,drawer,62,3,25,2227,3345,265,94,reward
4514,drawn,63,1,1,499,448,238,94,nward
4515,dread,63,1,2,474,516,316,154,daerd
4516,dreaded,63,1,3,514,602,369,184,dedaerd
4517,dreadful,63,1,4,560,772,307,148,lufdaerd
4518,dreadnaught,63,1,5,631,854,421,178,thguandaerd
4519,dream,63,1,6,534,1068,290,94,maerd
4520,dreamed,63,1,7,545,1114,334,170,demaerd
4521,dreamer,63,1,8,563,1323,310,83,remaerd
4522,dreamily,63,1,9,534,1433,354,96,ylimaerd
4523,drift,63,1,10,518,1538,204,112,tfird
4524,driveway,63,1,11,563,1659,210,170,yawevird
4525,dromedary,63,1,12,568,1765,454,132,yrademord
4526,droop,63,1,13,515,1923,208,90,poord
4527,drop,63,1,14,506,2051,192,82,pord
4528,drought,63,1,15,481,2140,270,113,thguord
4529,drown,63,1,16,486,2280,244,97,nword
4530,drowned,63,1,17,535,2335,272,165,denword
4531,drudge,63,1,18,543,2535,186,125,egdurd
4532,drudgery,63,1,19,592,2640,214,127,yregdurd
4533,drug,63,1,20,452,2792,350,85,gurd
4534,druggist,63,1,21,521,2888,342,97,tsiggurd
4535,drum,63,1,22,464,3014,311,99,murd
4536,drunk,63,1,23,488,3150,254,73,knurd
4537,drunkard,63,1,24,551,3247,325,102,draknurd
4538,drunken,63,2,1,1440,462,306,85,neknurd
4539,drunkenness,63,2,2,1462,591,402,75,ssenneknurd
4540,dry,63,2,3,1371,699,214,102,yrd
4541,drier,63,2,4,1353,804,270,115,reird
4542,driest,63,2,5,1367,925,210,111,tseird
4543,dryly,63,2,6,1366,1051,229,112,ylyrd
4544,dryness,63,2,7,1372,1178,298,107,ssenyrd
4545,dry-shod,63,2,8,1391,1304,294,100,dohs-yrd
4546,dual,63,2,9,1339,1439,276,88,laud
4547,dubiety,63,2,10,1382,1557,146,152,yteibud
4548,dubious,63,2,11,1467,1687,126,176,suoibud
4549,indubitable,63,2,12,1531,1818,133,215,elbatibudni
4550,duchess,63,2,13,1347,1916,148,98,ssehcud
4551,ductile,63,2,14,1326,2018,407,121,elitcud
4552,ductility,63,2,15,1326,2143,410,113,ytilitcud
4553,duel,63,2,16,1272,2283,279,95,leud
4554,duly,63,2,17,1323,2392,154,104,ylud
4555,unduly,63,2,18,1330,2544,184,84,yludnu
4556,dumb,63,2,19,1264,2646,222,101,bmud
4557,dump,63,2,20,1263,2752,226,108,pmud
4558,dungeon,63,2,21,1348,2895,113,127,noegnud
4559,duplex,63,2,22,1337,3024,250,81,xelpud
4560,duplicate,63,2,23,1423,3127,151,98,etacilpud
4561,duplication,63,2,24,1456,3251,149,122,noitacilpud
4562,duplicator,63,3,1,2321,457,220,89,rotacilpud
4563,duplicity,63,3,2,2300,571,156,93,yticilpud
4564,durable,63,3,3,2254,707,183,133,elbarud
4565,durability,63,3,4,2284,831,221,146,ytilibarud
4566,during,63,3,5,2209,940,193,99,gnirud
4567,duration,63,3,6,2242,1045,215,119,noitarud
4568,dust,63,3,7,2218,1192,169,94,tsud
4569,duty,63,3,8,2175,1270,223,140,ytud
4570,duteous,63,3,9,2191,1404,229,131,suoetud
4571,dutiable,63,3,10,2191,1507,221,198,elbaitud
4572,duties,63,3,11,2249,1656,194,116,seitud
4573,dutiful,63,3,12,2238,1780,190,119,lufitud
4574,undutiful,63,3,13,2216,1887,226,126,lufitudnu
4575,dwarf,63,3,14,2162,2033,246,108,frawd
4576,dwell,63,3,15,2122,2147,243,108,llewd
4577,dwelt,63,3,16,2146,2280,276,101,tlewd
4578,dwindle,63,3,17,2146,2394,349,105,eldniwd
4579,dwindled,63,3,18,2168,2461,381,164,deldniwd
4580,dynamic,63,3,19,2120,2626,338,118,cimanyd
4581,dynamite,63,3,20,2128,2740,318,126,etimanyd
4582,dynamo,63,3,21,2136,2860,292,127,omanyd
4583,dynast,63,3,22,2161,3001,227,102,tsanyd
4584,dyspepsia,63,3,23,2190,3131,138,209,aispepsyd
4585,dyspeptic,63,3,24,2302,3244,138,141,citpepsyd
4586,each,64,1,2,575,594,46,95,hcae
4587,eager,64,1,3,504,748,237,58,regae
4588,eagerly,64,1,4,535,875,236,51,ylregae
4589,eagerness,64,1,5,552,1012,305,47,ssenregae
4590,ear,64,1,6,570,1143,98,27,rae
4591,eardrum,64,1,7,530,1189,383,107,murdrae
4592,earmark,64,1,8,552,1373,270,41,kramrae
4593,earldom,64,1,9,482,1440,384,106,modlrae
4594,early,64,1,10,554,1623,113,32,ylrae
4595,earlier,64,1,11,526,1739,167,35,reilrae
4596,earliest,64,1,12,548,1867,123,45,tseilrae
4597,earnest,64,1,13,549,1998,109,38,tsenrae
4598,earnestly,64,1,14,575,2120,95,39,yltsenrae
4599,earnestness,64,1,15,588,2242,191,62,ssentsenrae
4600,earth,64,1,16,557,2330,140,56,htrae
4601,earthen,64,1,17,544,2442,200,51,nehtrae
4602,earthenware,64,1,18,619,2540,265,84,erawnehtrae
4603,earthliness,64,1,19,624,2691,237,51,ssenilhtrae
4604,earthquake,64,1,20,605,2822,290,69,ekauqhtrae
4605,earthward,64,1,21,604,2909,253,77,drawhtrae
4606,earthwork,64,1,22,577,3061,276,52,krowhtrae
4607,earthworm,64,1,23,581,3171,309,55,mrowhtrae
4608,unearth,64,1,24,577,3297,200,53,htraenu
4609,ease,64,1,25,625,3422,33,40,esae
4610,easier,64,2,1,1386,510,104,50,reisae
4611,easiest,64,2,2,1379,629,80,92,tseisae
4612,easily,64,2,3,1364,743,60,71,ylisae
4613,easiness,64,2,4,1400,882,130,55,ssenisae
4614,uneasiness,64,2,5,1438,1019,164,68,ssenisaenu
4615,uneasy,64,2,6,1416,1140,101,60,ysaenu
4616,east,64,2,7,1412,1251,72,46,tsae
4617,eastern,64,2,8,1385,1355,140,64,nretsae
4618,easterner,64,2,9,1374,1463,192,75,renretsae
4619,eastward,64,2,10,1386,1561,163,98,drawtsae
4620,eat,64,2,11,1369,1731,67,53,tae
4621,eatable,64,2,12,1362,1857,72,126,elbatae
4622,eaten,64,2,13,1399,1953,124,69,netae
4623,eater,64,2,14,1351,2074,79,77,retae
4624,uneaten,64,2,15,1340,2190,182,80,netaenu
4625,ebony,64,2,16,1347,2281,105,122,ynobe
4626,ebullient,64,2,17,1394,2404,247,131,tneillube
4627,ebullience,64,2,18,1454,2536,199,134,ecneillube
4628,ebullition,64,2,19,1348,2624,178,142,noitillube
4629,eccentric,64,2,20,1461,2810,112,70,cirtnecce
4630,eccentricity,64,2,21,1475,2905,81,81,yticirtnecce
4631,ecclesiastic,64,2,22,1377,3076,267,67,citsaiselcce
4632,eclat,64,2,23,1303,3185,243,49,talce
4633,eclectic,64,2,24,1264,3284,442,69,citcelce
4634,eclipse,64,2,25,1314,3430,239,97,espilce
4635,eclipsed,64,3,1,2232,529,244,111,despilce
4636,economy,64,3,2,2245,663,236,38,ymonoce
4637,economic,64,3,3,2236,780,286,40,cimonoce
4638,economical,64,3,4,2271,903,260,48,lacimonoce
4639,economist,64,3,5,2266,1026,261,38,tsimonoce
4640,economize,64,3,6,2251,1135,281,51,ezimonoce
4641,ecstasy,64,3,7,2257,1237,95,57,ysatsce
4642,ecstatic,64,3,8,2255,1365,117,58,citatsce
4643,eczema,64,3,9,2227,1488,200,63,amezce
4644,edible,64,3,10,2236,1570,150,133,elbide
4645,edibility,64,3,11,2276,1685,138,143,ytilibide
4646,inedible,64,3,12,2265,1815,188,131,elbideni
4647,edifice,64,3,13,2218,1936,138,121,ecifide
4648,edification,64,3,14,2261,2038,137,98,noitacifide
4649,edify,64,3,15,2225,2179,134,97,yfide
4650,edit,64,3,16,2199,2273,187,117,tide
4651,edition,64,3,17,2187,2405,146,100,noitide
4652,editor,64,3,18,2183,2487,195,141,rotide
4653,editorial,64,3,19,2162,2634,373,110,lairotide
4654,editorially,64,3,20,2208,2744,279,132,yllairotide
4655,unedited,64,3,21,2202,2845,276,145,detidenu
4656,educate,64,3,22,2227,3006,136,94,etacude
4657,education,64,3,23,2233,3139,138,89,noitacude
4658,educational,64,3,24,2254,3261,282,90,lanoitacude
4659,educator,64,3,25,2238,3382,194,90,rotacude
4660,uneducated,65,1,1,701,451,196,111,detacudenu
4661,efface,65,1,2,613,590,100,113,ecaffe
4662,deface,65,1,3,656,699,136,117,ecafed
4663,effacement,65,1,4,679,836,170,111,tnemecaffe
4664,effect,65,1,5,615,970,98,79,tceffe
4665,effective,65,1,6,579,1083,118,177,evitceffe
4666,effectual,65,1,7,652,1208,323,88,lautceffe
4667,effectually,65,1,8,613,1350,302,73,yllautceffe
4668,effectuate,65,1,9,646,1432,230,106,etautceffe
4669,effectuation,65,1,10,658,1574,188,86,noitautceffe
4670,ineffectual,65,1,11,618,1766,301,84,lautceffeni
4671,effeminate,65,1,12,584,1841,294,85,etanimeffe
4672,effeminacy,65,1,13,591,1942,255,94,ycanimeffe
4673,effervesce,65,1,14,643,2062,152,204,ecsevreffe
4674,effervescence,65,1,15,614,2176,192,239,ecnecsevreffe
4675,effervescent,65,1,16,652,2307,199,190,tnecsevreffe
4676,efficacious,65,1,17,764,2413,123,132,suoicaciffe
4677,efficacy,65,1,18,677,2548,118,116,ycaciffe
4678,efficient,65,1,19,612,2661,82,114,tneiciffe
4679,efficiency,65,1,20,629,2781,100,150,ycneiciffe
4680,inefficiency,65,1,21,608,2955,123,139,ycneiciffeni
4681,inefficient,65,1,22,653,3068,115,111,tneiciffeni
4682,efflorescent,65,1,23,690,3150,349,109,tnecserolffe
4683,efflux,65,1,24,619,3265,183,118,xulffe
4684,influx,65,1,25,588,3445,192,112,xulfni
4685,effort,65,2,1,1389,476,80,95,troffe
4686,effortless,65,2,2,1386,586,234,94,sseltroffe
4687,effrontery,65,2,3,1369,711,276,90,yretnorffe
4688,effulgent,65,2,4,1356,835,264,164,tnegluffe
4689,effusion,65,2,5,1365,971,86,124,noisuffe
4690,effusive,65,2,6,1340,1077,147,203,evisuffe
4691,ego,65,2,7,1421,1258,191,50,oge
4692,egoism,65,2,8,1373,1379,304,57,msioge
4693,egoist,65,2,9,1378,1493,234,61,tsioge
4694,egotism,65,2,10,1393,1606,340,57,msitoge
4695,egotist,65,2,11,1388,1712,244,76,tsitoge
4696,egotistic,65,2,12,1406,1855,273,57,citsitoge
4697,egregious,65,2,13,1465,1978,253,151,suoigerge
4698,egress,65,2,14,1329,2104,233,59,sserge
4699,congress,65,2,15,1426,2222,266,47,ssergnoc
4700,ingress,65,2,16,1423,2354,279,49,ssergni
4701,progress,65,2,17,1442,2443,233,69,ssergorp
4702,transgress,65,2,18,1469,2554,252,92,ssergsnart
4703,either,65,2,19,1441,2702,62,40,rehtie
4704,ejaculate,65,2,20,1414,2749,130,152,etalucaje
4705,eject,65,2,21,1557,2860,84,137,tceje
4706,ejection,65,2,22,1452,2983,94,161,noitceje
4707,inject,65,2,23,1435,3205,80,117,tcejni
4708,reject,65,2,24,1458,3326,104,120,tcejer
4709,elaborate,65,2,25,1408,3436,244,129,etarobale
4710,elaboration,65,3,1,2317,521,200,156,noitarobale
4711,elastic,65,3,2,2191,647,185,69,citsale
4712,elasticity,65,3,3,2240,756,215,80,yticitsale
4713,elect,65,3,4,2227,895,247,40,tcele
4714,election,65,3,5,2240,1014,263,62,noitcele
4715,electioneer,65,3,6,2266,1132,235,63,reenoitcele
4716,elective,65,3,7,2257,1258,237,129,evitcele
4717,elector,65,3,8,2226,1394,309,30,rotcele
4718,electoral,65,3,9,2184,1512,457,33,larotcele
4719,electorate,65,3,10,2217,1610,337,56,etarotcele
4720,reelect,65,3,11,2206,1742,281,37,tceleer
4721,electric,65,3,12,2217,1822,183,86,cirtcele
4722,electrical,65,3,13,2222,1945,273,98,lacirtcele
4723,electrician,65,3,14,2288,2069,175,81,naicirtcele
4724,electricity,65,3,15,2279,2182,195,83,yticirtcele
4725,electrification,65,3,16,2341,2300,171,102,noitacifirtcele
4726,electrify,65,3,17,2309,2419,180,112,yfirtcele
4727,electrocute,65,3,18,2294,2543,222,90,etucortcele
4728,electrode,65,3,19,2295,2650,180,96,edortcele
4729,electrolier,65,3,20,2274,2779,286,97,reilortcele
4730,electrolysis,65,3,21,2266,2903,248,97,sisylortcele
4731,electrolyte,65,3,22,2298,3026,272,86,etylortcele
4732,electromagnet,65,3,23,2313,3144,289,82,tengamortcele
4733,electron,65,3,24,2318,3263,188,75,nortcele
4734,electroplate,65,3,25,2297,3368,259,109,etalportcele
4735,electrotype,66,1,1,697,465,169,143,epytortcele
4736,eleemosynary,66,1,2,655,658,321,53,yranysomeele
4737,elegant,66,1,3,629,782,292,39,tnagele
4738,elegance,66,1,4,626,904,326,52,ecnagele
4739,elegantly,66,1,5,624,1028,308,41,yltnagele
4740,inelegant,66,1,6,586,1158,330,37,tnageleni
4741,element,66,1,7,591,1284,275,38,tnemele
4742,elemental,66,1,8,638,1407,288,40,latnemele
4743,elementally,66,1,9,670,1525,274,43,yllatnemele
4744,elementary,66,1,10,623,1637,359,43,yratnemele
4745,elephant,66,1,11,653,1766,230,70,tnahpele
4746,elephantine,66,1,12,663,1886,262,72,enitnahpele
4747,elevate,66,1,13,636,2003,179,129,etavele
4748,elevated,66,1,14,609,2120,285,130,detavele
4749,elevation,66,1,15,603,2249,176,138,noitavele
4750,elevator,66,1,16,597,2376,203,134,rotavele
4751,elicit,66,1,17,581,2500,201,48,ticile
4752,elicitation,66,1,18,606,2616,218,45,noitaticile
4753,elicited,66,1,19,575,2672,319,107,deticile
4754,elide,66,1,20,567,2801,287,94,edile
4755,elision,66,1,21,606,2972,163,55,noisile
4756,eligible,66,1,22,544,3093,167,207,elbigile
4757,eligibility,66,1,23,647,3219,159,187,ytilibigile
4758,ineligible,66,1,24,808,3345,221,191,elbigileni
4759,eliminate,66,1,25,492,3437,355,67,etanimile
4760,eliminated,66,2,1,1431,458,429,129,detanimile
4761,elimination,66,2,2,1464,667,338,46,noitanimile
4762,eliminative,66,2,3,1449,751,391,81,evitanimile
4763,elite,66,2,4,1387,880,206,58,etile
4764,elixir,66,2,5,1384,1033,255,54,rixile
4765,ellipse,66,2,6,1391,1156,210,108,espille
4766,ellipsis,66,2,7,1396,1274,206,129,sispille
4767,ellipsoid,66,2,8,1400,1399,197,124,diospille
4768,elliptic,66,2,9,1425,1524,256,92,citpille
4769,elliptical,66,2,10,1445,1645,230,94,lacitpille
4770,elocution,66,2,11,1434,1770,276,51,noitucole
4771,elocutionist,66,2,12,1467,1891,258,76,tsinoitucole
4772,elongate,66,2,13,1416,2006,265,63,etagnole
4773,elongation,66,2,14,1450,2133,219,52,noitagnole
4774,eloquent,66,2,15,1430,2245,249,34,tneuqole
4775,eloquence,66,2,16,1483,2370,241,30,ecneuqole
4776,grandiloquent,67,2,17,1445,2487,229,75,tneuqolidnarg
4777,else,66,2,18,1493,2609,175,36,esle
4778,elsewhere,66,2,19,1476,2732,231,65,erehwesle
4779,elucidate,66,2,20,1425,2808,319,125,etadicule
4780,elucidation,66,2,21,1454,2960,275,97,noitadicule
4781,elude,66,2,22,1418,3047,301,86,edule
4782,elusion,66,2,23,1414,3221,198,62,noisule
4783,elusive,66,2,24,1422,3338,183,144,evisule
4784,elusory,66,2,25,1524,3459,248,69,yrosule
4785,emaciate,66,3,1,2295,525,174,100,etaicame
4786,emaciated,66,3,2,2265,649,308,112,detaicame
4787,emaciation,66,3,3,2284,764,196,121,noitaicame
4788,emanate,66,3,4,2253,892,257,68,etaname
4789,emanated,66,3,5,2244,951,369,133,detaname
4790,emanation,66,3,6,2280,1167,216,31,noitaname
4791,emancipate,66,3,7,2297,1288,206,92,etapicname
4792,emancipation,66,3,8,2365,1404,204,109,noitapicname
4793,emancipator,66,3,9,2359,1537,257,86,rotapicname
4794,embankment,66,3,10,2290,1655,304,124,tnemknabme
4795,embargo,66,3,11,2308,1784,200,129,ograbme
4796,embarkation,66,3,12,2363,1893,223,155,noitakrabme
4797,embarrass,66,3,13,2337,2021,168,127,ssarrabme
4798,embarrassed,66,3,14,2283,2142,195,145,dessarrabme
4799,embarrasses,66,3,15,2456,2267,183,140,sessarrabme
4800,embarrassment,66,3,16,2384,2384,254,124,tnemssarrabme
4801,embassy,66,3,17,2317,2499,140,126,yssabme
4802,ambassador,66,3,18,2372,2618,156,126,rodassabma
4803,embezzle,66,3,19,2320,2749,239,123,elzzebme
4804,embezzled,66,3,20,2336,2875,254,125,delzzebme
4805,embezzlement,66,3,21,2354,3003,308,139,tnemelzzebme
4806,embezzler,66,3,22,2222,3109,318,122,relzzebme
4807,emblem,66,3,23,2271,3240,293,114,melbme
4808,emblematic,66,3,24,2284,3359,315,133,citamelbme
4809,embody,66,3,25,2340,3469,155,107,ydobme
4810,embodies,67,1,1,683,528,148,120,seidobme
4811,embodiment,67,1,2,691,656,223,103,tnemidobme
4812,embolden,67,1,3,669,771,286,104,nedlobme
4813,emboldened,67,1,4,634,896,282,111,denedlobme
4814,embrace,67,1,5,573,1023,140,122,ecarbme
4815,embroider,67,1,6,635,1153,224,100,rediorbme
4816,embroideries,67,1,7,668,1269,278,104,seirediorbme
4817,embroidery,67,1,8,662,1394,263,95,yrediorbme
4818,embryonic,67,1,9,683,1515,236,113,cinoyrbme
4819,emendation,67,1,10,657,1560,340,110,noitadneme
4820,emerald,67,1,11,551,1707,404,81,dlareme
4821,emerge,67,1,12,618,1868,176,111,egreme
4822,emerged,67,1,13,633,2002,184,116,degreme
4823,emergence,67,1,14,664,2117,177,107,ecnegreme
4824,emergency,67,1,15,653,2232,166,128,ycnegreme
4825,emergent,67,1,16,589,2355,246,97,tnegreme
4826,emeritus,67,1,17,551,2448,253,64,sutireme
4827,emigrate,67,1,18,558,2595,291,59,etargime
4828,emigrant,67,1,19,596,2710,289,63,tnargime
4829,emigration,67,1,20,612,2834,295,62,noitargime
4830,immigrate,67,1,21,599,2951,301,41,etargimmi
4831,eminent,67,1,22,588,3085,239,53,tnenime
4832,eminence,67,1,23,617,3209,236,44,ecnenime
4833,eminently,67,1,24,630,3327,237,45,yltnenime
4834,imminent,67,1,25,623,3447,277,28,tnenimmi
4835,emissary,67,2,1,1372,523,237,71,yrassime
4836,emit,67,2,2,1390,628,191,56,time
4837,emission,67,2,3,1399,778,169,31,noissime
4838,emollient,67,2,4,1381,845,361,87,tneillome
4839,emolument,67,2,5,1362,1017,412,35,tnemulome
4840,emotion,67,2,6,1426,1137,174,47,noitome
4841,emotional,67,2,7,1424,1268,281,55,lanoitome
4842,emotionally,67,2,8,1498,1389,150,82,yllanoitome
4843,unemotional,67,2,9,1454,1515,341,60,lanoitomenu
4844,emperor,67,2,10,1420,1636,225,72,rorepme
4845,empress,67,2,11,1455,1759,179,95,sserpme
4846,emphasis,67,2,12,1466,1886,152,109,sisahpme
4847,emphasized,67,2,13,1494,2006,152,112,dezisahpme
4848,emphasizes,67,2,14,1490,2121,149,128,sezisahpme
4849,emphatic,67,2,15,1455,2252,164,96,citahpme
4850,empire,67,2,16,1452,2364,140,80,eripme
4851,empiric,67,2,17,1445,2487,229,75,ciripme
4852,empirical,67,2,18,1440,2606,226,90,laciripme
4853,empiricism,67,2,19,1451,2722,174,105,msiciripme
4854,employ,67,2,20,1413,2855,242,70,yolpme
4855,employee,67,2,21,1427,2971,244,70,eeyolpme
4856,employer,67,2,22,1415,3101,328,68,reyolpme
4857,employment,67,2,23,1459,3214,348,74,tnemyolpme
4858,unemployment,67,2,24,1523,3336,383,68,tnemyolpmenu
4859,emporium,67,2,25,1472,3461,296,78,muiropme
4860,erupt,67,3,1,2215,468,152,87,tpure
4861,emptied,67,3,2,2211,536,272,139,deitpme
4862,emptiest,67,3,3,2203,721,202,84,tseitpme
4863,emptiness,67,3,4,2246,845,228,80,ssenitpme
4864,emulate,67,3,5,2251,1030,154,39,etalume
4865,emulous,67,3,6,2217,1149,347,49,suolume
4866,emulsify,67,3,7,2210,1270,303,80,yfislume
4867,emulsion,67,3,8,2214,1397,284,43,noislume
4868,enable,67,3,9,2231,1519,90,112,elbane
4869,inability,67,3,10,2275,1639,89,122,ytilibani
4870,unable,67,3,11,2285,1769,91,114,elbanu
4871,enact,67,3,12,2089,1870,179,49,tcane
4872,enactment,67,3,13,2238,1982,270,57,tnemtcane
4873,reenact,67,3,14,2187,2116,244,60,tcaneer
4874,enamel,67,3,15,2186,2227,383,49,lemane
4875,enameled,67,3,16,2211,2317,383,80,delemane
4876,encampment,67,3,17,2241,2474,344,84,tnempmacne
4877,enchant,67,3,18,2225,2606,176,107,tnahcne
4878,enchanted,67,3,19,2285,2675,278,153,detnahcne
4879,enchantment,67,3,20,2313,2857,294,96,tnemtnahcne
4880,encircle,67,3,21,2230,2979,268,60,elcricne
4881,enclose,67,3,22,2242,3092,134,26,esolcne
4882,enclosure,67,3,23,2259,3204,177,50,erusolcne
4883,encomium,67,3,24,2172,3324,366,35,muimocne
4884,encomiastic,67,3,25,2269,3453,278,58,citsaimocne
4885,encore,68,1,1,508,514,267,53,erocne
4886,encounter,68,1,2,593,590,136,87,retnuocne
4887,encountered,68,1,3,623,719,217,81,deretnuocne
4888,encounters,68,1,4,621,840,133,82,sretnuocne
4889,encourage,68,1,5,585,1017,170,113,egaruocne
4890,discourage,68,1,6,653,1085,233,129,egaruocsid
4891,encouraged,68,1,7,661,1263,205,128,degaruocne
4892,encouragement,68,1,8,702,1385,263,108,tnemegaruocne
4893,encourages,68,1,9,669,1503,182,140,segaruocne
4894,encroachment,68,1,10,605,1640,296,93,tnemhcaorcne
4895,encumbrance,68,1,11,594,1755,301,116,ecnarbmucne
4896,encyclical,68,1,12,597,1877,286,67,lacilcycne
4897,encyclopedia,68,1,13,574,1981,360,99,aidepolcycne
4898,encyclopedic,68,1,14,609,2108,361,95,cidepolcycne
4899,end,68,1,15,596,2190,93,71,dne
4900,ended,68,1,16,567,2255,206,110,dedne
4901,endless,68,1,17,528,2407,268,77,sseldne
4902,unending,68,1,18,567,2548,186,71,gnidnenu
4903,endanger,68,1,19,580,2664,149,117,regnadne
4904,endangered,68,1,20,573,2791,207,129,deregnadne
4905,endearment,68,1,21,582,2877,290,102,tnemraedne
4906,endeavor,68,1,22,555,3007,200,92,rovaedne
4907,endemic,68,1,23,508,3105,224,117,cimedne
4908,endorse,68,1,24,568,3258,149,75,esrodne
4909,endorsement,68,1,25,595,3386,263,67,tnemesrodne
4910,unendorsed,68,2,1,1455,503,214,61,desrodnenu
4911,endow,68,2,2,1417,611,187,71,wodne
4912,endowed,68,2,3,1399,652,287,143,dewodne
4913,endowment,68,2,4,1423,852,306,74,tnemwodne
4914,unendowed,68,2,5,1418,913,319,137,dewodnenu
4915,endure,68,2,6,1409,1090,197,74,erudne
4916,endurable,68,2,7,1422,1218,195,141,elbarudne
4917,endurance,68,2,8,1479,1319,260,99,ecnarudne
4918,unendurable,68,2,9,1452,1461,225,126,elbarudnenu
4919,enemy,68,2,10,1386,1625,206,32,ymene
4920,enmity,68,2,11,1379,1722,186,77,ytimne
4921,inimical,68,2,12,1359,1870,256,43,lacimini
4922,energy,68,2,13,1378,1996,143,116,ygrene
4923,energetic,68,2,14,1376,2118,135,116,citegrene
4924,energize,68,2,15,1354,2250,152,145,ezigrene
4925,enfeeble,68,2,16,1420,2355,105,159,elbeefne
4926,enfold,68,2,17,1312,2475,209,103,dlofne
4927,enforce,68,2,18,1426,2598,92,102,ecrofne
4928,enforceable,68,2,19,1358,2717,156,197,elbaecrofne
4929,enforced,68,2,20,1426,2843,91,108,decrofne
4930,enforcement,68,2,21,1443,2954,145,91,tnemecrofne
4931,enforces,68,2,22,1412,3081,96,121,secrofne
4932,reenforce,68,2,23,1435,3197,134,86,ecrofneer
4933,enfranchise,68,2,24,1529,3314,126,139,esihcnarfne
4934,enfranchisement,68,2,25,1517,3439,206,136,tnemesihcnarfne
4935,engage,68,3,1,2214,526,242,49,egagne
4936,disengage,68,3,2,2200,595,332,87,egagnesid
4937,engagement,68,3,3,2245,769,301,52,tnemegagne
4938,engages,68,3,4,2246,891,220,67,segagne
4939,reengage,68,3,5,2205,1002,303,54,egagneer
4940,engine,68,3,6,2189,1153,85,114,enigne
4941,engineer,68,3,7,2252,1276,85,122,reenigne
4942,English,68,3,8,2155,1395,112,68,hsilgnE
4943,engraver,68,3,9,2149,1480,290,141,revargne
4944,engross,68,3,10,2162,1631,262,59,ssorgne
4945,enhance,68,3,11,2238,1729,164,59,ecnahne
4946,enhancement,68,3,12,2278,1848,283,60,tnemecnahne
4947,unenhanced,68,3,13,2276,1973,270,61,decnahnenu
4948,enigma,68,3,14,2167,2099,399,59,amgine
4949,enigmatic,68,3,15,2206,2220,361,74,citamgine
4950,enjoin,68,3,16,2202,2345,79,120,niojne
4951,enjoined,68,3,17,2201,2475,122,126,deniojne
4952,injunction,68,3,18,2222,2601,89,134,noitcnujni
4953,enjoy,68,3,19,2145,2728,77,129,yojne
4954,enjoyable,68,3,20,2178,2838,99,203,elbayojne
4955,enjoyed,68,3,21,2252,2949,146,122,deyojne
4956,enjoyment,68,3,22,2233,3078,145,119,tnemyojne
4957,enjoys,68,3,23,2191,3205,73,145,syojne
4958,enlarge,68,3,24,2281,3287,222,129,egralne
4959,enlarged,68,3,25,2236,3411,243,132,degralne
4960,enlargement,69,1,1,647,509,245,138,tnemegralne
4961,enlighten,69,1,2,629,651,269,52,nethgilne
4962,enlightened,69,1,3,649,717,309,102,denethgilne
4963,enlightenment,69,1,4,663,892,360,51,tnemnethgilne
4964,unenlightened,69,1,5,659,959,324,106,denethgilnenu
4965,enlist,69,1,6,616,1149,212,37,tsilne
4966,enlistment,69,1,7,602,1279,328,38,tnemtsilne
4967,enlists,69,1,8,601,1391,200,59,stsilne
4968,reenlists,69,1,9,572,1502,295,57,stsilneer
4969,enliven,69,1,10,566,1598,238,139,nevilne
4970,enmity,69,1,11,634,1705,209,94,ytimne
4971,ennoble,69,1,12,662,1871,110,138,elbonne
4972,ennoblement,69,1,13,762,1995,163,136,tnemelbonne
4973,ennui,69,1,14,588,2113,202,47,iunne
4974,enormous,69,1,15,619,2240,215,23,suomrone
4975,enormity,69,1,16,582,2331,278,49,ytimrone
4976,enormously,69,1,17,601,2482,255,21,ylsuomrone
4977,enough,69,1,18,608,2607,92,86,hguone
4978,enrapture,69,1,19,545,2698,238,104,erutparne
4979,enrich,69,1,20,588,2826,147,86,hcirne
4980,enriched,69,1,21,605,2951,147,92,dehcirne
4981,enrichment,69,1,22,630,3073,203,103,tnemhcirne
4982,ensconce,69,1,23,549,3205,182,60,ecnocsne
4983,ensign,69,1,24,588,3325,111,66,ngisne
4984,ensilage,69,1,25,540,3436,217,134,egalisne
4985,enslave,69,2,1,1314,534,237,132,evalsne
4986,ensue,69,2,2,1409,665,68,48,eusne
4987,ensued,69,2,3,1391,751,169,85,deusne
4988,ensues,69,2,4,1416,916,61,67,seusne
4989,entablature,69,2,5,1397,953,304,141,erutalbatne
4990,entail,69,2,6,1314,1079,274,87,liatne
4991,entailed,69,2,7,1326,1170,308,113,deliatne
4992,entangle,69,2,8,1291,1308,325,91,elgnatne
4993,disentangled,69,2,9,1433,1424,414,106,delgnatnesid
4994,enter,69,2,10,1419,1586,154,77,retne
4995,entered,69,2,11,1426,1697,154,80,deretne
4996,enters,69,2,12,1398,1822,162,80,sretne
4997,entrance,69,2,13,1412,1973,102,53,ecnartne
4998,entrant,69,2,14,1409,2058,141,68,tnartne
4999,entry,69,2,15,1359,2174,184,72,yrtne
5000,reenter,69,2,16,1349,2303,165,82,retneer
5001,enterprise,69,2,17,1451,2404,103,122,esirpretne
5002,unenterprising,69,2,18,1540,2527,144,116,gnisirpretnenu
5003,entertain,69,2,19,1414,2668,135,68,niatretne
5004,entertained,69,2,20,1435,2730,208,137,deniatretne
5005,entertainer,69,2,21,1442,2895,195,85,reniatretne
5006,entertainment,69,2,22,1484,3025,234,76,tnemniatretne
5007,enthrall,69,2,23,1348,3168,332,52,llarhtne
5008,enthralled,69,2,24,1369,3257,351,79,dellarhtne
5009,enthrone,69,2,25,1379,3410,222,44,enorhtne
5010,enthroned,69,3,1,2258,468,249,94,denorhtne
5011,enthusiasm,69,3,2,2289,628,101,52,msaisuhtne
5012,enthusiast,69,3,3,2281,758,127,77,tsaisuhtne
5013,enthusiastic,69,3,4,2307,883,142,74,citsaisuhtne
5014,enthusiastically,69,3,5,2339,995,164,87,yllacitsaisuhtne
5015,unenthusiastic,69,3,6,2335,1119,215,68,citsaisuhtnenu
5016,entice,69,3,7,2261,1197,139,87,ecitne
5017,enticed,69,3,8,2237,1304,164,94,decitne
5018,entices,69,3,9,2249,1442,145,84,secitne
5019,entire,69,3,10,2240,1548,141,93,eritne
5020,entirely,69,3,11,2241,1678,139,93,yleritne
5021,entirety,69,3,12,2226,1786,194,109,yteritne
5022,entitle,69,3,13,2216,1913,183,95,eltitne
5023,entity,69,3,14,2207,2048,181,90,ytitne
5024,entomb,69,3,15,2158,2193,284,63,bmotne
5025,entombed,69,3,16,2182,2226,289,148,debmotne
5026,entombment,69,3,17,2247,2421,381,64,tnembmotne
5027,entomology,69,3,18,2238,2515,209,105,ygolomotne
5028,entrain,69,3,19,2206,2648,254,93,niartne
5029,entrance,69,3,20,2230,2796,83,81,ecnartne
5030,entrap,69,3,21,2179,2892,231,93,partne
5031,entreat,69,3,22,2225,3031,82,69,taertne
5032,entrust,69,3,23,2162,3140,203,64,tsurtne
5033,entry,69,3,24,2175,3253,213,85,yrtne
5034,entryway,69,3,25,2192,3384,215,88,yawyrtne
5035,entwine,70,1,1,534,410,166,96,eniwtne
5036,entwined,70,1,2,544,489,215,140,deniwtne
5037,enumerate,70,1,3,582,717,228,41,etaremune
5038,enumeration,70,1,4,655,840,231,41,noitaremune
5039,enumerator,70,1,5,630,977,285,43,rotaremune
5040,enunciate,70,1,6,630,1104,172,66,etaicnune
5041,enunciation,70,1,7,672,1225,169,83,noitaicnune
5042,enunciator,70,1,8,646,1351,209,91,rotaicnune
5043,envelope,70,1,9,656,1477,142,121,epolevne
5044,envelopment,70,1,10,650,1605,260,117,tnempolevne
5045,environs,70,1,11,647,1727,180,118,snorivne
5046,environment,70,1,12,620,1840,316,126,tnemnorivne
5047,envoy,70,1,13,614,1966,88,124,yovne
5048,envy,70,1,14,546,2098,102,113,yvne
5049,enviable,70,1,15,559,2207,125,206,elbaivne
5050,envious,70,1,16,623,2329,98,132,suoivne
5051,unenviable,70,1,17,665,2445,131,196,elbaivnenu
5052,enzyme,70,1,18,437,2578,196,70,emyzne
5053,epaulette,70,1,19,551,2635,227,88,etteluape
5054,ephemeral,70,1,20,555,2750,362,82,laremehpe
5055,ephemerally,70,1,21,639,2873,277,93,yllaremehpe
5056,epic,70,1,22,606,3002,91,73,cipe
5057,epical,70,1,23,599,3125,100,98,lacipe
5058,epicure,70,1,24,594,3247,148,71,erucipe
5059,epicurean,70,1,25,585,3347,186,69,naerucipe
5060,epidemic,70,2,1,1429,409,227,100,cimedipe
5061,epidermic,70,2,2,1389,526,303,110,cimredipe
5062,epidermis,70,2,3,1402,657,247,95,simredipe
5063,epiglottis,70,2,4,1349,811,321,77,sittolgipe
5064,epigram,70,2,5,1390,932,186,103,margipe
5065,epilepsy,70,2,6,1399,1047,180,171,yspelipe
5066,epileptic,70,2,7,1380,1168,197,149,citpelipe
5067,epilogue,70,2,8,1358,1291,298,84,eugolipe
5068,episcopal,70,2,9,1472,1418,86,104,lapocsipe
5069,episcopalian,70,2,10,1475,1530,177,150,nailapocsipe
5070,episode,70,2,11,1380,1650,136,122,edosipe
5071,episodic,70,2,12,1405,1774,216,106,cidosipe
5072,epistle,70,2,13,1398,1901,175,115,eltsipe
5073,epitaph,70,2,14,1402,2028,107,111,hpatipe
5074,epithelium,70,2,15,1363,2146,310,67,muilehtipe
5075,epithet,70,2,16,1387,2258,107,79,tehtipe
5076,epitome,70,2,17,1368,2361,195,103,emotipe
5077,epitomize,70,2,18,1418,2477,192,98,ezimotipe
5078,epoch,70,2,19,1387,2636,95,70,hcope
5079,epochal,70,2,20,1373,2752,100,98,lahcope
5080,equable,70,2,21,1402,2917,101,142,elbauqe
5081,equability,70,2,22,1492,3031,104,135,ytilibauqe
5082,equal,70,2,23,1270,3157,229,37,lauqe
5083,equality,70,2,24,1425,3277,128,44,ytilauqe
5084,equalization,70,2,25,1488,3376,235,85,noitazilauqe
5085,equalize,70,3,1,2256,459,258,70,ezilauqe
5086,equally,70,3,2,2258,591,232,39,yllauqe
5087,unequaled,70,3,3,2249,693,305,67,delauqenu
5088,equanimity,70,3,4,2250,784,286,121,ytiminauqe
5089,equation,70,3,5,2277,963,117,72,noitauqe
5090,equator,70,3,6,2276,1050,155,107,rotauqe
5091,equatorial,70,3,7,2241,1188,367,86,lairotauqe
5092,equestrian,70,3,8,2258,1293,274,90,nairtseuqe
5093,equiangular,70,3,9,2259,1457,188,56,ralugnaiuqe
5094,equidistant,70,3,10,2238,1486,339,147,tnatsidiuqe
5095,equilateral,70,3,11,2180,1684,280,61,laretaliuqe
5096,equilibrium,70,3,12,2272,1820,257,116,muirbiliuqe
5097,equilibrist,70,3,13,2290,1936,254,127,tsirbiliuqe
5098,equine,70,3,14,2271,2059,183,64,eniuqe
5099,equinox,70,3,15,2280,2186,194,52,xoniuqe
5100,equinoctial,70,3,16,2275,2305,251,49,laitconiuqe
5101,equip,70,3,17,2292,2426,145,79,piuqe
5102,equipage,70,3,18,2288,2545,133,190,egapiuqe
5103,equipment,70,3,19,2362,2677,177,79,tnempiuqe
5104,equity,70,3,20,2247,2768,155,81,ytiuqe
5105,equitable,70,3,21,2283,2898,147,129,elbatiuqe
5106,inequitable,70,3,22,2294,3034,190,131,elbatiuqeni
5107,inequity,70,3,23,2182,3132,224,63,ytiuqeni
5108,equivalent,70,3,24,2232,3269,112,127,tnelaviuqe
5109,equivocal,70,3,25,2269,3388,132,122,lacoviuqe
5110,equivocate,71,1,1,663,536,112,132,etacoviuqe
5111,equivocation,71,1,2,643,678,124,160,noitacoviuqe
5112,equivocator,71,1,3,770,788,142,154,rotacoviuqe
5113,eradicate,71,1,4,492,846,269,91,etacidare
5114,eradicable,71,1,5,550,981,302,117,elbacidare
5115,eradication,71,1,6,601,1096,289,96,noitacidare
5116,ineradicable,71,1,7,590,1210,345,121,elbacidareni
5117,erase,71,1,8,585,1389,130,67,esare
5118,erasable,71,1,9,575,1512,151,179,elbasare
5119,eraser,71,1,10,653,1633,154,68,resare
5120,erasure,71,1,11,584,1745,125,74,erusare
5121,erect,71,1,12,542,1885,176,44,tcere
5122,erectile,71,1,13,517,1990,343,57,elitcere
5123,erectility,71,1,14,530,2135,303,64,ytilitcere
5124,erection,71,1,15,565,2254,152,51,noitcere
5125,erectness,71,1,16,532,2381,262,39,ssentcere
5126,erector,71,1,17,525,2502,235,33,rotcere
5127,ergo,71,1,18,502,2624,277,33,ogre
5128,ermine,71,1,19,501,2752,215,19,enimre
5129,erode,71,1,20,526,2811,183,77,edore
5130,erosion,71,1,21,551,2986,108,46,noisore
5131,erosive,71,1,22,511,3100,137,152,evisore
5132,err,71,1,23,601,3230,97,30,rre
5133,aberration,71,1,24,625,3267,115,135,noitarreba
5134,errata,71,1,25,551,3443,195,60,atarre
5135,erratic,71,2,1,1385,535,126,59,citarre
5136,erratum,71,2,2,1374,619,250,102,mutarre
5137,inerrant,71,2,3,1366,742,257,83,tnarreni
5138,unerringly,71,2,4,1420,907,149,43,ylgnirrenu
5139,errand,71,2,5,1377,994,179,80,dnarre
5140,error,71,2,6,1376,1151,178,32,rorre
5141,erroneous,71,2,7,1373,1278,176,54,suoenorre
5142,erudite,71,2,8,1355,1351,231,84,etidure
5143,erudition,71,2,9,1377,1467,199,90,noitidure
5144,erupt,71,2,10,1353,1659,91,81,tpure
5145,eruption,71,2,11,1355,1772,102,112,noitpure
5146,eruptive,71,2,12,1367,1897,106,182,evitpure
5147,erysipelas,71,2,13,1486,2006,105,101,salepisyre
5148,escalator,71,2,14,1332,2101,292,73,rotalacse
5149,escapade,71,2,15,1374,2238,104,122,edapacse
5150,escape,71,2,16,1354,2359,97,109,epacse
5151,escaped,71,2,17,1367,2485,90,96,depacse
5152,escapement,71,2,18,1425,2607,182,107,tnemepacse
5153,inescapable,71,2,19,1441,2733,129,210,elbapacseni
5154,escheat,71,2,20,1292,2779,102,147,taehcse
5155,eschew,71,2,21,1344,2907,84,114,wehcse
5156,eschewal,71,2,22,1347,3022,203,126,lawehcse
5157,escort,71,2,23,1321,3200,152,52,trocse
5158,escorted,71,2,24,1331,3235,274,143,detrocse
5159,unescorted,71,2,25,1376,3396,340,131,detrocsenu
5160,escrow,71,3,1,2190,534,173,44,worcse
5161,escutcheon,71,3,2,2234,651,110,112,noehctucse
5162,especial,71,3,3,2196,717,69,104,laicepse
5163,especially,71,3,4,2219,841,73,100,yllaicepse
5164,espionage,71,3,5,2204,961,74,203,eganoipse
5165,esplanade,71,3,6,2231,1087,282,116,edanalpse
5166,espouse,71,3,7,2177,1209,113,129,esuopse
5167,espousal,71,3,8,2187,1325,242,136,lasuopse
5168,esprit,71,3,9,2184,1464,79,98,tirpse
5169,esquire,71,3,10,2187,1631,128,56,eriuqse
5170,essayist,71,3,11,2177,1737,105,93,tsiyasse
5171,essence,71,3,12,2196,1871,85,56,ecnesse
5172,essential,71,3,13,2192,1999,87,63,laitnesse
5173,essentially,71,3,14,2247,2118,88,98,yllaitnesse
5174,quintessence,71,3,15,2272,2203,203,100,ecnessetniuq
5175,establishment,71,3,16,2279,2366,137,126,tnemhsilbatse
5176,estate,71,3,17,2146,2479,75,47,etatse
5177,esteem,71,3,18,2204,2562,197,85,meetse
5178,esteemed,71,3,19,2220,2616,283,154,demeetse
5179,estimable,71,3,20,2232,2787,172,123,elbamitse
5180,inestimable,71,3,21,2241,2945,212,123,elbamitseni
5181,esthetic,71,3,22,2227,3092,95,56,citehtse
5182,estimate,71,3,23,2212,3135,236,126,etamitse
5183,estimated,71,3,24,2212,3185,308,191,detamitse
5184,estimation,71,3,25,2221,3415,185,88,noitamitse
5185,estimator,72,1,1,678,430,184,124,rotamitse
5186,estop,72,1,2,673,629,71,97,potse
5187,estoppel,72,1,3,647,743,202,86,leppotse
5188,estranged,72,1,4,764,880,116,141,degnartse
5189,estrangement,72,1,5,801,1001,139,120,tnemegnartse
5190,estuary,72,1,6,597,1109,168,54,yrautse
5191,etch,72,1,7,678,1211,39,79,hcte
5192,eternal,72,1,8,598,1317,258,83,lanrete
5193,eternally,72,1,9,635,1430,132,96,yllanrete
5194,eternity,72,1,10,612,1553,187,106,ytinrete
5195,ether,72,1,11,621,1712,58,45,rehte
5196,ethereal,72,1,12,614,1828,231,51,laerehte
5197,etherealize,72,1,13,647,1941,238,69,ezilaerehte
5198,ethics,72,1,14,627,2052,133,74,scihte
5199,ethical,72,1,15,627,2202,117,48,lacihte
5200,unethical,72,1,16,634,2337,184,44,lacihtenu
5201,ethnic,72,1,17,615,2434,199,66,cinhte
5202,ethnology,72,1,18,654,2557,110,50,ygolonhte
5203,ethyl,72,1,19,600,2681,252,55,lyhte
5204,etymology,72,1,20,620,2769,195,96,ygolomyte
5205,eucalyptus,72,1,21,596,2932,290,88,sutpylacue
5206,euchre,72,1,22,594,3063,191,38,erhcue
5207,eulogy,72,1,23,607,3178,189,125,ygolue
5208,eulogize,72,1,24,602,3300,202,136,ezigolue
5209,euphemism,72,1,25,593,3370,256,107,msimehpue
5210,euphemistic,72,2,1,1548,462,221,115,citsimehpue
5211,euphony,72,2,2,1550,575,72,101,ynohpue
5212,evacuate,72,2,3,1524,671,204,157,etaucave
5213,evacuated,72,2,4,1500,799,277,155,detaucave
5214,evacuation,72,2,5,1508,936,123,142,noitaucave
5215,evade,72,2,6,1450,1071,160,134,edave
5216,evaded,72,2,7,1434,1172,253,152,dedave
5217,evasion,72,2,8,1467,1289,121,158,noisave
5218,evasive,72,2,9,1413,1412,172,231,evisave
5219,evaluate,72,2,10,1475,1532,207,129,etaulave
5220,evaluated,72,2,11,1582,1653,286,135,detaulave
5221,evaluation,72,2,12,1508,1780,155,140,noitaulave
5222,evanescent,72,2,13,1463,1911,255,136,tnecsenave
5223,evanescence,72,2,14,1537,2021,211,140,ecnecsenave
5224,evangelist,72,2,15,1503,2149,123,199,tsilegnave
5225,evangelical,72,2,16,1544,2259,133,211,lacilegnave
5226,evaporate,72,2,17,1652,2357,124,211,etaropave
5227,evaporation,72,2,18,1680,2475,132,241,noitaropave
5228,evening,72,2,19,1502,2623,88,153,gnineve
5229,event,72,2,20,1524,2731,119,125,tneve
5230,eventful,72,2,21,1532,2848,123,126,luftneve
5231,eventual,72,2,22,1488,2975,268,119,lautneve
5232,eventuality,72,2,23,1497,3104,284,116,ytilautneve
5233,eventually,72,2,24,1477,3222,281,121,yllautneve
5234,eventuate,72,2,25,1511,3335,173,123,etautneve
5235,uneventful,72,3,1,2374,518,141,140,luftnevenu
5236,ever,72,3,2,2242,563,112,131,reve
5237,whatever,72,3,3,2306,730,143,148,revetahw
5238,whenever,72,3,4,2295,876,150,126,revenehw
5239,wherever,72,3,5,2302,984,150,141,reverehw
5240,whichever,72,3,6,2272,1092,164,164,revehcihw
5241,every,72,3,7,2357,1154,109,134,yreve
5242,everybody,72,3,8,2305,1301,142,220,ydobyreve
5243,everything,72,3,9,2367,1407,114,144,gnihtyreve
5244,everywhere,72,3,10,2334,1524,163,129,erehwyreve
5245,evict,72,3,11,2298,1657,121,140,tcive
5246,eviction,72,3,12,2284,1773,121,142,noitcive
5247,evident,72,3,13,2282,1888,141,134,tnedive
5248,evidence,72,3,14,2286,2017,124,128,ecnedive
5249,evil,72,3,15,2274,2127,147,136,live
5250,evilly,72,3,16,2269,2262,109,149,yllive
5251,evince,72,3,17,2245,2384,119,132,ecnive
5252,evoke,72,3,18,2302,2503,102,124,ekove
5253,evocation,72,3,19,2326,2624,108,163,noitacove
5254,evolve,72,3,20,2217,2736,165,135,evlove
5255,evolution,72,3,21,2334,2852,159,143,noitulove
5256,evolutionist,72,3,22,2434,2980,158,177,tsinoitulove
5257,exacerbation,72,3,23,2473,3171,90,202,noitabrecaxe
5258,exact,72,3,24,2293,3285,138,79,tcaxe
5259,exaction,72,3,25,2280,3403,139,86,noitcaxe
5260,exactitude,73,1,1,638,507,209,91,edutitcaxe
5261,exactness,73,1,2,614,647,203,76,ssentcaxe
5262,inexact,73,1,3,603,791,134,88,tcaxeni
5263,exaggeration,73,1,4,731,821,100,144,noitareggaxe
5264,exalt,73,1,5,588,1010,213,68,tlaxe
5265,exaltation,73,1,6,575,1131,235,72,noitatlaxe
5266,exalted,73,1,7,557,1201,332,112,detlaxe
5267,examine,73,1,8,546,1378,277,79,enimaxe
5268,examination,73,1,9,618,1512,246,63,noitanimaxe
5269,example,73,1,10,582,1628,181,82,elpmaxe
5270,exemplary,73,1,11,633,1751,228,84,yralpmexe
5271,exemplication,73,1,12,701,1866,157,127,noitacilpmexe
5272,exemplify,73,1,13,616,1988,166,115,yfilpmexe
5273,sample,73,1,14,561,2109,197,82,elpmas
5274,unexampled,73,1,15,611,2246,194,104,delpmaxenu
5275,exasperate,73,1,16,794,2275,93,126,etarepsaxe
5276,exasperation,73,1,17,682,2390,102,159,noitarepsaxe
5277,excavate,73,1,18,592,2592,141,165,etavacxe
5278,excavation,73,1,19,684,2716,133,175,noitavacxe
5279,excavator,73,1,20,732,2837,142,161,rotavacxe
5280,exceed,73,1,21,515,2927,150,97,deecxe
5281,exceeded,73,1,22,542,2998,232,141,dedeecxe
5282,excel,73,1,23,521,3189,170,56,lecxe
5283,excelled,73,1,24,525,3271,188,90,dellecxe
5284,excellence,73,1,25,578,3426,169,60,ecnellecxe
5285,excellency,73,2,1,1467,527,177,62,ycnellecxe
5286,excellent,73,2,2,1472,649,171,61,tnellecxe
5287,excelsior,73,2,3,1436,779,241,79,roislecxe
5288,except,73,2,4,1475,862,59,80,tpecxe
5289,exceptionable,73,2,5,1560,974,150,231,elbanoitpecxe
5290,unexceptionable,73,2,6,1553,1170,133,236,elbanoitpecxenu
5291,excerpt,73,2,7,1365,1211,84,105,tprecxe
5292,excess,73,2,8,1385,1367,58,63,ssecxe
5293,excessive,73,2,9,1288,1491,169,183,evissecxe
5294,exchange,73,2,10,1442,1569,66,102,egnahcxe
5295,exchangeable,73,2,11,1453,1701,138,203,elbaegnahcxe
5296,exchequer,73,2,12,1499,1812,179,113,reuqehcxe
5297,excise,73,2,13,1398,1973,79,86,esicxe
5298,excision,73,2,14,1416,2093,53,77,noisicxe
5299,excite,73,2,15,1352,2227,101,77,eticxe
5300,excitability,73,2,16,1413,2341,121,142,ytilibaticxe
5301,excitable,73,2,17,1461,2445,115,152,elbaticxe
5302,excitant,73,2,18,1425,2542,212,128,tnaticxe
5303,excitation,73,2,19,1432,2712,80,56,noitaticxe
5304,excitement,73,2,20,1387,2816,225,77,tnemeticxe
5305,exciter,73,2,21,1364,2924,114,89,reticxe
5306,exclaim,73,2,22,1339,3038,135,72,mialcxe
5307,exclaimed,73,2,23,1410,3138,153,97,demialcxe
5308,exclamation,73,2,24,1466,3286,135,93,noitamalcxe
5309,exclamatory,73,2,25,1445,3415,231,81,yrotamalcxe
5310,exclude,73,3,1,2221,513,136,74,edulcxe
5311,excluded,73,3,2,2233,598,198,107,dedulcxe
5312,exclusion,73,3,3,2244,750,34,78,noisulcxe
5313,exclusive,73,3,4,2233,832,136,145,evisulcxe
5314,include,73,3,5,2246,992,129,78,edulcni
5315,included,73,3,6,2250,1073,189,116,dedulcni
5316,excommunicate,73,3,7,2288,1274,253,42,etacinummocxe
5317,excoriate,73,3,8,2201,1380,233,56,etairocxe
5318,excrescence,73,3,9,2200,1510,227,72,ecnecsercxe
5319,excruciate,73,3,10,2210,1629,186,105,etaicurcxe
5320,exculpate,73,3,11,2253,1746,237,154,etaplucxe
5321,exculpation,73,3,12,2289,1870,224,126,noitaplucxe
5322,exculpatory,73,3,13,2290,1991,324,160,yrotaplucxe
5323,excursion,73,3,14,2254,2117,138,60,noisrucxe
5324,excuse,73,3,15,2264,2237,137,53,esucxe
5325,excusable,73,3,16,2269,2352,116,136,elbasucxe
5326,excuses,73,3,17,2267,2472,126,66,sesucxe
5327,inexcusable,73,3,18,2304,2605,160,168,elbasucxeni
5328,execrate,73,3,19,2163,2712,216,61,etarcexe
5329,execrable,73,3,20,2244,2825,183,134,elbarcexe
5330,execration,73,3,21,2225,2950,213,70,noitarcexe
5331,execute,73,3,22,2266,3081,112,46,etucexe
5332,executant,73,3,23,2238,3150,190,95,tnatucexe
5333,execution,73,3,24,2279,3319,117,63,noitucexe
5334,executioner,73,3,25,2285,3430,116,78,renoitucexe
5335,executive,74,1,1,695,545,111,135,evitucexe
5336,executor,74,1,2,710,670,157,67,rotucexe
5337,executrix,74,1,3,705,789,164,73,xirtucexe
5338,exemplify,74,1,4,640,917,184,129,yfilpmexe
5339,exemplar,74,1,5,707,1034,239,88,ralpmexe
5340,exemplary,74,1,6,705,1157,231,90,yralpmexe
5341,exemplication,74,1,7,796,1277,175,129,noitacilpmexe
5342,exempt,74,1,8,671,1340,174,123,tpmexe
5343,exemption,74,1,9,683,1524,171,58,noitpmexe
5344,exequatur,74,1,10,685,1625,168,106,rutauqexe
5345,exercise,74,1,11,685,1765,108,50,esicrexe
5346,exercises,74,1,12,682,1891,108,59,sesicrexe
5347,exert,74,1,13,665,2006,81,46,trexe
5348,exerted,74,1,14,638,2072,215,111,detrexe
5349,exertion,74,1,15,675,2244,58,59,noitrexe
5350,exhale,74,1,16,616,2358,187,76,elahxe
5351,exhalation,74,1,17,668,2480,193,98,noitalahxe
5352,exhaust,74,1,18,689,2593,45,75,tsuahxe
5353,exhaustible,74,1,19,697,2713,88,168,elbitsuahxe
5354,exhaustion,74,1,20,770,2843,39,108,noitsuahxe
5355,exhaustive,74,1,21,703,2964,103,155,evitsuahxe
5356,exhaustless,74,1,22,755,3090,166,95,sseltsuahxe
5357,inexhaustible,74,1,23,732,3233,110,161,elbitsuahxeni
5358,exhibit,74,1,24,630,3265,107,131,tibihxe
5359,exhibited,74,1,25,738,3378,176,131,detibihxe
5360,exhibition,74,2,1,1528,459,99,153,noitibihxe
5361,exhibitor,74,2,2,1539,585,108,129,rotibihxe
5362,exhilarate,74,2,3,1482,790,240,57,etaralihxe
5363,exhilaration,74,2,4,1521,911,278,77,noitaralihxe
5364,exhort,74,2,5,1498,1019,88,63,trohxe
5365,exhortation,74,2,6,1524,1143,80,66,noitatrohxe
5366,exhorted,74,2,7,1491,1203,215,125,detrohxe
5367,exhume,74,2,8,1472,1404,182,59,emuhxe
5368,exhumation,74,2,9,1519,1518,195,67,noitamuhxe
5369,exhumed,74,2,10,1497,1583,171,117,demuhxe
5370,inhume,74,2,11,1478,1744,213,71,emuhni
5371,exigent,74,2,12,1457,1821,119,124,tnegixe
5372,exigency,74,2,13,1514,1910,122,182,ycnegixe
5373,exiguous,74,2,14,1465,2131,193,68,suougixe
5374,exile,74,2,15,1419,2245,184,69,elixe
5375,exiled,74,2,16,1419,2334,214,81,delixe
5376,exist,74,2,17,1453,2496,32,58,tsixe
5377,existence,74,2,18,1451,2610,36,56,ecnetsixe
5378,existent,74,2,19,1424,2724,126,81,tnetsixe
5379,exit,74,2,20,1411,2845,85,69,tixe
5380,exodus,74,2,21,1361,2927,166,94,sudoxe
5381,ex officio,74,2,22,1394,3026,92,152,oiciffo xe
5382,exonerate,74,2,23,1446,3200,214,58,etarenoxe
5383,exoneration,74,2,24,1549,3328,210,80,noitarenoxe
5384,exonerative,74,2,25,1522,3441,176,185,evitarenoxe
5385,exorbitant,74,3,1,2295,448,99,143,tnatibroxe
5386,exordium,74,3,2,2256,604,232,106,muidroxe
5387,exoteric,74,3,3,2267,772,193,69,ciretoxe
5388,exoterical,74,3,4,2298,891,194,69,laciretoxe
5389,exotic,74,3,5,2304,1034,69,82,citoxe
5390,expand,74,3,6,2340,1090,122,123,dnapxe
5391,expanse,74,3,7,2277,1231,140,114,esnapxe
5392,expansible,74,3,8,2298,1345,134,208,elbisnapxe
5393,expansion,74,3,9,2335,1470,139,117,noisnapxe
5394,expansive,74,3,10,2294,1590,134,199,evisnapxe
5395,expatiate,74,3,11,2360,1708,113,157,etaitapxe
5396,expatiated,74,3,12,2331,1827,222,169,detaitapxe
5397,expatiation,74,3,13,2369,1947,123,178,noitaitapxe
5398,expatriate,74,3,14,2398,2072,176,96,etairtapxe
5399,expect,74,3,15,2342,2196,70,91,tcepxe
5400,expectancy,74,3,16,2343,2329,79,121,ycnatcepxe
5401,expectant,74,3,17,2375,2443,114,119,tnatcepxe
5402,expectation,74,3,18,2410,2554,77,134,noitatcepxe
5403,unexpectedly,74,3,19,2421,2744,93,103,yldetcepxenu
5404,expectorate,74,3,20,2328,2814,196,92,etarotcepxe
5405,expedient,74,3,21,2338,2922,139,104,tneidepxe
5406,expedience,74,3,22,2361,3040,118,102,ecneidepxe
5407,expedite,74,3,23,2336,3160,156,100,etidepxe
5408,expedition,74,3,24,2341,3283,127,97,noitidepxe
5409,expeditious,74,3,25,2358,3388,136,127,suoitidepxe
5410,expel,75,1,1,578,460,164,102,lepxe
5411,expelled,75,1,2,586,581,188,102,dellepxe
5412,expulsion,75,1,3,594,709,158,111,noislupxe
5413,expend,75,1,4,582,826,117,112,dnepxe
5414,expenditure,75,1,5,664,935,241,115,erutidnepxe
5415,expense,75,1,6,632,1069,89,116,esnepxe
5416,expensive,75,1,7,612,1194,128,198,evisnepxe
5417,experience,75,1,8,730,1321,62,93,ecneirepxe
5418,inexperienced,75,1,9,735,1513,71,109,decneirepxeni
5419,experiment,75,1,10,618,1564,180,91,tnemirepxe
5420,experimental,75,1,11,709,1680,196,106,latnemirepxe
5421,experimentation,75,1,12,766,1813,183,87,noitatnemirepxe
5422,experimenter,75,1,13,690,1937,277,90,retnemirepxe
5423,expert,75,1,14,616,2046,77,97,trepxe
5424,expiate,75,1,15,593,2156,127,136,etaipxe
5425,expiation,75,1,16,649,2273,86,121,noitaipxe
5426,expiatory,75,1,17,619,2397,180,129,yrotaipxe
5427,expire,75,1,18,634,2525,87,103,eripxe
5428,expiration,75,1,19,670,2642,99,129,noitaripxe
5429,explain,75,1,20,613,2773,170,96,nialpxe
5430,explainable,75,1,21,673,2879,169,200,elbanialpxe
5431,explanation,75,1,22,673,3012,162,113,noitanalpxe
5432,explanatory,75,1,23,665,3124,232,125,yrotanalpxe
5433,expletive,75,1,24,628,3242,245,102,evitelpxe
5434,explicable,75,1,25,616,3369,205,184,elbacilpxe
5435,inexplicable,75,2,1,1508,529,249,208,elbacilpxeni
5436,explicit,75,2,2,1428,596,217,103,ticilpxe
5437,explode,75,2,3,1404,709,265,94,edolpxe
5438,explosion,75,2,4,1448,837,176,111,noisolpxe
5439,exploit,75,2,5,1439,957,193,100,tiolpxe
5440,exploitation,75,2,6,1494,1073,196,107,noitatiolpxe
5441,explore,75,2,7,1427,1206,237,84,erolpxe
5442,exploration,75,2,8,1490,1321,246,112,noitarolpxe
5443,exploratory,75,2,9,1472,1439,330,95,yrotarolpxe
5444,exponent,75,2,10,1476,1565,77,95,tnenopxe
5445,exponential,75,2,11,1512,1678,79,111,laitnenopxe
5446,export,75,2,12,1445,1804,77,97,tropxe
5447,exportable,75,2,13,1458,1916,85,184,elbatropxe
5448,exportation,75,2,14,1507,2037,75,100,noitatropxe
5449,exported,75,2,15,1472,2140,189,106,detropxe
5450,exporter,75,2,16,1439,2279,82,107,retropxe
5451,expose,75,2,17,1434,2390,76,103,esopxe
5452,exposes,75,2,18,1444,2521,73,119,sesopxe
5453,exposition,75,2,19,1466,2633,75,128,noitisopxe
5454,expositor,75,2,20,1475,2753,117,128,rotisopxe
5455,expository,75,2,21,1500,2886,123,131,yrotisopxe
5456,expostulate,75,2,22,1459,3012,73,121,etalutsopxe
5457,expound,75,2,23,1380,3119,74,104,dnuopxe
5458,express,75,2,24,1421,3246,80,94,sserpxe
5459,expressage,75,2,25,1457,3365,78,190,egasserpxe
5460,expressible,75,3,1,2346,459,84,199,elbisserpxe
5461,expression,75,3,2,2404,597,82,115,noisserpxe
5462,expressive,75,3,3,2280,711,148,178,evisserpxe
5463,expressman,75,3,4,2361,833,256,108,namsserpxe
5464,unexpressed,75,3,5,2375,1011,132,103,desserpxenu
5465,expropriate,75,3,6,2297,1067,150,153,etairporpxe
5466,expropriation,75,3,7,2431,1187,128,178,noitairporpxe
5467,expulsion,75,3,8,2313,1313,141,106,noislupxe
5468,expulsive,75,3,9,2329,1436,158,199,evislupxe
5469,expunge,75,3,10,2259,1555,89,197,egnupxe
5470,expurgate,75,3,11,2289,1684,238,99,etagrupxe
5471,exquisite,75,3,12,2262,1851,132,79,etisiuqxe
5472,extant,75,3,13,2262,1894,174,127,tnatxe
5473,extempore,75,3,14,2281,2037,211,97,eropmetxe
5474,extemporaneous,75,3,15,2408,2152,250,103,suoenaropmetxe
5475,extemporary,75,3,16,2368,2287,281,93,yraropmetxe
5476,extemporization,75,3,17,2423,2395,235,115,noitaziropmetxe
5477,extemporize,75,3,18,2354,2523,218,99,eziropmetxe
5478,extend,75,3,19,2281,2684,127,68,dnetxe
5479,extended,75,3,20,2289,2794,161,68,dednetxe
5480,extension,75,3,21,2303,2905,136,80,noisnetxe
5481,extensive,75,3,22,2306,3010,141,128,evisnetxe
5482,extent,75,3,23,2301,3121,166,101,tnetxe
5483,extenuate,75,3,24,2276,3223,185,113,etaunetxe
5484,extenuated,75,3,25,2300,3254,312,198,detaunetxe
5485,extenuation,76,1,1,741,483,158,96,noitaunetxe
5486,exterior,76,1,2,684,616,119,87,roiretxe
5487,exterminate,76,1,3,693,753,250,88,etanimretxe
5488,extermination,76,1,4,762,875,209,84,noitanimretxe
5489,exterminator,76,1,5,745,992,267,87,rotanimretxe
5490,external,76,1,6,654,1106,260,86,lanretxe
5491,externally,76,1,7,699,1237,125,69,yllanretxe
5492,extinct,76,1,8,670,1363,155,61,tcnitxe
5493,extinction,76,1,9,674,1487,172,67,noitcnitxe
5494,extinguish,76,1,10,675,1599,127,67,hsiugnitxe
5495,extinguishable,76,1,11,773,1722,109,146,elbahsiugnitxe
5496,extirpate,76,1,12,648,1806,112,138,etapritxe
5497,extirpation,76,1,13,718,1928,84,137,noitapritxe
5498,extol,76,1,14,644,2107,219,52,lotxe
5499,extolled,76,1,15,612,2175,221,94,dellotxe
5500,extort,76,1,16,605,2310,143,79,trotxe
5501,extorted,76,1,17,602,2376,221,127,detrotxe
5502,extortion,76,1,18,660,2578,83,50,noitrotxe
5503,extortionate,76,1,19,721,2694,109,93,etanoitrotxe
5504,extra,76,1,20,609,2789,127,80,artxe
5505,extract,76,2,1,1478,501,91,84,tcartxe
5506,extractable,76,2,2,1496,616,82,168,elbatcartxe
5507,extraction,76,2,3,1539,747,93,106,noitcartxe
5508,extractive,76,2,4,1511,862,93,165,evitcartxe
5509,extractor,76,2,5,1557,982,161,84,rotcartxe
5510,extradite,76,2,6,1491,1091,138,90,etidartxe
5511,extraditible,76,2,7,1550,1202,172,153,elbitidartxe
5512,extradition,76,2,8,1521,1338,147,87,noitidartxe
5513,extraneous,76,2,9,1507,1470,96,109,suoenartxe
5514,extraordinary,76,2,10,1544,1593,144,71,yranidroartxe
5515,extraordinarily,76,2,11,1609,1704,144,88,yliranidroartxe
5516,extravagant,76,2,12,1536,1801,114,122,tnagavartxe
5517,extravagance,76,2,13,1553,1903,118,153,ecnagavartxe
5518,extravaganza,76,2,14,1600,2032,129,176,aznagavartxe
5519,extreme,76,2,15,1486,2203,145,64,emertxe
5520,extremist,76,2,16,1489,2311,159,91,tsimertxe
5521,extremity,76,2,17,1491,2400,156,109,ytimertxe
5522,extricate,76,2,18,1475,2554,140,102,etacirtxe
5523,extrication,76,2,19,1495,2685,109,103,noitacirtxe
5524,extrinsic,76,2,20,1430,2795,144,99,cisnirtxe
5525,extrude,76,3,1,2257,501,145,78,edurtxe
5526,exuberant,76,3,2,2329,544,79,157,tnarebuxe
5527,exuberancy,76,3,3,2373,665,73,162,ycnarebuxe
5528,exult,76,3,4,2332,890,81,58,tluxe
5529,exultant,76,3,5,2309,943,174,113,tnatluxe
5530,exultation,76,3,6,2321,1128,95,58,noitatluxe
5531,exulted,76,3,7,2276,1170,214,135,detluxe
5532,eye,76,3,8,2281,1372,63,44,eye
5533,eyeball,76,3,9,2356,1406,190,157,llabeye
5534,eyebar,76,3,10,2231,1527,108,152,rabeye
5535,eyebrow,76,3,11,2339,1663,122,163,worbeye
5536,eyeglass,76,3,12,2270,1861,315,77,ssalgeye
5537,eyelash,76,3,13,2279,1984,216,65,hsaleye
5538,eyelet,76,3,14,2261,2105,189,48,teleye
5539,eyelid,76,3,15,2244,2188,284,89,dileye
5540,eyepiece,76,3,16,2328,2302,80,119,eceipeye
5541,eyes,76,3,17,2297,2459,62,71,seye
5542,eyesight,76,3,18,2304,2539,93,106,thgiseye
5543,eyesore,76,3,19,2286,2687,115,78,eroseye
5544,eyetooth,76,3,20,2293,2794,153,91,htooteye
5545,fable,77,1,2,572,586,103,168,elbaf
5546,fabulous,77,1,3,575,714,126,190,suolubaf
5547,fabric,77,1,4,606,834,118,188,cirbaf
5548,fabricate,77,1,5,729,960,123,180,etacirbaf
5549,fabrication,77,1,6,606,1076,126,190,noitacirbaf
5550,facade,77,1,7,423,1185,175,165,edacaf
5551,face,77,1,8,558,1324,100,120,ecaf
5552,facet,77,1,9,544,1437,124,142,tecaf
5553,facial,77,1,10,587,1551,184,121,laicaf
5554,facetious,77,1,11,598,1684,107,138,suoitecaf
5555,facile,77,1,12,578,1810,183,120,elicaf
5556,facilely,77,1,13,577,1940,182,122,ylelicaf
5557,facilitate,77,1,14,649,2056,280,127,etatilicaf
5558,facility,77,1,15,573,2192,182,104,ytilicaf
5559,facsimile,77,1,16,532,2304,235,108,elimiscaf
5560,fact,77,1,17,558,2430,131,92,tcaf
5561,faction,77,1,18,558,2533,134,103,noitcaf
5562,factional,77,1,19,558,2654,263,111,lanoitcaf
5563,factious,77,1,20,565,2780,126,129,suoitcaf
5564,factitious,77,1,21,606,2893,193,94,suoititcaf
5565,factor,77,1,22,549,3018,159,100,rotcaf
5566,factory,77,1,23,544,3144,252,96,yrotcaf
5567,facultative,77,1,24,613,3253,281,172,evitatlucaf
5568,faculty,77,1,25,547,3391,286,107,ytlucaf
5569,manufacture,77,2,1,1537,521,216,65,erutcafunam
5570,Fahrenheit,77,2,2,1542,578,114,143,tiehnerhaF
5571,fail,77,2,3,1404,715,240,86,liaf
5572,failed,77,2,4,1394,849,255,74,deliaf
5573,failure,77,2,5,1377,959,305,76,eruliaf
5574,faith,77,2,6,1446,1068,112,116,htiaf
5575,faithfulness,77,2,7,1491,1186,127,142,ssenlufhtiaf
5576,faithless,77,2,8,1419,1330,284,93,sselhtiaf
5577,unfaithful,77,2,9,1430,1503,124,109,lufhtiafnu
5578,falcon,77,2,10,1330,1563,159,82,noclaf
5579,fall,77,2,11,1425,1682,61,81,llaf
5580,fallen,77,2,12,1425,1798,77,86,nellaf
5581,fallacy,77,2,13,1344,1926,241,98,ycallaf
5582,fallacious,77,2,14,1420,2047,252,92,suoicallaf
5583,fallible,77,2,15,1416,2182,232,170,elbillaf
5584,infallible,77,2,16,1396,2344,215,155,elbillafni
5585,FALSE,77,2,17,1417,2420,58,104,eslaf
5586,falsehood,77,2,18,1514,2516,141,136,dooheslaf
5587,falsification,77,2,19,1520,2647,81,164,noitacifislaf
5588,falsify,77,2,20,1398,2763,88,153,yfislaf
5589,falsity,77,2,21,1456,2890,80,120,ytislaf
5590,falter,77,2,22,1420,3020,88,92,retlaf
5591,fame,77,2,23,1384,3131,200,88,emaf
5592,defame,77,2,24,1374,3251,240,119,emafed
5593,famous,77,2,25,1384,3376,214,99,suomaf
5594,infamy,77,3,1,2173,529,197,80,ymafni
5595,familiar,77,3,2,2190,603,318,80,railimaf
5596,familiarity,77,3,3,2257,718,364,102,ytirailimaf
5597,familiarization,77,3,4,2340,854,338,129,noitazirailimaf
5598,familiarize,77,3,5,2280,980,365,92,ezirailimaf
5599,familiarly,77,3,6,2325,1094,308,75,ylrailimaf
5600,unfamiliar,77,3,7,2251,1267,331,90,railimafnu
5601,family,77,3,8,2282,1349,232,81,ylimaf
5602,families,77,3,9,2263,1463,246,84,seilimaf
5603,famine,77,3,10,2242,1577,266,83,enimaf
5604,famish,77,3,11,2247,1700,195,85,hsimaf
5605,fanatic,77,3,12,2233,1807,155,109,citanaf
5606,fanaticism,77,3,13,2295,1932,188,93,msicitanaf
5607,fanatics,77,3,14,2259,2051,153,124,scitanaf
5608,fancy,77,3,15,2232,2175,137,96,ycnaf
5609,fancier,77,3,16,2213,2294,192,91,reicnaf
5610,fanciest,77,3,17,2227,2413,184,114,tseicnaf
5611,fanciful,77,3,18,2220,2529,142,145,luficnaf
5612,fantasy,77,3,19,2224,2663,188,86,ysatnaf
5613,fantasia,77,3,20,2218,2775,213,74,aisatnaf
5614,fantastic,77,3,21,2213,2886,223,88,citsatnaf
5615,far,77,3,22,2251,3008,105,92,raf
5616,farsighted,77,3,23,2200,3132,277,147,dethgisraf
5617,farther,77,3,24,2259,3239,120,94,rehtraf
5618,farthest,77,3,25,2232,3374,140,96,tsehtraf
5619,farm,78,1,1,577,496,160,100,mraf
5620,farmed,78,1,2,593,594,207,117,demraf
5621,farmers,78,1,3,621,751,212,110,sremraf
5622,farmhouse,78,1,4,635,878,195,104,esuohmraf
5623,farmyard,78,1,5,616,988,303,108,draymraf
5624,farthing,78,1,6,614,1105,147,94,gnihtraf
5625,fascinate,78,1,7,650,1238,121,115,etanicsaf
5626,fascinated,78,1,8,698,1345,245,134,detanicsaf
5627,fascination,78,1,9,736,1479,97,117,noitanicsaf
5628,fashion,78,1,10,661,1605,99,95,noihsaf
5629,fashionable,78,1,11,694,1710,143,197,elbanoihsaf
5630,old-fashioned,78,1,12,740,1873,264,99,denoihsaf-dlo
5631,unfashionable,78,1,13,670,2027,140,184,elbanoihsafnu
5632,fast,78,1,14,554,2096,81,100,tsaf
5633,fasten,78,1,15,549,2208,106,100,netsaf
5634,faster,78,1,16,579,2322,101,109,retsaf
5635,fastest,78,1,17,600,2446,105,99,tsetsaf
5636,fastidious,78,1,18,574,2554,233,111,suoiditsaf
5637,fatal,78,1,19,534,2676,307,121,lataf
5638,fatality,78,1,20,553,2797,284,102,ytilataf
5639,fatally,78,1,21,570,2913,174,119,yllataf
5640,father,78,1,22,589,3035,130,91,rehtaf
5641,fatherhood,78,1,23,632,3154,229,102,doohrehtaf
5642,father-in-law,78,1,24,666,3285,272,95,wal-ni-rehtaf
5643,fatherland,78,1,25,608,3386,357,117,dnalrehtaf
5644,fatherless,78,2,1,1430,495,271,100,sselrehtaf
5645,fathom,78,2,2,1400,630,256,87,mohtaf
5646,fatigue,78,2,3,1386,746,287,105,eugitaf
5647,fatuous,78,2,4,1402,853,160,117,suoutaf
5648,fatuity,78,2,5,1404,967,224,123,ytiutaf
5649,faucet,78,2,6,1396,1108,99,124,tecuaf
5650,fault,78,2,7,1439,1231,84,98,tluaf
5651,faultily,78,2,8,1434,1361,111,87,ylitluaf
5652,faultless,78,2,9,1410,1471,256,91,sseltluaf
5653,faulty,78,2,10,1406,1596,98,91,ytluaf
5654,favor,78,2,11,1400,1721,102,95,rovaf
5655,disfavor,78,2,12,1407,1832,155,133,rovafsid
5656,favorable,78,2,13,1438,1962,126,195,elbarovaf
5657,favorite,78,2,14,1496,2082,104,115,etirovaf
5658,favoritism,78,2,15,1492,2206,225,101,msitirovaf
5659,favors,78,2,16,1518,2329,116,117,srovaf
5660,unfavorable,78,2,17,1482,2503,111,180,elbarovafnu
5661,fealty,78,2,18,1282,2576,165,107,ytlaef
5662,fear,78,2,19,1396,2702,127,67,raef
5663,fearful,78,2,20,1391,2812,128,111,lufraef
5664,fearless,78,2,21,1398,2931,280,75,sselraef
5665,fearsome,78,2,22,1432,3057,229,85,emosraef
5666,feasible,78,2,23,1408,3176,129,211,elbisaef
5667,feasibility,78,2,24,1473,3302,82,172,ytilibisaef
5668,feast,78,2,25,1342,3412,88,102,tsaef
5669,feather,78,3,1,2331,498,95,82,rehtaef
5670,featherweight,78,3,2,2351,619,158,84,thgiewrehtaef
5671,feature,78,3,3,2276,743,182,103,erutaef
5672,disfeature,78,3,4,2290,866,247,111,erutaefsid
5673,febrile,78,3,5,2087,993,250,181,elirbef
5674,federal,78,3,6,2293,1113,394,116,laredef
5675,confederate,78,3,7,2326,1272,253,116,etaredefnoc
5676,federacy,78,3,8,2361,1346,245,99,ycaredef
5677,federalist,78,3,9,2276,1448,366,107,tsilaredef
5678,federalize,78,3,10,2228,1564,413,125,ezilaredef
5679,federate,78,3,11,2290,1696,258,116,etaredef
5680,federation,78,3,12,2272,1796,286,138,noitaredef
5681,feeble,78,3,13,2272,1960,107,161,elbeef
5682,enfeeble,78,3,14,2277,2138,106,160,elbeefne
5683,feebleness,78,3,15,2331,2214,102,181,ssenelbeef
5684,felicitate,78,3,16,2216,2353,294,88,etaticilef
5685,felicitous,78,3,17,2265,2463,258,96,suoticilef
5686,felicity,78,3,18,2241,2571,201,92,yticilef
5687,feline,78,3,19,2210,2698,292,76,enilef
5688,felon,78,3,20,2234,2823,251,67,nolef
5689,felonious,78,3,21,2227,2938,278,107,suoinolef
5690,felony,78,3,22,2218,3070,266,69,ynolef
5691,female,78,3,23,2229,3184,215,75,elamef
5692,feminine,78,3,24,2222,3303,293,73,eninimef
5693,femininity,78,3,25,2269,3415,315,80,ytininimef
5694,femur,79,1,1,550,484,214,71,rumef
5695,fender,79,1,2,554,592,213,83,rednef
5696,ferment,79,1,3,556,717,268,79,tnemref
5697,fermentable,79,1,4,695,843,261,148,elbatnemref
5698,fermentation,79,1,5,716,965,241,76,noitatnemref
5699,unfermented,79,1,6,684,1063,345,165,detnemrefnu
5700,ferocious,79,1,7,549,1210,141,102,suoicoref
5701,ferocity,79,1,8,618,1339,136,96,yticoref
5702,ferric,79,1,9,557,1464,184,80,cirref
5703,ferrous,79,1,10,564,1580,131,96,suorref
5704,ferrule,79,1,11,479,1710,279,76,elurref
5705,fertile,79,1,12,537,1810,247,88,elitref
5706,fertility,79,1,13,568,1925,233,86,ytilitref
5707,fertilization,79,1,14,663,2052,225,114,noitazilitref
5708,fertilize,79,1,15,609,2177,260,93,ezilitref
5709,fertilizer,79,1,16,587,2296,272,87,rezilitref
5710,fervor,79,1,17,562,2433,164,180,rovref
5711,effervesce,79,1,18,587,2542,182,187,ecsevreffe
5712,fervency,79,1,19,640,2677,138,168,ycnevref
5713,fervent,79,1,20,666,2796,157,163,tnevref
5714,fervid,79,1,21,461,2908,184,180,divref
5715,festal,79,1,22,586,3031,207,101,latsef
5716,festival,79,1,23,567,3148,267,128,lavitsef
5717,festive,79,1,24,559,3270,143,123,evitsef
5718,festivity,79,1,25,639,3384,181,126,ytivitsef
5719,festoon,79,2,1,1363,473,143,110,nootsef
5720,fetish,79,2,2,1362,600,106,87,hsitef
5721,fever,79,2,3,1366,726,144,158,revef
5722,feverish,79,2,4,1397,852,157,199,hsirevef
5723,fiasco,79,2,5,1281,972,108,117,ocsaif
5724,fiat,79,2,6,1337,1089,120,101,taif
5725,fiber,79,2,7,1332,1202,105,168,rebif
5726,fibrous,79,2,8,1360,1336,123,192,suorbif
5727,fickle,79,2,9,1463,1465,241,77,elkcif
5728,fiction,79,2,10,1405,1587,111,102,noitcif
5729,fictional,79,2,11,1369,1703,274,116,lanoitcif
5730,fictitious,79,2,12,1385,1829,200,90,suoititcif
5731,fidelity,79,2,13,1326,1946,319,93,ytiledif
5732,infidel,79,2,14,1337,2111,329,112,ledifni
5733,perfidy,79,2,15,1402,2185,192,147,ydifrep
5734,fiduciary,79,2,16,1449,2287,262,106,yraicudif
5735,field,79,2,17,1348,2415,232,74,dleif
5736,fiend,79,2,18,1354,2537,147,79,dneif
5737,fiendish,79,2,19,1380,2658,162,72,hsidneif
5738,figure,79,2,20,1338,2786,269,88,erugif
5739,disfigure,79,2,21,1407,2895,281,133,erugifsid
5740,figurative,79,2,22,1405,3031,363,89,evitarugif
5741,figurehead,79,2,23,1408,3142,349,93,daeherugif
5742,transfigure,79,2,24,1496,3256,255,96,erugifsnart
5743,filament,79,2,25,1358,3389,310,70,tnemalif
5744,filter,79,3,1,2189,489,258,74,retlif
5745,filtered,79,3,2,2176,584,358,107,deretlif
5746,filtration,79,3,3,2211,735,338,83,noitartlif
5747,filth,79,3,4,2175,854,244,72,htlif
5748,final,79,3,5,2189,965,256,95,lanif
5749,finalist,79,3,6,2177,1089,303,101,tsilanif
5750,finality,79,3,7,2195,1211,276,95,ytilanif
5751,finally,79,3,8,2214,1327,190,105,yllanif
5752,finance,79,3,9,2224,1455,178,83,ecnanif
5753,financial,79,3,10,2234,1579,179,81,laicnanif
5754,financier,79,3,11,2246,1702,242,79,reicnanif
5755,find,79,3,12,2218,1806,116,100,dnif
5756,finder,79,3,13,2203,1940,169,99,rednif
5757,finds,79,3,14,2204,2062,110,108,sdnif
5758,fine,79,3,15,2205,2174,127,91,enif
5759,fined,79,3,16,2213,2288,170,87,denif
5760,fineness,79,3,17,2202,2411,191,93,ssenenif
5761,finery,79,3,18,2209,2541,143,101,yrenif
5762,firenery,79,3,19,2196,2715,137,97,yrenerif
5763,finger,79,3,20,2251,2783,146,74,regnif
5764,fingerling,79,3,21,2227,2916,342,85,gnilregnif
5765,finis,79,3,22,2216,3015,152,97,sinif
5766,finish,79,3,23,2240,3140,102,93,hsinif
5767,unfinished,79,3,24,2264,3323,132,90,dehsinifnu
5768,finite,79,3,25,2136,3376,153,101,etinif
5769,infinite,80,1,1,715,520,137,76,etinifni
5770,infinitesimal,80,1,2,709,639,157,76,lamisetinifni
5771,infinitive,80,1,3,643,756,220,87,evitinifni
5772,infinity,80,1,4,639,881,143,79,ytinifni
5773,fire,80,1,5,645,967,128,77,erif
5774,fiery,80,1,6,634,1074,137,80,yreif
5775,firearm,80,1,7,614,1202,267,74,mraerif
5776,rebrand,80,1,8,617,1307,182,186,dnarber
5777,fiery,80,1,9,744,1424,228,128,yreif
5778,fireman,80,1,10,621,1562,303,80,namerif
5779,fire plug,80,1,11,614,1680,381,142,gulp erif
5780,fireproof,80,1,12,579,1804,162,177,foorperif
5781,fireside,80,1,13,768,1916,128,113,ediserif
5782,firm,80,1,14,635,2041,188,78,mrif
5783,firmness,80,1,15,631,2163,256,77,ssenmrif
5784,firmament,80,1,16,604,2288,292,84,tnemamrif
5785,first,80,1,17,613,2415,94,75,tsrif
5786,fiscal,80,1,18,565,2522,245,93,lacsif
5787,fish,80,1,19,604,2636,95,101,hsif
5788,fisherman,80,1,20,645,2757,205,116,namrehsif
5789,fishery,80,1,21,635,2880,104,106,yrehsif
5790,fishhook,80,1,22,666,3005,99,110,koohhsif
5791,fish,80,1,23,633,3131,91,113,hsif
5792,fissure,80,1,24,636,3233,88,111,erussif
5793,fist,80,1,25,611,3355,86,100,tsif
5794,fit,80,2,1,1375,457,98,92,tif
5795,fitful,80,2,2,1373,571,103,122,luftif
5796,fitly,80,2,3,1381,692,116,95,yltif
5797,fitness,80,2,4,1385,814,184,100,ssentif
5798,fix,80,2,5,1374,931,89,107,xif
5799,affix,80,2,6,1397,1051,93,121,xiffa
5800,fixation,80,2,7,1434,1177,87,166,noitaxif
5801,fixative,80,2,8,1465,1309,157,137,evitaxif
5802,fixes,80,2,9,1355,1426,93,122,sexif
5803,fixity,80,2,10,1397,1562,114,94,ytixif
5804,fixture,80,2,11,1419,1665,163,105,erutxif
5805,prefix,80,2,12,1412,1805,103,153,xiferp
5806,suffix,80,2,13,1495,1893,75,170,xiffus
5807,transfix,80,2,14,1489,2045,81,101,xifsnart
5808,flaccid,80,2,15,1358,2169,328,120,diccalf
5809,flagellate,80,2,16,1396,2269,275,175,etallegalf
5810,flagrant,80,2,17,1382,2406,314,102,tnargalf
5811,flagrance,80,2,18,1433,2522,299,106,ecnargalf
5812,flagrancy,80,2,19,1438,2647,297,105,ycnargalf
5813,flame,80,2,20,1430,2770,291,78,emalf
5814,flamboyant,80,2,21,1499,2884,288,166,tnayobmalf
5815,inflammation,80,2,22,1550,3060,236,91,noitammalfni
5816,flamingo,80,2,23,1375,3125,328,99,ognimalf
5817,flange,80,2,24,1381,3236,225,160,egnalf
5818,flank,80,2,25,1388,3378,258,100,knalf
5819,flannel,80,3,1,2186,469,360,89,lennalf
5820,flash,80,3,2,2218,582,206,103,hsalf
5821,flashily,80,3,3,2234,703,203,143,ylihsalf
5822,flashy,80,3,4,2225,829,191,126,yhsalf
5823,flask,80,3,5,2217,953,217,98,ksalf
5824,flatiron,80,3,6,2182,1071,340,92,noritalf
5825,flatter,80,3,7,2214,1201,246,73,rettalf
5826,flattered,80,3,8,2249,1285,344,117,derettalf
5827,flatterer,80,3,9,2265,1439,313,77,rerettalf
5828,flatters,80,3,10,2251,1552,262,85,srettalf
5829,flattery,80,3,11,2262,1681,240,73,yrettalf
5830,flaunt,80,3,12,2206,1790,289,81,tnualf
5831,flavor,80,3,13,2283,1915,198,162,rovalf
5832,flavorous,80,3,14,2429,2038,195,184,suorovalf
5833,flaxen,80,3,15,2167,2163,233,94,nexalf
5834,fleet,80,3,16,2188,2280,223,85,teelf
5835,flex,80,3,17,2237,2399,203,95,xelf
5836,flexibility,80,3,18,2277,2518,217,195,ytilibixelf
5837,flexible,80,3,19,2194,2637,177,186,elbixelf
5838,flexor,80,3,20,2225,2764,263,110,roxelf
5839,flexure,80,3,21,2237,2885,268,101,eruxelf
5840,inflexible,80,3,22,2300,3060,177,182,elbixelfni
5841,flicker,80,3,23,2120,3117,270,92,rekcilf
5842,flight,80,3,24,2209,3238,242,91,thgilf
5843,flight,80,3,25,2197,3362,282,91,thgilf
5844,flinch,81,1,1,524,475,208,120,hcnilf
5845,fling,81,1,2,521,592,212,80,gnilf
5846,flint,81,1,3,517,714,250,78,tnilf
5847,flippant,81,1,4,542,837,248,143,tnappilf
5848,flirtation,81,1,5,568,966,213,79,noitatrilf
5849,float,81,1,6,563,1090,222,79,taolf
5850,flotation,81,1,7,606,1205,216,75,noitatolf
5851,flotsam,81,1,8,566,1334,340,69,mastolf
5852,flounce,81,1,9,543,1452,219,73,ecnuolf
5853,flounder,81,1,10,545,1577,318,73,rednuolf
5854,flour,81,1,11,539,1696,251,77,ruolf
5855,flourish,81,1,12,531,1819,244,94,hsiruolf
5856,flower,81,1,13,536,1937,231,81,rewolf
5857,florist,81,1,14,544,2051,273,97,tsirolf
5858,fluctuate,81,1,15,567,2180,244,77,etautculf
5859,fluctuated,81,1,16,614,2299,273,96,detautculf
5860,fluctuation,81,1,17,638,2425,257,100,noitautculf
5861,fluent,81,1,18,555,2541,261,79,tneulf
5862,fluency,81,1,19,563,2661,212,99,ycneulf
5863,fluid,81,1,20,548,2780,252,81,diulf
5864,fluidity,81,1,21,546,2881,328,103,ytidiulf
5865,fluidrachm,81,1,22,597,3003,470,96,mhcardiulf
5866,flume,81,1,23,543,3135,280,77,emulf
5867,fluorine,81,1,24,553,3260,276,76,eniroulf
5868,fluorescent,81,1,25,608,3373,378,110,tnecseroulf
5869,flush,81,2,1,1318,474,168,87,hsulf
5870,flute,81,2,2,1317,598,214,80,etulf
5871,flutter,81,2,3,1334,720,199,76,rettulf
5872,fluttered,81,2,4,1392,816,305,109,derettulf
5873,flutter,81,2,5,1392,964,221,77,rettulf
5874,fly,81,2,6,1360,1076,182,84,ylf
5875,flight,81,2,7,1374,1205,236,90,thgilf
5876,flyer,81,2,8,1388,1327,241,87,reylf
5877,flywheel,81,2,9,1403,1452,290,101,leehwylf
5878,focus,81,2,10,1385,1575,108,96,sucof
5879,foci,81,2,11,1434,1672,82,129,icof
5880,focuses,81,2,12,1380,1817,110,113,sesucof
5881,fodder,81,2,13,1376,1914,148,105,reddof
5882,foghorn,81,2,14,1347,2054,307,70,nrohgof
5883,foible,81,2,15,1288,2161,102,203,elbiof
5884,foil,81,2,16,1365,2280,194,90,liof
5885,foist,81,2,17,1351,2401,67,102,tsiof
5886,fold,81,2,18,1310,2529,199,84,dlof
5887,folio,81,2,19,1290,2655,193,84,oilof
5888,foliage,81,2,20,1371,2766,172,170,egailof
5889,foliation,81,2,21,1359,2889,203,111,noitailof
5890,portfolio,81,2,22,1420,3016,197,133,oiloftrop
5891,folk,81,2,23,1350,3135,105,84,klof
5892,follow,81,2,24,1408,3246,67,79,wollof
5893,follower,81,2,25,1418,3355,123,120,rewollof
5894,follows,81,3,1,2331,470,62,105,swollof
5895,fomentation,81,3,2,2260,593,253,77,noitatnemof
5896,fond,81,3,3,2273,709,133,89,dnof
5897,fondest,81,3,4,2252,825,153,83,tsednof
5898,fondness,81,3,5,2255,951,220,79,ssendnof
5899,fondant,81,3,6,2252,1031,215,116,tnadnof
5900,fondle,81,3,7,2215,1196,250,80,eldnof
5901,fool,81,3,8,2204,1323,198,89,loof
5902,foolhardy,81,3,9,2244,1444,303,115,ydrahloof
5903,foolish,81,3,10,2223,1565,196,113,hsiloof
5904,foolscap,81,3,11,2213,1689,300,149,pacsloof
5905,foot,81,3,12,2248,1806,87,82,toof
5906,football,81,3,13,2248,1927,173,154,llabtoof
5907,footboard,81,3,14,2398,2058,148,152,draobtoof
5908,footbridge,81,3,15,2256,2167,103,235,egdirbtoof
5909,footgear,81,3,16,2344,2296,301,80,raegtoof
5910,foothill,81,3,17,2275,2406,211,87,llihtoof
5911,foothold,81,3,18,2238,2510,257,101,dlohtoof
5912,footlights,81,3,19,2237,2650,263,82,sthgiltoof
5913,footnote,81,3,20,2247,2774,186,81,etontoof
5914,footpath,81,3,21,2239,2890,101,173,htaptoof
5915,footprint,81,3,22,2315,3015,175,129,tnirptoof
5916,footsore,81,3,23,2245,3136,192,82,erostoof
5917,footstep,81,3,24,2277,3246,156,105,petstoof
5918,footstool,81,3,25,2249,3355,276,91,lootstoof
5919,for,82,1,1,583,473,57,70,rof
5920,forage,82,1,2,594,583,100,177,egarof
5921,forasmuch,82,1,3,650,723,159,131,hcumsarof
5922,foray,82,1,4,627,841,125,87,yarof
5923,forbear,82,1,5,678,974,119,178,raebrof
5924,forbearance,82,1,6,768,1086,164,192,ecnaraebrof
5925,forbore,82,1,7,589,1195,114,166,erobrof
5926,forbid,82,1,8,665,1330,124,179,dibrof
5927,forbidden,82,1,9,722,1452,125,188,neddibrof
5928,force,82,1,10,615,1581,78,101,ecrof
5929,enforce,82,1,11,616,1751,98,98,ecrofne
5930,forced,82,1,12,664,1819,85,109,decrof
5931,forceful,82,1,13,626,1935,128,152,lufecrof
5932,forces,82,1,14,676,2057,79,121,secrof
5933,reenforce,82,1,15,669,2230,119,95,ecrofneer
5934,forceps,82,1,16,565,2297,107,178,specrof
5935,forcible,82,1,17,562,2422,155,191,elbicrof
5936,forearm,82,1,18,630,2539,195,74,mraerof
5937,forebear,82,1,19,624,2659,108,153,raeberof
5938,foreboding,82,1,20,696,2766,156,175,gnidoberof
5939,forecast,82,1,21,586,2903,119,116,tsacerof
5940,forecaster,82,1,22,670,3023,153,110,retsacerof
5941,forecastle,82,1,23,624,3145,229,121,eltsacerof
5942,foreclose,82,1,24,594,3275,231,103,esolcerof
5943,foreclosure,82,1,25,676,3386,226,116,erusolcerof
5944,forefinger,82,2,1,1401,479,149,137,regniferof
5945,foregone,82,2,2,1525,598,217,74,enogerof
5946,foreground,82,2,3,1475,718,289,86,dnuorgerof
5947,foreign,82,2,4,1501,842,66,74,ngierof
5948,foreigner,82,2,5,1525,962,88,81,rengierof
5949,foreknowledge,82,2,6,1546,1083,220,86,egdelwonkerof
5950,foremost,82,2,7,1471,1214,165,67,tsomerof
5951,forename,82,2,8,1476,1331,102,90,emanerof
5952,forenoon,82,2,9,1457,1455,136,77,noonerof
5953,foreordain,82,2,10,1430,1557,192,96,niadroerof
5954,forerunner,82,2,11,1443,1699,157,74,rennurerof
5955,forest,82,2,12,1461,1803,110,92,tserof
5956,forestry,82,2,13,1422,1925,175,123,yrtserof
5957,foretell,82,2,14,1445,2064,79,77,lleterof
5958,foretold,82,2,15,1446,2167,91,85,dloterof
5959,forethought,82,2,16,1488,2296,121,75,thguohterof
5960,forewoman,82,2,17,1444,2422,294,80,namowerof
5961,forfeit,82,2,18,1440,2542,110,141,tiefrof
5962,forfeiture,82,2,19,1447,2653,177,151,erutiefrof
5963,forgather,82,2,20,1471,2786,251,89,rehtagrof
5964,forge,82,2,21,1413,2907,112,169,egrof
5965,forged,82,2,22,1438,3023,119,169,degrof
5966,forger,82,2,23,1483,3134,124,181,regrof
5967,forgery,82,2,24,1313,3266,132,189,yregrof
5968,forget,82,2,25,1383,3384,226,83,tegrof
5969,forgetful,82,3,1,2360,485,220,111,luftegrof
5970,forgettable,82,3,2,2353,598,214,159,elbattegrof
5971,forgot,82,3,3,2369,728,229,75,togrof
5972,unforgettable,82,3,4,2401,901,238,161,elbattegrofnu
5973,forgive,82,3,5,2272,972,202,73,evigrof
5974,forgave,82,3,6,2342,1086,201,86,evagrof
5975,forgivable,82,3,7,2356,1205,172,71,elbavigrof
5976,forgiven,82,3,8,2353,1271,195,144,nevigrof
5977,unforgivable,82,3,9,2382,1501,224,161,elbavigrofnu
5978,unforgiven,82,3,10,2315,1634,176,69,nevigrofnu
5979,forgo,82,3,11,2310,1701,194,71,ogrof
5980,fork,82,3,12,2296,1802,160,81,krof
5981,forlorn,82,3,13,2255,1935,226,74,nrolrof
5982,form,82,3,14,2282,2063,175,71,mrof
5983,conform,82,3,15,2278,2221,171,86,mrofnoc
5984,deform,82,3,16,2335,2300,214,77,mrofed
5985,formal,82,3,17,2279,2421,317,74,lamrof
5986,formality,82,3,18,2307,2545,281,104,ytilamrof
5987,formally,82,3,19,2314,2668,209,76,yllamrof
5988,format,82,3,20,2306,2780,180,88,tamrof
5989,formation,82,3,21,2330,2896,171,91,noitamrof
5990,formative,82,3,22,2308,3016,273,98,evitamrof
5991,formerly,82,3,23,2301,3142,191,78,ylremrof
5992,informal,82,3,24,2284,3315,297,78,lamrofni
5993,uniform,82,3,25,2292,3427,185,78,mrofinu
5994,formaldehyde,83,1,1,631,463,292,68,edyhedlamrof
5995,formidable,83,1,2,602,572,247,124,elbadimrof
5996,formula,83,1,3,537,704,319,87,alumrof
5997,formulate,83,1,4,633,836,164,91,etalumrof
5998,forsake,83,1,5,561,944,130,126,ekasrof
5999,forsooth,83,1,6,575,1064,84,111,htoosrof
6000,forswear,83,1,7,581,1178,152,139,raewsrof
6001,forthcoming,83,1,8,617,1308,265,83,gnimochtrof
6002,forthright,83,1,9,567,1426,186,79,thgirhtrof
6003,forthwith,83,1,10,546,1548,117,81,htiwhtrof
6004,fortify,83,1,11,544,1668,142,84,yfitrof
6005,fortification,83,1,12,638,1796,78,136,noitacifitrof
6006,fortress,83,1,13,658,1910,164,84,ssertrof
6007,unfortified,83,1,14,652,2090,165,106,deifitrofnu
6008,fortitude,83,1,15,578,2176,134,75,edutitrof
6009,fortnight,83,1,16,558,2277,149,81,thgintrof
6010,fortuitous,83,1,17,533,2382,172,95,suotiutrof
6011,fortune,83,1,18,529,2522,124,71,enutrof
6012,fortunate,83,1,19,587,2607,169,110,etanutrof
6013,misfortune,83,1,20,619,2807,186,94,enutrofsim
6014,unfortunate,83,1,21,614,2923,180,94,etanutrofnu
6015,forward,83,1,22,605,3013,147,83,drawrof
6016,forwarder,83,1,23,604,3087,151,107,redrawrof
6017,fossil,83,1,24,509,3232,168,122,lissof
6018,foster,83,1,25,539,3365,74,105,retsof
6019,foul,83,2,1,1262,446,218,103,luof
6020,foulard,83,2,2,1277,571,282,112,draluof
6021,found,83,2,3,1347,706,110,72,dnuof
6022,foundation,83,2,4,1421,826,126,70,noitadnuof
6023,founded,83,2,5,1378,918,225,98,dednuof
6024,founder,83,2,6,1376,1062,189,80,rednuof
6025,foundry,83,2,7,1346,1179,219,79,yrdnuof
6026,fount,83,2,8,1333,1311,122,72,tnuof
6027,fountain,83,2,9,1377,1426,167,80,niatnuof
6028,foursome,83,2,10,1330,1557,157,101,emosruof
6029,fowl,83,2,11,1291,1674,233,96,lwof
6030,fox,83,2,12,1320,1788,64,102,xof
6031,fracas,83,2,13,1324,1920,182,121,sacarf
6032,fractional,83,2,14,1335,2044,295,112,lanoitcarf
6033,fracture,83,2,15,1320,2161,305,102,erutcarf
6034,fragile,83,2,16,1374,2271,175,212,eligarf
6035,fragility,83,2,17,1561,2390,189,184,ytiligarf
6036,fragment,83,2,18,1283,2521,338,101,tnemgarf
6037,fragmentary,83,2,19,1410,2645,433,105,yratnemgarf
6038,frailty,83,2,20,1456,2758,252,122,ytliarf
6039,franchise,83,2,21,1422,2877,150,136,esihcnarf
6040,disfranchise,83,2,22,1498,2988,208,172,esihcnarfsid
6041,enfranchise,83,2,23,1497,3174,152,137,esihcnarfne
6042,frantic,83,2,24,1282,3239,166,84,citnarf
6043,frenetic,83,2,25,1375,3361,148,116,citenerf
6044,fraternity,83,3,1,2266,442,262,117,ytinretarf
6045,fraternal,83,3,2,2251,585,315,92,lanretarf
6046,fraternally,83,3,3,2275,704,196,92,yllanretarf
6047,fraternize,83,3,4,2253,816,207,112,ezinretarf
6048,fraud,83,3,5,2239,939,183,80,duarf
6049,defrauded,83,3,6,2228,1049,324,115,deduarfed
6050,fraudulent,83,3,7,2221,1142,424,125,tneluduarf
6051,free,83,3,8,2200,1301,90,79,eerf
6052,freed,83,3,9,2194,1427,218,88,deerf
6053,freedom,83,3,10,2193,1536,242,88,modeerf
6054,freely,83,3,11,2213,1672,109,81,yleerf
6055,freeness,83,3,12,2205,1794,167,88,sseneerf
6056,freight,83,3,13,2210,1912,123,82,thgierf
6057,freighter,83,3,14,2211,2027,173,125,rethgierf
6058,frequent,83,3,15,2199,2149,153,93,tneuqerf
6059,frequency,83,3,16,2242,2273,164,88,ycneuqerf
6060,frequently,83,3,17,2247,2402,167,87,yltneuqerf
6061,fresh,83,3,18,2237,2508,99,98,hserf
6062,freshen,83,3,19,2232,2629,97,101,nehserf
6063,freshly,83,3,20,2226,2757,107,116,ylhserf
6064,freshman,83,3,21,2250,2872,262,125,namhserf
6065,freshness,83,3,22,2235,2988,148,126,ssenhserf
6066,fretwork,83,3,23,2181,3113,274,85,krowterf
6067,friable,83,3,24,2189,3228,116,175,elbairf
6068,friend,83,3,25,2232,3349,81,88,dneirf
6069,friendless,84,1,1,696,457,238,88,sseldneirf
6070,friendly,84,1,2,711,581,82,79,yldneirf
6071,friendship,84,1,3,709,705,83,118,pihsdneirf
6072,unfriendly,84,1,4,718,892,90,85,yldneirfnu
6073,frigate,84,1,5,585,953,296,99,etagirf
6074,fright,84,1,6,646,1076,106,84,thgirf
6075,frighten,84,1,7,650,1194,149,78,nethgirf
6076,frightened,84,1,8,665,1317,179,84,denethgirf
6077,frightful,84,1,9,664,1432,98,130,lufthgirf
6078,frigid,84,1,10,656,1561,124,164,digirf
6079,frigidity,84,1,11,738,1687,214,162,ytidigirf
6080,frigidly,84,1,12,778,1812,143,155,yldigirf
6081,refrigerator,84,1,13,751,1970,119,201,rotaregirfer
6082,fringe,84,1,14,566,2045,129,179,egnirf
6083,frivolity,84,1,15,625,2169,234,183,ytilovirf
6084,frivolous,84,1,16,808,2285,155,166,suolovirf
6085,frock,84,1,17,581,2408,154,89,kcorf
6086,frolic,84,1,18,540,2534,300,89,cilorf
6087,front,84,1,19,637,2643,179,75,tnorf
6088,frontage,84,1,20,633,2768,195,140,egatnorf
6089,frontal,84,1,21,608,2873,354,103,latnorf
6090,fronted,84,1,22,631,2964,303,122,detnorf
6091,frontier,84,1,23,647,3130,237,76,reitnorf
6092,frontispiece,84,1,24,729,3244,201,141,eceipsitnorf
6093,frost,84,1,25,645,3364,142,106,tsorf
6094,frosted,84,2,1,1459,443,244,115,detsorf
6095,frosty,84,2,2,1447,587,159,100,ytsorf
6096,froth,84,2,3,1431,708,123,80,htorf
6097,froward,84,2,4,1421,828,201,105,draworf
6098,frown,84,2,5,1413,952,129,85,nworf
6099,frowned,84,2,6,1436,1062,167,97,denworf
6100,frugal,84,2,7,1363,1193,231,79,lagurf
6101,fruit,84,2,8,1423,1312,146,90,tiurf
6102,fruitful,84,2,9,1431,1439,138,107,luftiurf
6103,fruition,84,2,10,1466,1568,92,128,noitiurf
6104,fruitless,84,2,11,1409,1682,274,83,sseltiurf
6105,frustrate,84,2,12,1437,1799,239,105,etartsurf
6106,frustration,84,2,13,1490,1926,245,113,noitartsurf
6107,fuchsia,84,2,14,1388,2038,102,142,aishcuf
6108,fudge,84,2,15,1372,2178,102,174,egduf
6109,fuel,84,2,16,1409,2278,225,105,leuf
6110,fugitive,84,2,17,1432,2402,113,204,evitiguf
6111,fugacious,84,2,18,1538,2526,239,106,suoicaguf
6112,refuge,84,2,19,1413,2699,104,192,egufer
6113,fulcrum,84,2,20,1530,2768,265,82,murcluf
6114,fulfill,84,2,21,1481,2890,112,144,llifluf
6115,fulfillment,84,2,22,1512,3018,161,138,tnemllifluf
6116,unfulfilled,84,2,23,1494,3193,109,143,delliflufnu
6117,full,84,2,24,1382,3246,60,85,lluf
6118,fullness,84,2,25,1456,3360,115,107,ssenlluf
6119,fully,84,3,1,2334,460,75,109,ylluf
6120,fulminate,84,3,2,2239,587,344,97,etanimluf
6121,fulmination,84,3,3,2347,709,357,87,noitanimluf
6122,fulsome,84,3,4,2285,837,150,107,emosluf
6123,fume,84,3,5,2270,960,204,90,emuf
6124,fumigate,84,3,6,2281,1080,318,88,etagimuf
6125,fumigation,84,3,7,2306,1197,335,111,noitagimuf
6126,perfume,84,3,8,2271,1315,196,145,emufrep
6127,function,84,3,9,2355,1445,125,102,noitcnuf
6128,functional,84,3,10,2372,1563,229,129,lanoitcnuf
6129,fundamental,84,3,11,2330,1696,234,69,latnemadnuf
6130,funereal,84,3,12,2222,1796,366,89,laerenuf
6131,fungus,84,3,13,2251,1927,97,119,sugnuf
6132,fungi,84,3,14,2234,2046,125,186,ignuf
6133,funnel,84,3,15,2295,2167,233,87,lennuf
6134,fur,84,3,16,2250,2283,125,92,ruf
6135,furlough,84,3,17,2239,2410,199,80,hguolruf
6136,furnace,84,3,18,2247,2533,136,97,ecanruf
6137,furnish,84,3,19,2296,2649,78,107,hsinruf
6138,furnisher,84,3,20,2315,2771,78,109,rehsinruf
6139,furnishings,84,3,21,2349,2888,87,121,sgnihsinruf
6140,furniture,84,3,22,2317,3012,177,89,erutinruf
6141,unfurnished,84,3,23,2348,3193,118,93,dehsinrufnu
6142,furor,84,3,24,2207,3245,219,97,roruf
6143,further,84,3,25,2285,3357,76,76,rehtruf
6144,furtherance,85,1,1,778,472,121,78,ecnarehtruf
6145,furthermore,85,1,2,768,596,197,76,eromrehtruf
6146,furthest,85,1,3,752,715,90,76,tsehtruf
6147,furtive,85,1,4,675,851,129,81,evitruf
6148,fury,85,1,5,635,956,146,91,yruf
6149,furious,85,1,6,639,1072,161,124,suoiruf
6150,fuse,85,2,1,1482,451,86,103,esuf
6151,fusibility,85,2,2,1469,588,85,179,ytilibisuf
6152,fusible,85,2,3,1530,706,87,198,elbisuf
6153,fusion,85,2,4,1425,827,84,111,noisuf
6154,infuse,85,2,5,1470,1030,84,94,esufni
6155,transfuse,85,2,6,1573,1086,69,106,esufsnart
6156,fuselage,85,3,1,2315,480,197,201,egalesuf
6157,futile,85,3,2,2128,595,269,99,elituf
6158,futility,85,3,3,2251,714,287,95,ytilituf
6159,future,85,3,4,2323,848,71,74,erutuf
6160,futurist,85,3,5,2311,971,126,74,tsirutuf
6161,futurity,85,3,6,2296,1096,181,72,ytirutuf
6162,gable,86,1,2,441,661,226,132,elbag
6163,gage,86,1,3,590,779,201,145,egag
6164,gain,86,1,4,492,917,243,53,niag
6165,gained,86,1,5,502,975,263,103,deniag
6166,gainful,86,1,6,541,1144,239,89,lufniag
6167,gainsay,86,1,7,531,1270,236,72,yasniag
6168,galaxy,86,1,8,447,1383,370,84,yxalag
6169,gall,86,1,9,433,1508,349,41,llag
6170,gallant,86,1,10,427,1557,415,118,tnallag
6171,gallantry,86,1,11,513,1724,468,84,yrtnallag
6172,gallery,86,1,12,481,1864,427,52,yrellag
6173,gallon,86,1,13,475,1988,344,56,nollag
6174,gallop,86,1,14,478,2105,306,94,pollag
6175,galvanize,86,1,15,585,2244,283,133,ezinavlag
6176,galvanism,86,1,16,624,2370,377,124,msinavlag
6177,galvanization,86,1,17,689,2497,261,150,noitazinavlag
6178,gambit,86,1,18,454,2605,325,105,tibmag
6179,gamble,86,1,19,517,2724,290,116,elbmag
6180,gambled,86,1,20,571,2852,289,113,delbmag
6181,gambler,86,1,21,539,2960,339,117,relbmag
6182,gamut,86,1,22,469,3080,363,62,tumag
6183,ganglion,86,1,23,490,3205,443,55,noilgnag
6184,gangrene,86,1,24,525,3322,399,53,energnag
6185,gangrenous,86,1,25,614,3441,355,62,suonergnag
6186,gangway,86,2,1,1365,543,287,77,yawgnag
6187,gap,86,2,2,1372,668,225,87,pag
6188,garage,86,2,3,1335,773,291,69,egarag
6189,garb,86,2,4,1348,906,266,140,brag
6190,garbage,86,2,5,1326,1032,239,217,egabrag
6191,garble,86,2,6,1202,1137,251,135,elbrag
6192,gardener,86,2,7,1338,1243,394,88,renedrag
6193,gargoyle,86,2,8,1306,1374,477,65,elyograg
6194,garland,86,2,9,1302,1451,466,108,dnalrag
6195,garlic,86,2,10,1268,1623,452,56,cilrag
6196,garment,86,2,11,1297,1748,370,46,tnemrag
6197,garner,86,2,12,1323,1870,330,46,renrag
6198,garnet,86,2,13,1308,1979,359,60,tenrag
6199,garnish,86,2,14,1313,2109,335,54,hsinrag
6200,garnishee,86,2,15,1415,2237,294,65,eehsinrag
6201,garnisher,86,2,16,1431,2363,300,64,rehsinrag
6202,garnishment,86,2,17,1412,2477,441,58,tnemhsinrag
6203,garniture,86,2,18,1394,2568,411,71,erutinrag
6204,garrison,86,2,19,1391,2713,289,56,nosirrag
6205,garrulous,86,2,20,1333,2823,415,70,suolurrag
6206,garrulity,86,2,21,1384,2948,400,64,ytilurrag
6207,garter,86,2,22,1360,3060,251,72,retrag
6208,gasoline,86,2,23,1350,3199,371,86,enilosag
6209,gasp,86,2,24,1359,3318,229,112,psag
6210,gastric,86,2,25,1305,3434,324,78,cirtsag
6211,gastronomic,86,3,1,2290,537,377,75,cimonortsag
6212,gate,86,3,2,2274,649,201,73,etag
6213,gatehouse,86,3,3,2283,723,253,115,esuohetag
6214,gatekeeper,86,3,4,2277,866,361,91,repeeketag
6215,gatepost,86,3,5,2253,1027,252,109,tsopetag
6216,gateway,86,3,6,2276,1124,260,85,yawetag
6217,gather,86,3,7,2241,1265,218,56,rehtag
6218,gathered,86,3,8,2237,1383,268,60,derehtag
6219,gatherer,86,3,9,2220,1506,308,59,rerehtag
6220,gaudy,86,3,10,2208,1578,295,92,yduag
6221,gauge,86,3,11,2223,1756,173,150,eguag
6222,gauger,86,3,12,2107,1865,175,139,reguag
6223,gauntlet,86,3,13,2157,1957,431,86,teltnuag
6224,gauze,86,3,14,2134,2113,185,77,ezuag
6225,gay,86,3,15,2144,2223,216,53,yag
6226,gayety,86,3,16,2165,2325,229,84,yteyag
6227,gayly,86,3,17,2176,2464,211,60,ylyag
6228,gayness,86,3,18,2187,2601,268,54,ssenyag
6229,gazelle,86,3,19,2159,2712,310,82,ellezag
6230,gazette,86,3,20,2171,2827,210,97,ettezag
6231,gelatin,86,3,21,2172,2889,245,138,nitaleg
6232,gelatinize,86,3,22,2299,2998,252,150,ezinitaleg
6233,gelatinoid,86,3,23,2284,3136,281,134,dionitaleg
6234,gelatinous,86,3,24,2272,3268,235,126,suonitaleg
6235,gender,86,3,25,2237,3397,206,93,redneg
6236,genealogy,87,1,1,588,482,112,129,ygolaeneg
6237,general,87,1,2,595,604,119,127,lareneg
6238,generalissimo,87,1,3,675,736,220,121,omissilareneg
6239,generality,87,1,4,611,853,249,139,ytilareneg
6240,generalization,87,1,5,763,977,128,156,noitazilareneg
6241,generalize,87,1,6,643,1104,140,116,ezilareneg
6242,generally,87,1,7,642,1221,118,115,yllareneg
6243,generalship,87,1,8,634,1347,113,133,pihslareneg
6244,generate,87,1,9,558,1476,186,111,etareneg
6245,generated,87,1,10,638,1583,190,136,detareneg
6246,generates,87,1,11,598,1722,204,135,setareneg
6247,generation,87,1,12,554,1832,188,139,noitareneg
6248,generative,87,1,13,593,1951,206,192,evitareneg
6249,generator,87,1,14,573,2088,257,117,rotareneg
6250,progenitor,87,1,15,587,2231,141,179,rotinegorp
6251,regenerate,87,1,16,616,2410,201,120,etareneger
6252,generic,87,1,17,439,2439,197,128,cireneg
6253,generous,87,1,18,600,2551,184,125,suoreneg
6254,generosity,87,1,19,599,2675,160,140,ytisoreneg
6255,genesis,87,1,20,523,2813,117,130,siseneg
6256,genial,87,1,21,552,2923,249,122,laineg
6257,congenial,87,1,22,708,3117,237,137,lainegnoc
6258,geniality,87,1,23,528,3171,235,140,ytilaineg
6259,genie,87,1,24,632,3299,157,116,eineg
6260,genitive,87,1,25,490,3410,196,117,evitineg
6261,genteel,87,2,1,1302,508,261,84,leetneg
6262,gentian,87,2,2,1324,604,109,137,naitneg
6263,Gentile,87,2,3,1302,740,271,113,elitneG
6264,gentle,87,2,4,1316,877,270,85,eltneg
6265,gentility,87,2,5,1379,991,296,88,ytilitneg
6266,gentleman,87,2,6,1407,1130,317,92,nameltneg
6267,gentlemen,87,2,7,1470,1245,130,93,nemeltneg
6268,gentleness,87,2,8,1410,1374,366,88,sseneltneg
6269,gently,87,2,9,1422,1471,133,101,yltneg
6270,gentry,87,2,10,1391,1614,212,93,yrtneg
6271,genuflect,87,2,11,1426,1703,233,169,tcelfuneg
6272,genuflection,87,2,12,1591,1833,201,172,noitcelfuneg
6273,genuine,87,2,13,1382,1945,137,128,eniuneg
6274,genuineness,87,2,14,1469,2060,223,135,sseneniuneg
6275,genus,87,2,15,1318,2197,118,132,suneg
6276,geodetic,87,2,16,1409,2294,207,143,citedoeg
6277,geography,87,2,17,1421,2420,75,147,yhpargoeg
6278,geology,87,2,18,1427,2542,79,155,ygoloeg
6279,geometry,87,2,19,1439,2679,187,134,yrtemoeg
6280,germ,87,2,20,1338,2794,156,123,mreg
6281,germicide,87,2,21,1425,2909,171,148,edicimreg
6282,germinal,87,2,22,1396,3048,385,115,lanimreg
6283,germinate,87,2,23,1440,3166,273,122,etanimreg
6284,germination,87,2,24,1473,3276,246,123,noitanimreg
6285,germinative,87,2,25,1432,3401,322,137,evitanimreg
6286,gerund,87,3,1,2249,476,166,125,dnureg
6287,gerundive,87,3,2,2286,609,182,157,evidnureg
6288,gesso,87,3,3,2199,733,118,161,osseg
6289,gesticulate,87,3,4,2238,867,164,132,etalucitseg
6290,gesture,87,3,5,2227,991,158,134,erutseg
6291,geyser,87,3,6,2195,1166,247,76,resyeg
6292,ghastly,87,3,7,2182,1285,248,94,yltsahg
6293,ghost,87,3,8,2196,1415,222,70,tsohg
6294,ghostly,87,3,9,2185,1533,231,62,yltsohg
6295,giant,87,3,10,2128,1586,137,134,tnaig
6296,gift,87,3,11,2127,1781,203,100,tfig
6297,gifted,87,3,12,2134,1878,345,127,detfig
6298,gigantic,87,3,13,2250,1956,268,131,citnagig
6299,gild,87,3,14,2131,2109,356,81,dlig
6300,gilded,87,3,15,2105,2216,461,100,dedlig
6301,gilder,87,3,16,2085,2352,412,76,redlig
6302,gill,87,3,17,2106,2513,329,38,llig
6303,gimlet,87,3,18,2078,2636,434,41,telmig
6304,ginger,87,3,19,2169,2678,109,198,regnig
6305,giraffe,87,3,20,2240,2789,137,174,effarig
6306,gird,87,3,21,2144,2939,283,93,drig
6307,girder,87,3,22,2164,3049,281,106,redrig
6308,girdle,87,3,23,2134,3153,486,123,eldrig
6309,girl,87,3,24,2198,3373,281,29,lrig
6310,girlhood,87,3,25,2182,3453,392,86,doohlrig
6311,girlish,88,1,1,590,572,254,32,hsilrig
6312,girth,88,1,2,543,668,289,54,htrig
6313,give,88,1,3,578,810,185,38,evig
6314,forgive,88,1,4,594,886,203,79,evigrof
6315,gave,88,1,5,573,1048,217,55,evag
6316,given,88,1,6,567,1173,187,36,nevig
6317,giver,88,1,7,555,1302,234,58,revig
6318,glacier,88,1,8,525,1398,310,87,reicalg
6319,glacial,88,1,9,507,1524,392,78,laicalg
6320,glad,88,1,10,526,1662,278,31,dalg
6321,gladden,88,1,11,571,1772,322,43,neddalg
6322,gladdened,88,1,12,611,1844,365,93,deneddalg
6323,gladly,88,1,13,620,2025,295,36,yldalg
6324,gladness,88,1,14,593,2134,358,43,ssendalg
6325,gladsome,88,1,15,602,2265,371,36,emosdalg
6326,gladiator,88,1,16,586,2294,443,125,rotaidalg
6327,gladiatorial,88,1,17,619,2437,625,104,lairotaidalg
6328,gladiolus,88,1,18,553,2537,533,120,suloidalg
6329,glamour,88,1,19,599,2736,361,39,ruomalg
6330,glamorous,88,1,20,591,2845,401,69,suoromalg
6331,glass,88,1,21,559,2975,303,56,ssalg
6332,glassful,88,1,22,578,3096,297,99,lufssalg
6333,glassiness,88,1,23,599,3207,349,78,ssenissalg
6334,glazier,88,1,24,558,3315,306,88,reizalg
6335,gleeful,88,1,25,536,3458,274,83,lufeelg
6336,glide,88,2,1,1313,509,401,93,edilg
6337,glided,88,2,2,1313,588,462,132,dedilg
6338,glider,88,2,3,1318,737,381,110,redilg
6339,glimpse,88,2,4,1318,925,391,39,espmilg
6340,glissando,88,2,5,1359,1048,379,71,odnassilg
6341,glisten,88,2,6,1356,1166,325,46,netsilg
6342,glistened,88,2,7,1383,1273,377,73,denetsilg
6343,globe,88,2,8,1359,1422,270,125,ebolg
6344,globular,88,2,9,1377,1551,445,127,ralubolg
6345,globule,88,2,10,1307,1665,340,121,elubolg
6346,gloom,88,2,11,1305,1807,384,26,moolg
6347,gloomily,88,2,12,1373,1910,410,27,ylimoolg
6348,gloominess,88,2,13,1419,2026,404,34,ssenimoolg
6349,gloomily,88,2,14,1384,2151,305,24,ylimoolg
6350,glories,88,2,15,1388,2264,291,45,seirolg
6351,glorification,88,2,16,1500,2381,263,85,noitacifirolg
6352,glorify,88,2,17,1450,2502,270,77,yfirolg
6353,glorious,88,2,18,1453,2628,304,39,suoirolg
6354,inglorious,88,2,19,1457,2753,328,36,suoirolgni
6355,glossary,88,2,20,1389,2858,350,75,yrassolg
6356,glossiness,88,2,21,1395,2984,331,58,ssenissolg
6357,glove,88,2,22,1401,3106,238,106,evolg
6358,glucose,88,2,23,1324,3226,372,56,esoculg
6359,glue,88,2,24,1358,3342,317,39,eulg
6360,glutton,88,2,25,1366,3438,392,59,nottulg
6361,gluttonous,88,3,1,2260,530,402,68,suonottulg
6362,gnarled,88,3,2,2251,634,328,91,delrang
6363,gnat,88,3,3,2238,788,121,70,tang
6364,gnaw,88,3,4,2249,948,84,18,wang
6365,gneiss,88,3,5,2254,1038,128,68,ssieng
6366,gnome,88,3,6,2214,1185,207,19,emong
6367,gnomon,88,3,7,2200,1310,302,21,nomong
6368,gnu,88,3,8,2250,1428,87,18,ung
6369,go,88,3,9,2179,1540,196,35,og
6370,gocart,88,3,10,2190,1648,335,63,tracog
6371,gone,88,3,11,2199,1783,234,33,enog
6372,goat,88,3,12,2204,1886,237,47,taog
6373,gobble,88,3,13,2204,2017,192,144,elbbog
6374,goblet,88,3,14,2096,2131,218,135,telbog
6375,God,88,3,15,2222,2209,259,93,doG
6376,godchild,88,3,16,2219,2300,401,120,dlihcdog
6377,goddess,88,3,17,2225,2426,294,120,sseddog
6378,godfather,88,3,18,2249,2562,322,95,rehtafdog
6379,godhead,88,3,19,2232,2626,378,163,daehdog
6380,godhood,88,3,20,2217,2781,351,119,doohdog
6381,godless,88,3,21,2205,2925,439,92,sseldog
6382,godlike,88,3,22,2190,3019,409,120,ekildog
6383,godling,88,3,23,2185,3158,374,99,gnildog
6384,godly,88,3,24,2208,3275,280,108,yldog
6385,godparent,88,3,25,2223,3387,427,110,tnerapdog
6386,godsend,89,1,1,620,470,337,88,dnesdog
6387,goggle,89,1,2,535,642,449,40,elggog
6388,goiter,89,1,3,585,730,239,75,retiog
6389,gold,89,1,4,573,859,341,74,dlog
6390,golden,89,1,5,581,970,359,74,nedlog
6391,goldenrod,89,1,6,623,1069,543,108,dornedlog
6392,goldfish,89,1,7,622,1239,316,102,hsifdlog
6393,goldsmith,89,1,8,634,1361,399,60,htimsdlog
6394,golf,89,1,9,585,1502,315,73,flog
6395,golfer,89,1,10,572,1623,326,87,reflog
6396,gondola,89,1,11,599,1694,407,86,alodnog
6397,gondolier,89,1,12,605,1815,464,83,reilodnog
6398,good,89,1,13,609,1986,186,35,doog
6399,good-by,89,1,14,664,2096,178,135,yb-doog
6400,goodliness,89,1,15,761,2217,252,80,ssenildoog
6401,goodly,89,1,16,675,2349,176,57,yldoog
6402,goodness,89,1,17,680,2476,257,41,ssendoog
6403,goose,89,1,18,717,2591,194,55,esoog
6404,gooseberry,89,1,19,736,2703,176,147,yrrebesoog
6405,gopher,89,1,20,563,2831,235,100,rehpog
6406,gorge,89,1,21,607,2956,215,116,egrog
6407,gorgeous,89,1,22,729,3063,188,148,suoegrog
6408,gorilla,89,1,23,538,3193,381,48,allirog
6409,gospel,89,1,24,582,3319,255,112,lepsog
6410,gossamer,89,1,25,591,3442,276,82,remassog
6411,gossip,89,2,1,1415,518,189,114,pissog
6412,gouache,89,2,2,1444,645,192,85,ehcauog
6413,gouge,89,2,3,1418,764,185,142,eguog
6414,gourd,89,2,4,1429,863,244,82,druog
6415,govern,89,2,5,1485,1003,153,123,nrevog
6416,governable,89,2,6,1506,1127,167,170,elbanrevog
6417,governess,89,2,7,1634,1245,154,129,ssenrevog
6418,government,89,2,8,1604,1381,133,103,tnemnrevog
6419,governmental,89,2,9,1595,1492,208,127,latnemnrevog
6420,governor,89,2,10,1453,1614,177,141,ronrevog
6421,misgovern,89,2,11,1644,1755,281,133,nrevogsim
6422,ungovernable,89,2,12,1563,1855,217,191,elbanrevognu
6423,grace,89,2,13,1326,1974,253,64,ecarg
6424,graceful,89,2,14,1473,2095,271,103,lufecarg
6425,graceless,89,2,15,1456,2225,391,81,sselecarg
6426,gracious,89,2,16,1471,2330,248,98,suoicarg
6427,grade,89,2,17,1457,2463,266,45,edarg
6428,degrade,89,2,18,1422,2525,390,95,edarged
6429,gradation,89,2,19,1459,2657,327,95,noitadarg
6430,gradient,89,2,20,1431,2766,395,118,tneidarg
6431,ungraded,89,2,21,1460,2941,334,51,dedargnu
6432,gradual,89,2,22,1382,3027,471,84,laudarg
6433,gradually,89,2,23,1424,3134,480,99,yllaudarg
6434,graduate,89,2,24,1432,3237,376,121,etaudarg
6435,graduated,89,2,25,1441,3296,459,179,detaudarg
6436,graduation,89,3,1,2336,461,387,98,noitaudarg
6437,undergraduate,89,3,2,2388,577,367,108,etaudargrednu
6438,grain,89,3,3,2308,756,256,43,niarg
6439,granary,89,3,4,2307,884,349,41,yranarg
6440,grammar,89,3,5,2316,1007,369,45,rammarg
6441,grammarian,89,3,6,2322,1123,434,56,nairammarg
6442,grammatical,89,3,7,2356,1240,347,90,lacitammarg
6443,grand,89,3,8,2340,1325,168,89,dnarg
6444,aggrandize,89,3,9,2394,1432,149,107,ezidnargga
6445,grandchild,89,3,10,2382,1553,244,111,dlihcdnarg
6446,grandeur,89,3,11,2365,1681,182,98,ruednarg
6447,grandfather,89,3,12,2388,1802,193,115,rehtafdnarg
6448,grandiloquence,89,3,13,2433,1919,238,105,ecneuqolidnarg
6449,grandiloquent,89,3,14,2431,2049,232,98,tneuqolidnarg
6450,grandiose,89,3,15,2376,2175,165,84,esoidnarg
6451,grandly,89,3,16,2378,2302,175,77,yldnarg
6452,grandness,89,3,17,2387,2414,172,114,ssendnarg
6453,grandparent,89,3,18,2378,2534,259,133,tnerapdnarg
6454,granite,89,3,19,2265,2697,339,49,etinarg
6455,grant,89,3,20,2246,2793,311,77,tnarg
6456,granulate,89,3,21,2261,2942,256,56,etalunarg
6457,granule,89,3,22,2221,3063,426,50,elunarg
6458,grape,89,3,23,2283,3196,250,85,eparg
6459,grapefruit,89,3,24,2276,3265,394,143,tiurfeparg
6460,grapeshot,89,3,25,2322,3433,249,149,tohseparg
6461,grapevine,90,1,1,598,456,421,186,eniveparg
6462,graphic,90,1,2,489,640,247,118,cihparg
6463,graphical,90,1,3,587,767,253,116,lacihparg
6464,graphics,90,1,4,558,893,257,138,scihparg
6465,graphophone,90,1,5,748,1011,259,172,enohpohparg
6466,grapple,90,1,6,495,1151,339,99,elpparg
6467,grasshopper,90,1,7,603,1270,250,116,reppohssarg
6468,grateful,90,1,8,585,1398,287,71,lufetarg
6469,gratification,90,1,9,665,1509,260,90,noitacifitarg
6470,gratify,90,1,10,587,1604,341,95,yfitarg
6471,gratis,90,1,11,556,1723,317,73,sitarg
6472,gratitude,90,1,12,601,1868,277,50,edutitarg
6473,gratuitous,90,1,13,597,1938,378,106,suotiutarg
6474,gratuity,90,1,14,582,2073,403,90,ytiutarg
6475,ingrate,90,1,15,580,2223,316,50,etargni
6476,ingratitude,90,1,16,620,2339,338,52,edutitargni
6477,ungrateful,90,1,17,624,2471,322,79,lufetargnu
6478,gravamen,90,1,18,644,2591,285,141,nemavarg
6479,gravel,90,1,19,455,2711,291,145,levarg
6480,gravitate,90,1,20,629,2841,260,123,etativarg
6481,gravitation,90,1,21,631,2969,275,125,noitativarg
6482,gravity,90,1,22,465,3076,267,147,ytivarg
6483,grease,90,1,23,632,3216,266,52,esaerg
6484,greasewood,90,1,24,624,3322,324,79,doowesaerg
6485,greasily,90,1,25,576,3450,257,83,ylisaerg
6486,greasiness,90,2,1,1431,540,301,76,ssenisaerg
6487,great,90,2,2,1404,663,231,42,taerg
6488,greater,90,2,3,1388,780,312,42,retaerg
6489,greatest,90,2,4,1410,903,282,54,tsetaerg
6490,greatly,90,2,5,1392,1026,247,43,yltaerg
6491,greatness,90,2,6,1415,1147,307,43,ssentaerg
6492,greed,90,2,7,1342,1233,345,80,deerg
6493,greedier,90,2,8,1370,1328,400,106,reideerg
6494,greediest,90,2,9,1392,1465,370,90,tseideerg
6495,greedily,90,2,10,1391,1588,346,90,ylideerg
6496,greediness,90,2,11,1419,1696,416,103,ssenideerg
6497,green,90,2,12,1353,1878,291,40,neerg
6498,greener,90,2,13,1369,1999,299,43,reneerg
6499,greenery,90,2,14,1407,2117,334,38,yreneerg
6500,greenhorn,90,2,15,1428,2214,398,66,nrohneerg
6501,greenhouse,90,2,16,1462,2327,303,71,esuohneerg
6502,greenish,90,2,17,1435,2484,289,54,hsineerg
6503,greenroom,90,2,18,1402,2613,409,32,moorneerg
6504,gregarious,90,2,19,1346,2719,439,46,suoiragerg
6505,Gregorian,90,2,20,1329,2840,479,57,nairogerG
6506,gridiron,90,2,21,1349,2898,421,120,noridirg
6507,grief,90,2,22,1369,3085,225,81,feirg
6508,grievance,90,2,23,1411,3206,218,140,ecnaveirg
6509,grievous,90,2,24,1356,3333,250,142,suoveirg
6510,grimace,90,2,25,1252,3470,380,52,ecamirg
6511,grim,90,3,1,2128,532,365,49,mirg
6512,grind,90,3,2,2151,620,329,84,dnirg
6513,grinder,90,3,3,2190,736,413,88,rednirg
6514,grindstone,90,3,4,2233,837,406,106,enotsdnirg
6515,groaned,90,3,5,2171,982,315,87,denaorg
6516,grocer,90,3,6,2215,1148,291,68,recorg
6517,grocery,90,3,7,2205,1273,315,77,yrecorg
6518,groom,90,3,8,2155,1396,384,43,moorg
6519,groomed,90,3,9,2192,1451,340,104,demoorg
6520,grotesque,90,3,10,2185,1620,377,61,euqsetorg
6521,ground,90,3,11,2198,1723,309,82,dnuorg
6522,background,90,3,12,2255,1819,390,132,dnuorgkcab
6523,foreground,90,3,13,2287,1959,299,80,dnuorgerof
6524,groundless,90,3,14,2230,2086,454,74,sseldnuorg
6525,groundwork,90,3,15,2272,2214,396,68,krowdnuorg
6526,underground,90,3,16,2315,2320,292,88,dnuorgrednu
6527,group,90,3,17,2224,2485,208,96,puorg
6528,grovel,90,3,18,2233,2603,294,133,levorg
6529,grow,90,3,19,2076,2723,237,38,worg
6530,grower,90,3,20,2202,2853,309,40,reworg
6531,grown,90,3,21,2199,2967,274,42,nworg
6532,growl,90,3,22,2129,3086,414,58,lworg
6533,grub,90,3,23,2142,3199,242,127,burg
6534,grudge,90,3,24,2136,3343,218,124,egdurg
6535,gruel,90,3,25,2056,3459,385,61,leurg
6536,gruesome,91,1,1,534,501,324,62,emoseurg
6537,gruff,91,1,2,522,628,240,97,ffurg
6538,grumble,91,1,3,484,750,315,110,elbmurg
6539,grunt,91,1,4,517,839,304,77,tnurg
6540,guarantee,91,1,5,574,961,270,74,eetnaraug
6541,guaranteed,91,1,6,610,1032,372,135,deetnaraug
6542,guarantor,91,1,7,589,1193,321,99,rotnaraug
6543,guard,91,1,8,541,1335,287,88,draug
6544,guarded,91,1,9,540,1416,316,124,dedraug
6545,guardian,91,1,10,558,1549,309,111,naidraug
6546,guardsman,91,1,11,574,1676,494,105,namsdraug
6547,guava,91,1,12,638,1842,194,130,avaug
6548,gubernatorial,91,1,13,627,1979,378,161,lairotanrebug
6549,guerdon,91,1,14,418,2058,269,74,nodreug
6550,guerrilla,91,1,15,504,2215,401,48,allirreug
6551,guide,91,1,16,506,2283,295,101,ediug
6552,guidance,91,1,17,579,2426,251,74,ecnadiug
6553,guidebook,91,1,18,604,2535,296,117,koobediug
6554,guided,91,1,19,481,2634,301,131,dediug
6555,guild,91,1,20,431,2782,341,87,dliug
6556,guile,91,1,21,431,2937,346,53,eliug
6557,beguile,91,2,1,1413,439,294,119,eliugeb
6558,guillotine,91,2,2,1382,608,417,54,enitolliug
6559,guilt,91,2,3,1357,738,345,54,tliug
6560,guiltily,91,2,4,1363,841,395,73,ylitliug
6561,guiltiness,91,2,5,1394,961,442,68,ssenitliug
6562,guiltless,91,2,6,1351,1071,499,84,sseltliug
6563,guilty,91,2,7,1329,1217,395,60,ytliug
6564,guinea,91,2,8,1350,1371,243,37,aeniug
6565,guise,91,2,9,1359,1480,223,70,esiug
6566,guitar,91,2,10,1347,1563,252,88,ratiug
6567,gullet,91,2,11,1304,1730,331,50,tellug
6568,gullible,91,2,12,1306,1853,305,134,elbillug
6569,gulp,91,2,13,1165,1979,310,77,plug
6570,gum,91,2,14,1262,2101,322,34,mug
6571,gun,91,2,15,1299,2219,217,35,nug
6572,gunboat,91,2,16,1377,2344,245,133,taobnug
6573,guncotton,91,2,17,1359,2449,421,63,nottocnug
6574,gunfire,91,2,18,1362,2584,252,99,erifnug
6575,gunman,91,2,19,1319,2711,410,49,namnug
6576,gunner,91,2,20,1363,2832,248,33,rennug
6577,gunnery,91,2,21,1380,2948,247,38,yrennug
6578,gunpowder,91,3,1,2282,490,297,135,redwopnug
6579,gunshot,91,3,2,2267,639,258,62,tohsnug
6580,gunsmith,91,3,3,2207,759,337,58,htimsnug
6581,gunstock,91,3,4,2222,877,273,46,kcotsnug
6582,gunwale,91,3,5,2180,997,360,41,elawnug
6583,gurgle,91,3,6,2135,1129,462,35,elgrug
6584,gush,91,3,7,2196,1235,192,66,hsug
6585,gusher,91,3,8,2192,1357,196,70,rehsug
6586,gusset,91,3,9,2179,1477,255,94,tessug
6587,gust,91,3,10,2184,1606,222,65,tsug
6588,gusto,91,3,11,2170,1731,224,62,otsug
6589,gutter,91,3,12,2176,1821,227,70,rettug
6590,guttural,91,3,13,2099,1950,464,65,laruttug
6591,gymnasium,91,3,14,2234,2030,253,114,muisanmyg
6592,gymnast,91,3,15,2244,2155,252,118,tsanmyg
6593,gymnastic,91,3,16,2217,2277,215,120,citsanmyg
6594,gypsum,91,3,17,2168,2379,152,200,muspyg
6595,gypsy,91,3,18,2318,2496,141,199,yspyg
6596,gyrate,91,3,19,2138,2613,140,139,etaryg
6597,gyratory,91,3,20,2199,2742,203,133,yrotaryg
6598,gyroscope,91,3,21,2296,2862,176,194,epocsoryg
6599,haberdasher,92,1,2,704,507,159,150,rehsadrebah
6600,haberdashery,92,1,3,726,645,179,145,yrehsadrebah
6601,habit,92,1,4,613,779,107,134,tibah
6602,habitable,92,1,5,617,888,110,226,elbatibah
6603,habitant,92,1,6,669,1009,112,145,tnatibah
6604,habitat,92,1,7,632,1139,125,128,tatibah
6605,habitation,92,1,8,640,1269,111,133,noitatibah
6606,habitual,92,1,9,643,1374,220,142,lautibah
6607,habituate,92,1,10,654,1512,126,122,etautibah
6608,habituated,92,1,11,652,1625,228,139,detautibah
6609,habitude,92,1,12,654,1753,114,118,edutibah
6610,habitue,92,1,13,613,1875,127,134,eutibah
6611,hackman,92,1,14,549,2062,323,82,namkcah
6612,hackneyed,92,1,15,576,2155,295,103,deyenkcah
6613,hacksaw,92,1,16,580,2298,125,93,waskcah
6614,haddock,92,1,17,596,2390,243,99,kcoddah
6615,haggle,92,1,18,525,2555,302,68,elggah
6616,hailstone,92,1,19,554,2649,288,83,enotsliah
6617,hair,92,1,20,619,2761,124,81,riah
6618,hairbreadth,92,1,21,797,2895,230,176,htdaerbriah
6619,hairbrush,92,1,22,716,3013,101,194,hsurbriah
6620,hairdresser,92,1,23,812,3105,279,106,resserdriah
6621,hairpin,92,1,24,674,3254,121,147,nipriah
6622,hairspring,92,1,25,777,3387,220,142,gnirpsriah
6623,halberd,92,2,1,1370,445,255,172,dreblah
6624,halibut,92,2,2,1362,602,209,146,tubilah
6625,Halloween,92,2,3,1555,698,267,112,neewollaH
6626,hallucination,92,2,4,1517,820,222,130,noitanicullah
6627,hallucinatory,92,2,5,1502,942,331,145,yrotanicullah
6628,halogen,92,2,6,1401,1054,174,179,negolah
6629,halter,92,2,7,1401,1204,213,68,retlah
6630,hammer,92,2,8,1411,1325,203,67,remmah
6631,hammerless,92,2,9,1451,1456,387,68,sselremmah
6632,hammock,92,2,10,1431,1581,254,62,kcommah
6633,hamper,92,2,11,1449,1692,222,103,repmah
6634,hampered,92,2,12,1467,1823,266,117,derepmah
6635,unhampered,92,2,13,1489,1945,297,121,derepmahnu
6636,hand,92,2,14,1445,2035,111,69,dnah
6637,handball,92,2,15,1418,2164,245,134,llabdnah
6638,handbook,92,2,16,1501,2309,142,130,koobdnah
6639,handcuff,92,2,17,1519,2406,256,84,ffucdnah
6640,handful,92,2,18,1493,2514,125,74,lufdnah
6641,handicap,92,2,19,1447,2632,263,94,pacidnah
6642,handicraft,92,2,20,1454,2736,320,103,tfarcidnah
6643,handily,92,2,21,1475,2880,147,82,ylidnah
6644,handiness,92,2,22,1456,2990,206,74,ssenidnah
6645,handiwork,92,2,23,1458,3115,216,68,krowidnah
6646,handkerchief,92,2,24,1568,3271,234,119,feihcrekdnah
6647,handmade,92,2,25,1393,3345,326,102,edamdnah
6648,handspring,92,3,1,2334,466,235,94,gnirpsdnah
6649,handwriting,92,3,2,2351,569,227,79,gnitirwdnah
6650,longhand,92,3,3,2308,702,291,79,dnahgnol
6651,shorthand,92,3,4,2336,803,119,83,dnahtrohs
6652,handle,92,3,5,2212,944,312,73,eldnah
6653,handlebar,92,3,6,2245,1076,316,132,rabeldnah
6654,handsome,92,3,7,2270,1216,242,58,emosdnah
6655,hang,92,3,8,2279,1327,134,62,gnah
6656,hanger,92,3,9,2267,1443,140,61,regnah
6657,hangman,92,3,10,2239,1577,301,69,namgnah
6658,hanker,92,3,11,2257,1707,179,55,reknah
6659,hansom,92,3,12,2228,1826,256,54,mosnah
6660,haphazard,92,3,13,2245,1878,160,163,drazahpah
6661,hapless,92,3,14,2290,2016,179,104,sselpah
6662,happen,92,3,15,2249,2136,114,99,neppah
6663,happened,92,3,16,2280,2239,130,115,deneppah
6664,happy,92,3,17,2232,2372,95,117,yppah
6665,happily,92,3,18,2241,2493,90,119,ylippah
6666,happiness,92,3,19,2266,2602,116,124,ssenippah
6667,unhappy,92,3,20,2265,2761,138,130,yppahnu
6668,harangue,92,3,21,2224,2878,183,86,eugnarah
6669,harass,92,3,22,2229,3007,153,99,ssarah
6670,harbinger,92,3,23,2212,3123,109,270,regnibrah
6671,harbor,92,3,24,2080,3246,112,178,robrah
6672,hard,92,3,25,2238,3350,160,88,drah
6673,harden,93,1,1,662,491,146,73,nedrah
6674,hardened,93,1,2,647,540,252,147,denedrah
6675,hardener,93,1,3,637,697,230,101,renedrah
6676,hard-fisted,93,1,4,671,834,272,118,detsif-drah
6677,hard-headed,93,1,5,695,884,350,165,dedaeh-drah
6678,hard-hearted,93,1,6,685,1000,327,179,detraeh-drah
6679,hardihood,93,1,7,677,1186,264,105,doohidrah
6680,hardiness,93,1,8,674,1315,233,108,ssenidrah
6681,hardness,93,1,9,652,1427,248,111,ssendrah
6682,hardpan,93,1,10,653,1563,162,112,napdrah
6683,hard-shell,93,1,11,645,1683,289,92,llehs-drah
6684,hardship,93,1,12,664,1815,146,81,pihsdrah
6685,hardware,93,1,13,672,1904,176,119,erawdrah
6686,unhardened,93,1,14,675,2015,300,153,denedrahnu
6687,harelip,93,1,15,581,2177,271,150,pilerah
6688,Harlequin,93,1,16,573,2312,380,132,niuqelraH
6689,harm,93,1,17,557,2444,186,62,mrah
6690,harmful,93,1,18,595,2569,191,101,lufmrah
6691,harmless,93,1,19,594,2680,305,74,sselmrah
6692,unharmed,93,1,20,647,2798,252,96,demrahnu
6693,harmony,93,1,21,604,2916,279,68,ynomrah
6694,harmonic,93,1,22,633,3046,326,68,cinomrah
6695,harmonica,93,1,23,640,3168,325,87,acinomrah
6696,harmonious,93,1,24,677,3279,242,103,suoinomrah
6697,harmonization,93,1,25,755,3415,243,114,noitazinomrah
6698,harmonize,93,2,1,1469,499,276,87,ezinomrah
6699,harness,93,2,2,1451,615,141,83,ssenrah
6700,harp,93,2,3,1440,728,128,122,prah
6701,harpist,93,2,4,1425,852,126,146,tsiprah
6702,harpoon,93,2,5,1414,964,148,141,nooprah
6703,harpsichord,93,2,6,1485,1107,263,169,drohcisprah
6704,harrier,93,2,7,1332,1222,175,77,reirrah
6705,harsh,93,2,8,1425,1321,77,99,hsrah
6706,harsher,93,2,9,1422,1447,79,99,rehsrah
6707,harshest,93,2,10,1415,1563,102,122,tsehsrah
6708,harshly,93,2,11,1426,1696,91,94,ylhsrah
6709,harshness,93,2,12,1448,1813,89,104,ssenhsrah
6710,hartshorn,93,2,13,1396,1968,243,63,nrohstrah
6711,harvest,93,2,14,1382,2073,151,184,tsevrah
6712,harvester,93,2,15,1461,2188,134,206,retsevrah
6713,harvests,93,2,16,1561,2314,150,205,stsevrah
6714,hash,93,2,17,1403,2408,52,96,hsah
6715,hassock,93,2,18,1386,2529,102,99,kcossah
6716,haste,93,2,19,1373,2653,85,95,etsah
6717,hasten,93,2,20,1414,2784,70,86,netsah
6718,hastened,93,2,21,1417,2895,118,98,denetsah
6719,hastily,93,2,22,1440,3005,121,103,ylitsah
6720,hastiness,93,2,23,1436,3130,168,98,ssenitsah
6721,hatch,93,2,24,1426,3226,63,127,hctah
6722,hatchery,93,2,25,1427,3338,84,151,yrehctah
6723,hatchet,93,3,1,2225,434,105,145,tehctah
6724,hatchway,93,3,2,2234,556,109,167,yawhctah
6725,hate,93,3,3,2244,750,82,67,etah
6726,hated,93,3,4,2204,818,201,126,detah
6727,hateful,93,3,5,2231,986,99,93,lufetah
6728,hatefully,93,3,6,2260,1119,100,101,yllufetah
6729,hatefulness,93,3,7,2305,1229,126,112,ssenlufetah
6730,hatred,93,3,8,2235,1319,275,121,dertah
6731,haughty,93,3,9,2239,1477,93,60,ythguah
6732,haul,93,3,10,2196,1601,202,61,luah
6733,haulage,93,3,11,2218,1730,189,143,egaluah
6734,hauled,93,3,12,2209,1832,207,71,deluah
6735,haunt,93,3,13,2204,1943,124,72,tnuah
6736,haunted,93,3,14,2202,2013,260,128,detnuah
6737,have,93,3,15,2198,2147,87,131,evah
6738,havoc,93,3,16,2221,2218,117,175,covah
6739,hawk,93,3,17,2203,2444,118,50,kwah
6740,hawker,93,3,18,2203,2567,171,57,rekwah
6741,hawk-eyed,93,3,19,2280,2659,212,104,deye-kwah
6742,hawkweed,93,3,20,2284,2785,208,106,deewkwah
6743,hay,93,3,21,2248,2921,60,71,yah
6744,haycock,93,3,22,2204,3056,211,75,kcocyah
6745,hayloft,93,3,23,2220,3151,188,126,tfolyah
6746,haymow,93,3,24,2214,3297,222,69,womyah
6747,hayrack,93,3,25,2225,3391,185,94,kcaryah
6748,hayseed,94,1,1,675,460,168,143,deesyah
6749,haystack,94,1,2,656,617,168,70,kcatsyah
6750,hazard,94,1,3,686,711,162,111,drazah
6751,haphazard,94,1,4,668,816,170,161,drazahpah
6752,hazardous,94,1,5,690,952,182,112,suodrazah
6753,haze,94,1,6,651,1083,65,89,ezah
6754,hazily,94,1,7,627,1202,75,115,ylizah
6755,haziness,94,1,8,628,1335,120,100,ssenizah
6756,hazel,94,1,9,596,1451,178,101,lezah
6757,head,94,1,10,633,1582,124,76,daeh
6758,headache,94,1,11,651,1683,208,94,ehcadaeh
6759,headband,94,1,12,665,1814,181,124,dnabdaeh
6760,headboard,94,1,13,684,1944,201,131,draobdaeh
6761,headdress,94,1,14,667,2064,229,85,sserddaeh
6762,headed,94,1,15,657,2159,190,108,dedaeh
6763,headfirst,94,1,16,680,2298,154,98,tsrifdaeh
6764,headgear,94,1,17,632,2413,343,100,raegdaeh
6765,headily,94,1,18,678,2529,172,106,ylidaeh
6766,headland,94,1,19,634,2616,394,145,dnaldaeh
6767,headless,94,1,20,637,2779,293,95,sseldaeh
6768,headlight,94,1,21,652,2884,321,107,thgildaeh
6769,headline,94,1,22,628,2997,312,117,enildaeh
6770,headlong,94,1,23,643,3144,359,91,gnoldaeh
6771,headpiece,94,1,24,701,3263,157,103,eceipdaeh
6772,headquarters,94,1,25,740,3392,190,82,sretrauqdaeh
6773,headsman,94,2,1,1499,485,306,79,namsdaeh
6774,headstone,94,2,2,1539,591,253,102,enotsdaeh
6775,headstrong,94,2,3,1541,714,253,91,gnortsdaeh
6776,headwater,94,2,4,1547,803,192,126,retawdaeh
6777,headway,94,2,5,1555,945,162,102,yawdaeh
6778,headwork,94,2,6,1533,1081,241,90,krowdaeh
6779,heal,94,2,7,1482,1232,201,63,laeh
6780,healed,94,2,8,1491,1342,211,73,delaeh
6781,healer,94,2,9,1454,1473,255,66,relaeh
6782,health,94,2,10,1467,1603,222,67,htlaeh
6783,healthful,94,2,11,1491,1719,240,73,lufhtlaeh
6784,healthfulness,94,2,12,1562,1846,234,110,ssenlufhtlaeh
6785,healthily,94,2,13,1516,1967,258,70,ylihtlaeh
6786,unhealed,94,2,14,1480,2075,259,87,delaehnu
6787,unhealthy,94,2,15,1480,2212,297,71,yhtlaehnu
6788,hear,94,2,16,1469,2331,107,55,raeh
6789,heard,94,2,17,1463,2410,149,87,draeh
6790,hearer,94,2,18,1449,2566,177,60,reraeh
6791,hearsay,94,2,19,1472,2697,106,98,yasraeh
6792,unheard,94,2,20,1464,2781,201,101,draehnu
6793,hearken,94,2,21,1424,2923,196,71,nekraeh
6794,hearse,94,2,22,1446,3048,105,68,esraeh
6795,heart,94,2,23,1458,3154,94,79,traeh
6796,downhearted,94,2,24,1545,3178,307,170,detraehnwod
6797,heartache,94,2,25,1518,3403,219,70,ehcatraeh
6798,heartbeat,94,3,1,2343,493,108,170,taebtraeh
6799,heartbreak,94,3,2,2390,626,169,155,kaerbtraeh
6800,heartbroken,94,3,3,2490,752,215,152,nekorbtraeh
6801,heartburn,94,3,4,2287,879,94,142,nrubtraeh
6802,heartened,94,3,5,2399,913,271,159,denetraeh
6803,heartfelt,94,3,6,2290,1101,230,109,tleftraeh
6804,heartily,94,3,7,2304,1227,154,84,ylitraeh
6805,heartless,94,3,8,2300,1343,262,77,sseltraeh
6806,heartrending,94,3,9,2404,1436,291,120,gnidnertraeh
6807,hearth,94,3,10,2363,1597,161,81,htraeh
6808,hearthstone,94,3,11,2350,1717,284,73,enotshtraeh
6809,heater,94,3,12,2283,1837,80,77,retaeh
6810,heath,94,3,13,2284,1961,65,52,htaeh
6811,heathen,94,3,14,2297,2076,123,65,nehtaeh
6812,heathenish,94,3,15,2320,2201,141,63,hsinehtaeh
6813,heathenism,94,3,16,2351,2314,251,69,msinehtaeh
6814,heather,94,3,17,2303,2447,60,59,rehtaeh
6815,heaven,94,3,18,2283,2488,126,152,nevaeh
6816,heavenly,94,3,19,2307,2597,126,162,ylnevaeh
6817,heavenward,94,3,20,2370,2731,153,175,drawnevaeh
6818,heavy,94,3,21,2249,2862,103,148,yvaeh
6819,heavier,94,3,22,2283,2972,151,144,reivaeh
6820,heaviest,94,3,23,2333,3084,131,193,tseivaeh
6821,heavily,94,3,24,2320,3215,144,157,ylivaeh
6822,heaviness,94,3,25,2335,3333,143,148,ssenivaeh
6823,hecatomb,95,1,1,514,463,234,111,bmotaceh
6824,heckle,95,1,2,460,627,271,62,elkceh
6825,hectic,95,1,3,494,739,225,71,citceh
6826,hectograph,95,1,4,532,871,161,62,hpargotceh
6827,hedge,95,1,5,584,914,70,148,egdeh
6828,hedgehog,95,1,6,586,1010,170,160,gohegdeh
6829,hedgerow,95,1,7,595,1165,98,148,woregdeh
6830,hedonism,95,1,8,578,1343,220,72,msinodeh
6831,heed,95,1,9,522,1455,128,83,deeh
6832,heeded,95,1,10,533,1531,207,118,dedeeh
6833,heedfully,95,1,11,576,1681,153,101,yllufdeeh
6834,heedfulness,95,1,12,606,1807,156,92,ssenlufdeeh
6835,heedless,95,1,13,551,1934,259,84,sseldeeh
6836,heedlessness,95,1,14,597,2042,329,103,ssensseldeeh
6837,hegemony,95,1,15,590,2134,228,133,ynomegeh
6838,hegira,95,1,16,477,2226,128,159,arigeh
6839,heifer,95,1,17,546,2390,80,113,refieh
6840,height,95,1,18,527,2550,86,77,thgieh
6841,heighten,95,1,19,538,2664,123,88,nethgieh
6842,heinous,95,1,20,499,2818,137,72,suonieh
6843,heir,95,1,21,496,2936,129,46,rieh
6844,heiress,95,1,22,501,3057,152,77,sserieh
6845,heirloom,95,1,23,490,3183,379,58,moolrieh
6846,helical,95,1,24,522,3308,205,71,lacileh
6847,helicoid,95,1,25,503,3416,300,62,diocileh
6848,helix,95,2,1,1362,498,209,67,xileh
6849,heliograph,95,2,2,1378,611,197,81,hpargoileh
6850,heliotrope,95,2,3,1354,726,311,106,eportoileh
6851,helium,95,2,4,1328,865,304,64,muileh
6852,help,95,2,5,1338,982,175,106,pleh
6853,helped,95,2,6,1338,1106,164,120,depleh
6854,helper,95,2,7,1338,1230,224,124,repleh
6855,helpfully,95,2,8,1386,1350,191,157,yllufpleh
6856,helpfulness,95,2,9,1418,1476,187,155,ssenlufpleh
6857,helpless,95,2,10,1373,1601,261,116,sselpleh
6858,helpmate,95,2,11,1356,1718,271,149,etampleh
6859,hematite,95,2,12,1282,1847,255,80,etitameh
6860,hemicycle,95,2,13,1350,1976,356,86,elcycimeh
6861,hemisphere,95,2,14,1360,2094,199,109,erehpsimeh
6862,hemlock,95,2,15,1284,2204,413,65,kcolmeh
6863,hemorrhage,95,2,16,1415,2335,208,146,egahrromeh
6864,hemstitch,95,2,17,1422,2454,229,102,hctitsmeh
6865,hence,95,2,18,1435,2586,89,55,ecneh
6866,henceforth,95,2,19,1466,2689,94,138,htrofecneh
6867,henceforward,95,2,20,1511,2823,148,117,drawrofecneh
6868,henequen,95,2,21,1376,2948,234,72,neuqeneh
6869,hepatica,95,2,22,1397,3011,166,102,acitapeh
6870,heptagon,95,2,23,1381,3131,282,96,nogatpeh
6871,heptameter,95,2,24,1422,3250,231,101,retematpeh
6872,heptangular,95,2,25,1464,3366,145,104,ralugnatpeh
6873,herald,95,3,1,2139,485,266,74,dlareh
6874,heraldic,95,3,2,2144,617,356,67,cidlareh
6875,heraldry,95,3,3,2159,735,336,70,yrdlareh
6876,herb,95,3,4,2224,885,108,129,breh
6877,herbaceous,95,3,5,2330,981,90,177,suoecabreh
6878,herbage,95,3,6,2158,1129,118,226,egabreh
6879,herbal,95,3,7,2331,1244,154,153,labreh
6880,herbarium,95,3,8,2258,1351,240,177,muirabreh
6881,herbivorous,95,3,9,2447,1481,169,234,suorovibreh
6882,Herculean,95,3,10,2114,1608,353,91,naelucreH
6883,here,95,3,11,2232,1723,101,52,ereh
6884,hereabouts,95,3,12,2208,1840,148,179,stuobaereh
6885,hereafter,95,3,13,2318,1951,117,101,retfaereh
6886,hereat,95,3,14,2221,2077,82,48,taereh
6887,hereby,95,3,15,2232,2182,101,169,ybereh
6888,hereinafter,95,3,16,2302,2322,89,111,retfaniereh
6889,hereinbefore,95,3,17,2227,2456,145,174,erofebniereh
6890,hereof,95,3,18,2327,2569,120,50,foereh
6891,hereto,95,3,19,2235,2682,100,54,otereh
6892,heretofore,95,3,20,2218,2807,103,91,erofotereh
6893,hereunto,95,3,21,2220,2924,167,59,otnuereh
6894,hereupon,95,3,22,2262,3050,115,131,nopuereh
6895,herewith,95,3,23,2214,3165,79,59,htiwereh
6896,heredity,95,3,24,2210,3235,206,119,ytidereh
6897,hereditability,95,3,25,2278,3361,188,162,ytilibatidereh
6898,hereditable,96,1,1,723,413,209,114,elbatidereh
6899,hereditament,96,1,2,733,522,284,132,tnematidereh
6900,hereditary,96,1,3,705,661,247,106,yratidereh
6901,heritability,96,1,4,676,832,93,146,ytilibatireh
6902,heritable,96,1,5,731,967,80,129,elbatireh
6903,heritage,96,1,6,746,1090,76,126,egatireh
6904,inherit,96,1,7,577,1197,138,56,tirehni
6905,heresy,96,1,8,610,1327,104,82,ysereh
6906,heretic,96,1,9,608,1436,123,104,citereh
6907,hermetic,96,1,10,586,1577,167,89,citemreh
6908,hermit,96,1,11,573,1692,181,58,timreh
6909,hermitage,96,1,12,630,1807,174,143,egatimreh
6910,hero,96,1,13,545,1929,116,55,oreh
6911,heroic,96,1,14,558,2039,200,61,cioreh
6912,heroical,96,1,15,587,2166,159,85,lacioreh
6913,heroine,96,1,16,586,2294,164,56,enioreh
6914,heroism,96,1,17,594,2409,245,72,msioreh
6915,heron,96,1,18,565,2534,159,61,noreh
6916,herring,96,1,19,552,2652,100,62,gnirreh
6917,herself,96,1,20,569,2771,100,73,flesreh
6918,hesitate,96,1,21,563,2879,110,81,etatiseh
6919,hesitance,96,1,22,614,3002,124,74,ecnatiseh
6920,hesitancy,96,1,23,611,3119,115,78,ycnatiseh
6921,hesitant,96,1,24,593,3246,126,73,tnatiseh
6922,hesitation,96,1,25,621,3361,81,78,noitatiseh
6923,unhesitating,96,2,1,1571,478,163,90,gnitatisehnu
6924,heterogeneous,96,2,2,1537,599,150,164,suoenegoreteh
6925,heterogeneity,96,2,3,1665,721,172,142,ytienegoreteh
6926,homogeneous,96,2,4,1571,833,142,172,suoenegomoh
6927,hexagon,96,2,5,1438,946,252,108,nogaxeh
6928,hexagonal,96,2,6,1451,1059,225,108,lanogaxeh
6929,hexameter,96,2,7,1460,1170,221,107,retemaxeh
6930,hexangular,96,2,8,1492,1303,160,84,ralugnaxeh
6931,hexapod,96,2,9,1477,1387,160,141,dopaxeh
6932,hiatus,96,2,10,1426,1550,122,88,sutaih
6933,hibernate,96,2,11,1495,1595,123,173,etanrebih
6934,hibernation,96,2,12,1583,1701,114,192,noitanrebih
6935,hickory,96,2,13,1399,1933,165,60,yrokcih
6936,hide,96,2,14,1432,1995,163,123,edih
6937,hidden,96,2,15,1444,2154,128,74,neddih
6938,hideous,96,2,16,1414,2268,155,87,suoedih
6939,hierarchy,96,2,17,1386,2399,225,80,yhcrareih
6940,hieratic,96,2,18,1402,2515,147,105,citareih
6941,high,96,2,19,1387,2636,61,78,hgih
6942,height,96,2,20,1393,2748,103,86,thgieh
6943,heighten,96,2,21,1416,2869,138,83,nethgieh
6944,highborn,96,2,22,1459,2913,114,167,nrobhgih
6945,highboy,96,2,23,1516,3039,115,170,yobhgih
6946,high-handed,96,2,24,1485,3186,280,136,dednah-hgih
6947,highland,96,2,25,1396,3334,281,103,dnalhgih
6948,highlander,96,3,1,2285,449,388,87,rednalhgih
6949,highly,96,3,2,2340,569,62,82,ylhgih
6950,high-minded,96,3,3,2348,701,251,77,dednim-hgih
6951,highness,96,3,4,2359,819,137,80,ssenhgih
6952,high-pressure,96,3,5,2413,892,94,149,erusserp-hgih
6953,highroad,96,3,6,2299,1042,263,102,daorhgih
6954,highway,96,3,7,2332,1189,147,99,yawhgih
6955,highwayman,96,3,8,2327,1326,293,85,namyawhgih
6956,hike,96,3,9,2248,1447,137,77,ekih
6957,hilarious,96,3,10,2206,1559,268,74,suoiralih
6958,hilarity,96,3,11,2219,1672,253,77,ytiralih
6959,hill,96,3,12,2248,1812,200,60,llih
6960,hilliness,96,3,13,2246,1925,259,69,ssenillih
6961,hillock,96,3,14,2261,2047,257,62,kcollih
6962,hillside,96,3,15,2250,2177,194,80,edisllih
6963,hilltop,96,3,16,2245,2289,248,102,potllih
6964,hilt,96,3,17,2236,2419,225,66,tlih
6965,himself,96,3,18,2248,2537,171,54,flesmih
6966,hinder,96,3,19,2229,2629,218,78,rednih
6967,hindrance,96,3,20,2194,2746,288,89,ecnardnih
6968,hinge,96,3,21,2209,2905,83,151,egnih
6969,hint,96,3,22,2246,2988,121,86,tnih
6970,hinted,96,3,23,2246,3051,255,149,detnih
6971,hippodrome,96,3,24,2265,3211,339,116,emordoppih
6972,hippopotamus,96,3,25,2308,3339,179,169,sumatopoppih
6973,hire,97,1,1,556,553,122,84,erih
6974,hireling,97,1,2,538,671,282,77,gnilerih
6975,hirsute,97,1,3,529,804,140,96,etusrih
6976,his,97,1,4,548,960,32,27,sih
6977,hiss,97,1,5,548,1043,47,74,ssih
6978,histology,97,1,6,557,1157,91,83,ygolotsih
6979,history,97,1,7,539,1285,151,78,yrotsih
6980,historian,97,1,8,583,1379,201,99,nairotsih
6981,historic,97,1,9,586,1528,208,72,cirotsih
6982,historical,97,1,10,574,1648,203,78,lacirotsih
6983,histrionic,97,1,11,545,1771,274,75,cinoirtsih
6984,hitch,97,1,12,570,1867,53,101,hctih
6985,hither,97,1,13,547,2028,68,51,rehtih
6986,hitherto,97,1,14,551,2127,113,78,otrehtih
6987,hive,97,1,15,496,2177,156,158,evih
6988,hoard,97,1,16,458,2387,225,64,draoh
6989,hobble,97,1,17,537,2433,101,139,elbboh
6990,hog,97,1,18,491,2635,197,57,goh
6991,hogback,97,1,19,563,2754,183,187,kcabgoh
6992,hogfish,97,1,20,746,2870,204,137,hsifgoh
6993,hoggish,97,1,21,605,2997,214,79,hsiggoh
6994,hogshead,97,1,22,602,3125,310,100,daehsgoh
6995,hogweed,97,1,23,584,3215,297,116,deewgoh
6996,hoist,97,1,24,582,3347,77,88,tsioh
6997,holiday,97,1,25,483,3440,337,110,yadiloh
6998,hollow,97,2,1,1348,574,211,56,wolloh
6999,hob,97,2,2,1327,697,196,67,boh
7000,holily,97,2,3,1352,812,194,63,yliloh
7001,holiness,97,2,4,1382,939,255,55,sseniloh
7002,unholy,97,2,5,1361,1053,263,73,ylohnu
7003,homage,97,2,6,1366,1187,169,150,egamoh
7004,home,97,2,7,1374,1321,163,48,emoh
7005,homeless,97,2,8,1398,1424,323,67,sselemoh
7006,homelike,97,2,9,1405,1558,324,63,ekilemoh
7007,homeliness,97,2,10,1429,1671,430,69,ssenilemoh
7008,homesickness,97,2,11,1508,1797,341,86,ssenkcisemoh
7009,homespun,97,2,12,1495,1923,161,123,nupsemoh
7010,homestead,97,2,13,1470,2018,323,101,daetsemoh
7011,homeward,97,2,14,1460,2155,250,75,drawemoh
7012,homeopathy,97,2,15,1450,2276,168,116,yhtapoemoh
7013,Homeric,97,2,16,1372,2404,284,95,ciremoH
7014,homicide,97,2,17,1403,2514,184,88,edicimoh
7015,homicidal,97,2,18,1428,2633,345,117,ladicimoh
7016,homily,97,2,19,1417,2750,195,55,ylimoh
7017,homiletics,97,2,20,1416,2877,347,118,scitelimoh
7018,hominy,97,2,21,1397,2997,265,58,ynimoh
7019,homogeneous,97,2,22,1497,3117,161,163,suoenegomoh
7020,heterogeneous,97,2,23,1628,3250,148,154,suoenegoreteh
7021,homogeneity,97,2,24,1504,3370,203,155,ytienegomoh
7022,homologous,97,2,25,1388,3482,449,74,suogolomoh
7023,homonym,97,3,1,2227,572,330,59,mynomoh
7024,homunculus,97,3,2,2271,690,227,80,sulucnumoh
7025,honest,97,3,3,2282,848,107,49,tsenoh
7026,dishonest,97,3,4,2260,903,235,86,tsenohsid
7027,honestly,97,3,5,2293,1088,122,54,yltsenoh
7028,honesty,97,3,6,2289,1214,126,50,ytsenoh
7029,honey,97,3,7,2274,1294,98,68,yenoh
7030,honeybee,97,3,8,2307,1425,125,155,eebyenoh
7031,honeycomb,97,3,9,2283,1555,323,61,bmocyenoh
7032,honeyed,97,3,10,2268,1629,184,98,deyenoh
7033,honeymoon,97,3,11,2325,1780,263,73,noomyenoh
7034,honeysuckle,97,3,12,2334,1910,247,86,elkcusyenoh
7035,honor,97,3,13,2296,2069,106,25,ronoh
7036,dishonor,97,3,14,2243,2122,213,86,ronohsid
7037,honorable,97,3,15,2291,2296,151,138,elbaronoh
7038,honorarium,97,3,16,2258,2437,367,30,muiraronoh
7039,honorary,97,3,17,2269,2537,251,31,yraronoh
7040,unhonored,97,3,18,2292,2665,205,52,deronohnu
7041,hood,97,3,19,2267,2730,130,81,dooh
7042,hooded,97,3,20,2269,2806,198,131,dedooh
7043,hoodwink,97,3,21,2273,2952,195,102,kniwdooh
7044,hookworm,97,3,22,2193,3119,253,54,mrowkooh
7045,hope,97,3,23,2258,3186,74,112,epoh
7046,hopefully,97,3,24,2269,3312,130,174,yllufepoh
7047,hopefulness,97,3,25,2302,3416,126,217,ssenlufepoh
7048,hopelessly,98,1,1,737,500,179,127,ylsselepoh
7049,unhoped,98,1,2,749,688,111,124,depohnu
7050,hopscotch,98,1,3,654,755,125,192,hctocspoh
7051,horizon,98,1,4,729,936,152,85,noziroh
7052,horizontal,98,1,5,695,1056,181,88,latnoziroh
7053,horizontally,98,1,6,705,1176,210,91,yllatnoziroh
7054,horned,98,1,7,646,1273,192,74,denroh
7055,hornet,98,1,8,638,1423,215,52,tenroh
7056,horoscope,98,1,9,631,1536,164,128,epocsoroh
7057,horror,98,1,10,620,1660,182,61,rorroh
7058,horrible,98,1,11,605,1782,109,169,elbirroh
7059,horrid,98,1,12,683,1892,223,80,dirroh
7060,horrify,98,1,13,674,2027,103,100,yfirroh
7061,horse,98,1,14,670,2151,109,64,esroh
7062,horseback,98,1,15,741,2265,152,192,kcabesroh
7063,horse-chestnut,98,1,16,899,2390,140,156,tuntsehc-esroh
7064,horseflesh,98,1,17,667,2512,222,163,hselfesroh
7065,horsey,98,1,18,648,2644,194,148,yesroh
7066,horsehair,98,1,19,835,2761,180,96,riahesroh
7067,horsehide,98,1,20,706,2867,208,119,edihesroh
7068,horseman,98,1,21,678,3002,288,92,namesroh
7069,horsepower,98,1,22,695,3136,60,77,rewopesroh
7070,horse-radish,98,1,23,701,3226,286,99,hsidar-esroh
7071,horseshoe,98,1,24,709,3358,106,96,eohsesroh
7072,horsewhip,98,1,25,688,3471,133,131,pihwesroh
7073,horsewoman,98,2,1,1549,567,272,72,namowesroh
7074,unhorsed,98,2,2,1547,707,217,62,desrohnu
7075,hortatory,98,2,3,1492,783,227,80,yrotatroh
7076,horticulture,98,2,4,1443,899,446,92,erutlucitroh
7077,hosier,98,2,5,1542,1024,49,94,reisoh
7078,hosiery,98,2,6,1518,1140,70,85,yreisoh
7079,hospital,98,2,7,1449,1240,250,124,latipsoh
7080,hospitality,98,2,8,1542,1356,233,119,ytilatipsoh
7081,hostage,98,2,9,1467,1517,93,155,egatsoh
7082,hostile,98,2,10,1482,1641,221,82,elitsoh
7083,hostilely,98,2,11,1491,1766,111,72,ylelitsoh
7084,hostility,98,2,12,1460,1885,254,76,ytilitsoh
7085,hot,98,2,13,1453,2012,85,61,toh
7086,hot-headed,98,2,14,1490,2071,262,127,dedaeh-toh
7087,hothouse,98,2,15,1505,2254,100,59,esuohtoh
7088,hotness,98,2,16,1470,2383,169,62,ssentoh
7089,hound,98,2,17,1429,2472,188,113,dnuoh
7090,hour,98,2,18,1482,2664,97,21,ruoh
7091,hourglass,98,2,19,1451,2776,389,58,ssalgruoh
7092,hourly,98,2,20,1475,2904,98,28,ylruoh
7093,house,98,2,21,1483,2974,57,79,esuoh
7094,household,98,2,22,1469,3087,263,83,dlohesuoh
7095,householder,98,2,23,1521,3220,351,76,redlohesuoh
7096,housekeeper,98,2,24,1591,3325,180,134,repeekesuoh
7097,housemaid,98,2,25,1546,3457,252,105,diamesuoh
7098,houses,98,3,1,2454,538,90,106,sesuoh
7099,housewarming,98,3,2,2440,647,184,100,gnimrawesuoh
7100,housewife,98,3,3,2454,741,120,124,efiwesuoh
7101,housework,98,3,4,2397,907,148,77,krowesuoh
7102,ice house,98,3,5,2386,1036,70,97,esuoh eci
7103,storehouse,98,3,6,2353,1150,191,85,esuoherots
7104,warehouse,98,3,7,2348,1307,142,53,esuoheraw
7105,hovel,98,3,8,2225,1337,182,158,levoh
7106,hover,98,3,9,2348,1433,117,168,revoh
7107,how,98,3,10,2302,1655,89,79,woh
7108,anyhow,98,3,11,2292,1762,119,104,wohyna
7109,however,98,3,12,2336,1813,138,156,revewoh
7110,howsoever,98,3,13,2373,1920,127,171,reveoswoh
7111,somehow,98,3,14,2329,2153,176,74,wohemos
7112,howitzer,98,3,15,2237,2256,211,86,reztiwoh
7113,hubbub,98,3,16,2323,2312,153,264,bubbuh
7114,huckleberry,98,3,17,2379,2499,261,153,yrrebelkcuh
7115,huckster,98,3,18,2252,2638,168,82,retskcuh
7116,huge,98,3,19,2393,2655,92,164,eguh
7117,Huguenot,98,3,20,2261,2865,295,98,toneuguH
7118,hulk,98,3,21,2229,2989,278,71,kluh
7119,human,98,3,22,2272,3111,258,65,namuh
7120,humane,98,3,23,2298,3236,237,71,enamuh
7121,humaneness,98,3,24,2325,3351,319,66,ssenenamuh
7122,humanism,98,3,25,2308,3470,381,69,msinamuh
7123,humanitarian,99,1,1,680,508,396,88,nairatinamuh
7124,humanity,99,1,2,709,639,229,74,ytinamuh
7125,humanization,99,1,3,729,782,258,94,noitazinamuh
7126,humanize,99,1,4,696,888,278,69,ezinamuh
7127,humankind,99,1,5,639,1024,334,61,dniknamuh
7128,humble,99,1,6,691,1143,151,138,elbmuh
7129,humbleness,99,1,7,796,1263,193,167,ssenelbmuh
7130,humblest,99,1,8,684,1387,192,144,tselbmuh
7131,humbug,99,1,9,515,1496,260,156,gubmuh
7132,humdrum,99,1,10,624,1591,441,99,murdmuh
7133,humid,99,1,11,619,1717,253,96,dimuh
7134,humidify,99,1,12,605,1851,270,87,yfidimuh
7135,humidity,99,1,13,607,1911,344,137,ytidimuh
7136,humidor,99,1,14,587,2074,326,100,rodimuh
7137,humiliate,99,1,15,575,2241,348,64,etailimuh
7138,humiliation,99,1,16,635,2352,328,96,noitailimuh
7139,humility,99,1,17,621,2477,297,74,ytilimuh
7140,hummock,99,1,18,645,2597,221,50,kcommuh
7141,humor,99,1,19,626,2705,182,70,romuh
7142,humorist,99,1,20,633,2838,250,79,tsiromuh
7143,humorous,99,1,21,665,2962,252,73,suoromuh
7144,humorousness,99,1,22,720,3083,286,100,ssensuoromuh
7145,hunch,99,1,23,684,3201,76,113,hcnuh
7146,hundred,99,1,24,707,3292,119,84,derdnuh
7147,hundredfold,99,1,25,698,3429,260,88,dlofderdnuh
7148,hundredth,99,2,1,1482,495,156,91,htderdnuh
7149,hunger,99,2,2,1499,658,118,59,regnuh
7150,hungered,99,2,3,1498,775,146,84,deregnuh
7151,hung,99,2,4,1491,908,222,65,gnuh
7152,hunk,99,2,5,1474,1013,153,67,knuh
7153,hunt,99,2,6,1441,1130,125,69,tnuh
7154,hunted,99,2,7,1428,1193,245,124,detnuh
7155,hunter,99,2,8,1429,1361,223,76,retnuh
7156,huntsman,99,2,9,1428,1503,319,67,namstnuh
7157,hurdle,99,2,10,1395,1610,303,80,eldruh
7158,hurdled,99,2,11,1410,1695,306,108,deldruh
7159,hurdler,99,2,12,1376,1851,390,84,reldruh
7160,hurl,99,2,13,1357,1984,268,58,lruh
7161,hurricane,99,2,14,1397,2113,256,75,enacirruh
7162,hurry,99,2,15,1427,2237,108,56,yrruh
7163,unhurried,99,2,16,1435,2334,262,79,deirruhnu
7164,hurt,99,2,17,1420,2473,89,52,truh
7165,hurtful,99,2,18,1450,2593,85,91,luftruh
7166,hurtfulness,99,2,19,1479,2721,105,121,ssenluftruh
7167,unhurt,99,2,20,1454,2858,141,48,truhnu
7168,husband,99,2,21,1508,2950,39,69,dnabsuh
7169,husbandry,99,2,22,1478,3059,90,106,yrdnabsuh
7170,husbands,99,2,23,1487,3185,52,99,sdnabsuh
7171,husk,99,2,24,1433,3303,98,74,ksuh
7172,huskily,99,2,25,1430,3427,131,70,yliksuh
7173,huskiness,99,3,1,2288,522,202,79,sseniksuh
7174,hussar,99,3,2,2270,620,139,85,rassuh
7175,hustings,99,3,3,2306,757,95,80,sgnitsuh
7176,hustle,99,3,4,2281,883,214,93,eltsuh
7177,hustled,99,3,5,2266,996,199,88,deltsuh
7178,hustler,99,3,6,2239,1121,262,82,reltsuh
7179,hutch,99,3,7,2278,1212,62,111,hctuh
7180,hyacinth,99,3,8,2218,1349,129,107,htnicayh
7181,hyaline,99,3,9,2178,1491,238,72,enilayh
7182,hybrid,99,3,10,2247,1557,189,142,dirbyh
7183,hydrant,99,3,11,2201,1663,285,158,tnardyh
7184,hydrate,99,3,12,2228,1816,251,127,etardyh
7185,hydraulic,99,3,13,2202,1940,351,116,ciluardyh
7186,hydrocarbon,99,3,14,2239,2078,343,131,nobracordyh
7187,hydrochloric,99,3,15,2230,2220,472,95,cirolhcordyh
7188,hydroelectric,99,3,16,2296,2305,376,111,cirtceleordyh
7189,hydrogen,99,3,17,2283,2434,218,119,negordyh
7190,hydrometer,99,3,18,2264,2538,357,134,retemordyh
7191,hydrophobia,99,3,19,2344,2677,245,211,aibohpordyh
7192,hydroplane,99,3,20,2219,2810,394,103,enalpordyh
7193,hydrostatics,99,3,21,2288,2933,263,103,scitatsordyh
7194,hydroxide,99,3,22,2203,3035,365,130,edixordyh
7195,hygiene,99,3,23,2281,3120,125,158,eneigyh
7196,hygienic,99,3,24,2336,3232,169,165,cineigyh
7197,hygienically,99,3,25,2329,3371,154,155,yllacineigyh
7198,hymnal,100,1,1,560,530,344,55,lanmyh
7199,hyperbola,100,1,2,620,591,157,219,alobrepyh
7200,hyperbole,100,1,3,777,705,141,226,elobrepyh
7201,hypercritical,100,1,4,628,836,170,184,lacitircrepyh
7202,hypertrophy,100,1,5,829,949,152,171,yhportrepyh
7203,hyphen,100,1,6,643,1056,88,137,nehpyh
7204,hyphenate,100,1,7,676,1179,115,146,etanehpyh
7205,hyphenated,100,1,8,675,1315,213,150,detanehpyh
7206,hyphened,100,1,9,679,1442,118,121,denehpyh
7207,hypnosis,100,2,1,1462,467,93,148,sisonpyh
7208,hypnotic,100,2,2,1493,605,91,147,citonpyh
7209,hypnotism,100,2,3,1466,740,246,108,msitonpyh
7210,hypnotist,100,2,4,1494,849,130,113,tsitonpyh
7211,hypnotize,100,2,5,1507,968,149,117,ezitonpyh
7212,hypochondria,100,2,6,1496,1096,251,105,airdnohcopyh
7213,hypochondriac,100,2,7,1579,1206,294,106,cairdnohcopyh
7214,hypocrisy,100,2,8,1474,1341,146,109,ysircopyh
7215,hypocrite,100,2,9,1463,1456,201,105,etircopyh
7216,hypocritical,100,3,1,2464,495,146,167,lacitircopyh
7217,hypodermic,100,3,2,2269,594,273,123,cimredopyh
7218,hypotenuse,100,3,3,2311,719,128,118,esunetopyh
7219,hypothecate,100,3,4,2318,834,122,119,etacehtopyh
7220,hypothesis,100,3,5,2325,963,70,130,sisehtopyh
7221,hypothetical,100,3,6,2339,1090,84,158,lacitehtopyh
7222,hysteria,100,3,7,2298,1242,149,73,airetsyh
7223,hysterical,100,3,8,2310,1376,178,66,laciretsyh
7224,hysterics,100,3,9,2276,1484,181,70,sciretsyh
7225,iambic,101,1,2,586,667,179,128,cibmai
7226,ibex,101,1,3,485,729,93,152,xebi
7227,ibis,101,1,4,548,839,96,160,sibi
7228,ice,101,1,5,590,1029,59,72,eci
7229,iceberg,101,1,6,610,1059,230,163,grebeci
7230,icebound,101,1,7,658,1219,110,154,dnuobeci
7231,ice,101,1,8,653,1398,67,91,eci
7232,iceman,101,1,9,552,1513,202,83,nameci
7233,icicle,101,1,10,570,1634,79,88,elcici
7234,icily,101,1,11,573,1755,64,91,ylici
7235,iciness,101,1,12,560,1878,97,85,ssenici
7236,ichor,101,1,13,520,2020,190,55,rohci
7237,ichthyology,101,1,14,555,2140,156,54,ygoloyhthci
7238,icon,101,1,15,555,2267,163,55,noci
7239,iconoclasm,101,1,16,554,2387,453,61,msalconoci
7240,iconoclast,101,1,17,569,2496,385,59,tsalconoci
7241,idea,101,1,18,551,2573,146,99,aedi
7242,ideas,101,1,19,548,2676,160,118,saedi
7243,ideal,101,1,20,516,2802,265,114,laedi
7244,idealism,101,1,21,512,2919,359,109,msilaedi
7245,idealist,101,1,22,532,3038,282,113,tsilaedi
7246,idealistic,101,1,23,549,3149,281,116,citsilaedi
7247,ideality,101,1,24,553,3290,289,108,ytilaedi
7248,idealization,101,1,25,607,3402,274,115,noitazilaedi
7249,idealize,101,2,1,1336,473,291,128,ezilaedi
7250,ideally,101,2,2,1336,614,254,108,yllaedi
7251,identic,101,2,3,1335,736,229,119,citnedi
7252,identical,101,2,4,1415,887,183,86,lacitnedi
7253,identification,101,2,5,1486,1005,147,104,noitacifitnedi
7254,identify,101,2,6,1428,1094,252,138,yfitnedi
7255,identity,101,2,7,1418,1226,187,122,ytitnedi
7256,unidentified,101,2,8,1447,1335,280,146,deifitnedinu
7257,idiocy,101,2,9,1369,1490,152,85,ycoidi
7258,idiot,101,2,10,1373,1587,191,114,toidi
7259,idiotic,101,2,11,1373,1729,154,88,citoidi
7260,idiom,101,2,12,1380,1831,215,106,moidi
7261,idiomatic,101,2,13,1399,1965,204,96,citamoidi
7262,unidiomatic,101,2,14,1450,2083,251,107,citamoidinu
7263,idiosyncrasy,101,2,15,1407,2222,200,81,ysarcnysoidi
7264,idle,101,2,16,1329,2326,287,114,eldi
7265,idled,101,2,17,1313,2406,319,143,deldi
7266,idleness,101,2,18,1312,2556,363,117,sseneldi
7267,idler,101,2,19,1304,2674,335,122,reldi
7268,idly,101,2,20,1303,2804,133,103,yldi
7269,idol,101,2,21,1287,2924,273,108,lodi
7270,idolater,101,2,22,1300,2997,350,154,retalodi
7271,idolatry,101,2,23,1308,3141,383,133,yrtalodi
7272,idolize,101,2,24,1296,3260,290,132,ezilodi
7273,idyl,101,2,25,1286,3408,297,105,lydi
7274,idyllic,101,3,1,2134,503,348,108,cillydi
7275,igneous,101,3,2,2148,691,232,66,suoengi
7276,ignite,101,3,3,2158,808,260,59,etingi
7277,ignites,101,3,4,2162,936,322,81,setingi
7278,ignition,101,3,5,2176,1061,239,56,noitingi
7279,ignoble,101,3,6,2195,1180,225,134,elbongi
7280,ignominy,101,3,7,2137,1304,412,41,ynimongi
7281,ignominious,101,3,8,2244,1427,383,42,suoinimongi
7282,ignorance,101,3,9,2223,1540,180,44,ecnarongi
7283,ignorant,101,3,10,2238,1655,182,46,tnarongi
7284,ignorantly,101,3,11,2252,1782,181,40,yltnarongi
7285,ignore,101,3,12,2145,1908,313,42,erongi
7286,iguana,101,3,13,2151,2024,292,79,anaugi
7287,ilk,101,3,14,2134,2146,250,37,kli
7288,illegal,101,3,15,2118,2262,343,74,lagelli
7289,illegality,101,3,16,2159,2393,433,65,ytilagelli
7290,illegible,101,3,17,2150,2498,163,243,elbigelli
7291,illegitimate,101,3,18,2296,2619,280,135,etamitigelli
7292,illiberal,101,3,19,2173,2751,173,140,larebilli
7293,illicit,101,3,20,2194,2881,209,57,ticilli
7294,illiterate,101,3,21,2181,2985,243,50,etaretilli
7295,illiteracy,101,3,22,2179,3089,242,58,ycaretilli
7296,illness,101,3,23,2122,3227,241,36,ssenlli
7297,illogical,101,3,24,2166,3353,195,119,lacigolli
7298,illuminate,101,3,25,2129,3473,398,72,etanimulli
7299,illuminant,102,1,1,606,512,395,101,tnanimulli
7300,illumination,102,1,2,662,675,347,43,noitanimulli
7301,illuminator,102,1,3,648,769,343,84,rotanimulli
7302,illumine,102,1,4,631,922,372,30,enimulli
7303,illusion,102,1,5,634,1041,169,46,noisulli
7304,illusive,102,1,6,609,1156,174,149,evisulli
7305,illusory,102,1,7,717,1282,223,65,yrosulli
7306,illustrate,102,1,8,619,1407,188,62,etartsulli
7307,illustration,102,1,9,647,1528,182,59,noitartsulli
7308,illustrative,102,1,10,636,1650,171,160,evitartsulli
7309,illustrator,102,1,11,764,1788,218,64,rotartsulli
7310,illustrious,102,1,12,653,1892,181,89,suoirtsulli
7311,image,102,1,13,599,2026,153,103,egami
7312,imagery,102,1,14,597,2148,161,112,yregami
7313,imagine,102,1,15,639,2237,191,127,enigami
7314,imaginable,102,1,16,656,2355,166,161,elbanigami
7315,imaginary,102,1,17,656,2494,176,120,yranigami
7316,imagination,102,1,18,691,2611,180,120,noitanigami
7317,imaginative,102,1,19,649,2720,201,153,evitanigami
7318,unimaginable,102,1,20,792,2853,238,175,elbanigaminu
7319,imbecile,102,1,21,595,2988,219,131,elicebmi
7320,imbecility,102,1,22,635,3121,296,126,ytilicebmi
7321,imbibe,102,1,23,531,3239,142,200,ebibmi
7322,imbroglio,102,1,24,637,3364,277,128,oilgorbmi
7323,imbue,102,1,25,525,3477,146,131,eubmi
7324,imitate,102,2,1,1439,518,222,73,etatimi
7325,imitable,102,2,2,1448,667,186,137,elbatimi
7326,imitation,102,2,3,1478,788,197,51,noitatimi
7327,imitative,102,2,4,1447,884,244,157,evitatimi
7328,imitator,102,2,5,1443,1014,333,66,rotatimi
7329,inimitable,102,2,6,1446,1164,248,136,elbatimini
7330,immaculate,102,2,7,1490,1302,239,51,etalucammi
7331,immaculately,102,2,8,1532,1409,220,61,yletalucammi
7332,immanent,102,2,9,1464,1550,228,18,tnenammi
7333,immaterial,102,2,10,1439,1629,241,77,lairetammi
7334,immature,102,2,11,1450,1750,254,71,erutammi
7335,immeasurable,102,2,12,1495,1880,167,162,elbarusaemmi
7336,immediate,102,2,13,1615,2026,145,22,etaidemmi
7337,immediately,102,2,14,1601,2149,155,20,yletaidemmi
7338,immediateness,102,2,15,1562,2257,240,40,ssenetaidemmi
7339,immemorial,102,2,16,1397,2386,452,35,lairomemmi
7340,immense,102,2,17,1448,2505,215,31,esnemmi
7341,immensely,102,2,18,1481,2626,224,38,ylesnemmi
7342,immerse,102,2,19,1480,2748,207,40,esremmi
7343,immersion,102,2,20,1476,2865,211,48,noisremmi
7344,immigrant,102,2,21,1440,2971,304,44,tnargimmi
7345,immigration,102,2,22,1489,3099,310,72,noitargimmi
7346,imminent,102,2,23,1416,3236,243,26,tnenimmi
7347,imminence,102,2,24,1471,3362,235,25,ecnenimmi
7348,immobile,102,2,25,1426,3468,249,117,elibommi
7349,immobilization,102,3,1,2432,560,229,149,noitazilibommi
7350,immobilize,102,3,2,2312,692,236,126,ezilibommi
7351,immoderate,102,3,3,2424,765,263,81,etaredommi
7352,immodest,102,3,4,2278,873,241,82,tsedommi
7353,immolate,102,3,5,2237,1038,339,49,etalommi
7354,immoral,102,3,6,2235,1180,395,35,larommi
7355,immorality,102,3,7,2300,1294,356,52,ytilarommi
7356,immortal,102,3,8,2289,1403,366,41,latrommi
7357,immortality,102,3,9,2314,1524,347,44,ytilatrommi
7358,immortalize,102,3,10,2301,1608,371,78,ezilatrommi
7359,immortally,102,3,11,2318,1743,272,64,yllatrommi
7360,immovable,102,3,12,2280,1899,205,121,elbavommi
7361,immune,102,3,13,2275,2030,222,24,enummi
7362,immunity,102,3,14,2291,2109,248,81,ytinummi
7363,immunize,102,3,15,2305,2259,263,48,ezinummi
7364,immunology,102,3,16,2332,2392,235,40,ygolonummi
7365,immure,102,3,17,2273,2508,236,28,erummi
7366,immutable,102,3,18,2219,2621,197,134,elbatummi
7367,immutability,102,3,19,2374,2735,198,150,ytilibatummi
7368,imp,102,3,20,2220,2860,163,73,pmi
7369,impish,102,3,21,2220,2986,165,99,hsipmi
7370,impact,102,3,22,2244,3109,147,105,tcapmi
7371,impair,102,3,23,2259,3236,189,90,riapmi
7372,impaired,102,3,24,2304,3354,249,88,deriapmi
7373,impairment,102,3,25,2300,3484,278,90,tnemriapmi
7374,unimpaired,103,1,1,636,615,253,90,deriapminu
7375,impale,103,1,2,572,747,254,85,elapmi
7376,impalpable,103,1,3,720,865,238,244,elbaplapmi
7377,impalpability,103,1,4,613,999,244,221,ytilibaplapmi
7378,impanel,103,1,5,466,1117,259,107,lenapmi
7379,impart,103,1,6,529,1240,153,77,trapmi
7380,impartial,103,1,7,552,1357,181,103,laitrapmi
7381,impartiality,103,1,8,584,1487,348,108,ytilaitrapmi
7382,impartially,103,1,9,588,1605,181,137,yllaitrapmi
7383,impassion,103,1,10,604,1739,164,101,noissapmi
7384,impassionate,103,1,11,636,1854,159,131,etanoissapmi
7385,impassioned,103,1,12,634,1980,204,104,denoissapmi
7386,impassive,103,1,13,567,2098,160,179,evissapmi
7387,impassivity,103,1,14,686,2208,165,167,ytivissapmi
7388,impatient,103,1,15,534,2329,146,112,tneitapmi
7389,impatience,103,1,16,611,2455,137,129,ecneitapmi
7390,impeach,103,1,17,597,2586,155,122,hcaepmi
7391,impeachable,103,1,18,615,2706,129,198,elbahcaepmi
7392,impeachment,103,1,19,725,2816,197,110,tnemhcaepmi
7393,unimpeachable,103,1,20,752,2947,178,219,elbahcaepminu
7394,impeccable,103,1,21,617,3064,129,169,elbaccepmi
7395,impeccability,103,1,22,716,3185,188,186,ytilibaccepmi
7396,impecunious,103,1,23,602,3313,196,84,suoinucepmi
7397,impecuniosity,103,1,24,659,3422,218,103,ytisoinucepmi
7398,impede,103,1,25,532,3542,195,90,edepmi
7399,impedance,103,2,1,1463,623,222,97,ecnadepmi
7400,impediment,103,2,2,1456,741,303,81,tnemidepmi
7401,impedimenta,103,2,3,1461,852,296,87,atnemidepmi
7402,impel,103,2,4,1402,984,251,72,lepmi
7403,impend,103,2,5,1400,1111,208,96,dnepmi
7404,impenetrable,103,2,6,1467,1229,286,143,elbartenepmi
7405,impenetrability,103,2,7,1498,1362,302,144,ytilibartenepmi
7406,impenitent,103,2,8,1398,1486,237,88,tnetinepmi
7407,impenitence,103,2,9,1448,1599,202,88,ecnetinepmi
7408,imperative,103,2,10,1406,1724,261,96,evitarepmi
7409,imperceptible,103,2,11,1436,1836,166,142,elbitpecrepmi
7410,imperfect,103,2,12,1353,1967,175,116,tcefrepmi
7411,imperfection,103,2,13,1480,2090,169,154,noitcefrepmi
7412,imperfectly,103,2,14,1603,2207,161,119,yltcefrepmi
7413,imperforate,103,2,15,1429,2339,228,135,etarofrepmi
7414,imperial,103,2,16,1386,2466,316,84,lairepmi
7415,imperialism,103,2,17,1392,2578,394,82,msilairepmi
7416,imperialist,103,2,18,1409,2697,343,92,tsilairepmi
7417,imperialistic,103,2,19,1420,2823,351,94,citsilairepmi
7418,imperially,103,2,20,1411,2940,212,76,yllairepmi
7419,imperious,103,2,21,1402,3060,184,105,suoirepmi
7420,imperil,103,2,22,1365,3186,311,82,lirepmi
7421,imperiled,103,2,23,1357,3307,352,83,delirepmi
7422,imperishable,103,2,24,1369,3423,161,209,elbahsirepmi
7423,impersonal,103,2,25,1539,3555,160,92,lanosrepmi
7424,impersonate,103,3,1,2320,617,243,106,etanosrepmi
7425,impersonation,103,3,2,2371,754,185,112,noitanosrepmi
7426,impersonator,103,3,3,2323,879,220,114,rotanosrepmi
7427,impertinent,103,3,4,2296,989,241,86,tnenitrepmi
7428,impertinence,103,3,5,2286,1109,241,77,ecnenitrepmi
7429,imperturbable,103,3,6,2285,1236,139,159,elbabrutrepmi
7430,imperturbability,103,3,7,2423,1358,163,171,ytilibabrutrepmi
7431,impervious,103,3,8,2256,1476,141,184,suoivrepmi
7432,impetuous,103,3,9,2383,1603,166,81,suoutepmi
7433,impetuosity,103,3,10,2303,1725,153,97,ytisoutepmi
7434,impetus,103,3,11,2197,1841,163,88,sutepmi
7435,impinge,103,3,12,2191,1972,158,184,egnipmi
7436,impious,103,3,13,2346,2092,157,102,suoipmi
7437,impiety,103,3,14,2243,2208,175,95,yteipmi
7438,implacable,103,3,15,2235,2334,291,177,elbacalpmi
7439,implacability,103,3,16,2274,2463,284,190,ytilibacalpmi
7440,implant,103,3,17,2115,2559,315,93,tnalpmi
7441,implement,103,3,18,2134,2702,330,75,tnemelpmi
7442,implicate,103,3,19,2146,2825,297,78,etacilpmi
7443,implication,103,3,20,2212,2938,284,92,noitacilpmi
7444,implicit,103,3,21,2145,3059,279,76,ticilpmi
7445,implore,103,3,22,2120,3179,303,71,erolpmi
7446,imply,103,3,23,2132,3297,293,73,ylpmi
7447,implied,103,3,24,2134,3408,367,98,deilpmi
7448,impolite,103,3,25,2134,3545,280,91,etilopmi
7449,impolitely,104,1,1,638,610,251,76,yletilopmi
7450,impolitic,104,1,2,631,736,273,105,citilopmi
7451,imponderable,104,1,3,642,858,270,153,elbarednopmi
7452,import,104,1,4,605,979,148,83,tropmi
7453,importable,104,1,5,657,1102,135,144,elbatropmi
7454,importance,104,1,6,768,1225,145,72,ecnatropmi
7455,important,104,1,7,742,1357,140,71,tnatropmi
7456,importation,104,1,8,705,1467,139,86,noitatropmi
7457,imported,104,1,9,645,1538,301,119,detropmi
7458,importer,104,1,10,632,1717,178,74,retropmi
7459,unimportant,104,1,11,677,1842,184,75,tnatropminu
7460,importune,104,1,12,663,1944,251,79,enutropmi
7461,importunacy,104,1,13,684,2060,244,89,ycanutropmi
7462,importunate,104,1,14,653,2174,309,112,etanutropmi
7463,importunity,104,1,15,661,2315,277,91,ytinutropmi
7464,impose,104,1,16,656,2448,147,68,esopmi
7465,imposition,104,1,17,665,2564,136,93,noitisopmi
7466,impossible,104,1,18,658,2679,160,85,elbissopmi
7467,impossibility,104,1,19,674,2803,171,153,ytilibissopmi
7468,impost,104,1,20,552,2927,158,108,tsopmi
7469,impostor,104,1,21,559,3048,174,99,rotsopmi
7470,imposture,104,1,22,638,3161,219,93,erutsopmi
7471,impotent,104,1,23,592,3264,264,94,tnetopmi
7472,impoverish,104,1,24,732,3403,147,152,hsirevopmi
7473,impoverishment,104,1,25,805,3533,153,145,tnemhsirevopmi
7474,impracticable,104,2,1,1548,619,248,157,elbacitcarpmi
7475,impracticability,104,2,2,1564,747,268,178,ytilibacitcarpmi
7476,imprecate,104,2,3,1481,869,209,87,etacerpmi
7477,imprecation,104,2,4,1493,983,244,103,noitacerpmi
7478,imprecatory,104,2,5,1493,1112,308,103,yrotacerpmi
7479,impregnable,104,2,6,1477,1229,311,90,elbangerpmi
7480,impregnability,104,2,7,1543,1349,279,186,ytilibangerpmi
7481,impregnate,104,2,8,1422,1475,317,98,etangerpmi
7482,impregnation,104,2,9,1496,1596,346,91,noitangerpmi
7483,impresario,104,2,10,1535,1722,204,129,oiraserpmi
7484,imprescriptible,104,2,11,1498,1841,265,176,elbitpircserpmi
7485,impress,104,2,12,1432,1959,176,90,sserpmi
7486,impression,104,2,13,1465,2076,173,91,noisserpmi
7487,impressionable,104,2,14,1535,2197,161,204,elbanoisserpmi
7488,impressionism,104,2,15,1631,2318,240,118,msinoisserpmi
7489,impressionistic,104,2,16,1581,2447,203,113,citsinoisserpmi
7490,impressive,104,2,17,1431,2559,174,173,evisserpmi
7491,imprimatur,104,2,18,1569,2685,276,93,rutamirpmi
7492,imprint,104,2,19,1384,2804,227,81,tnirpmi
7493,imprison,104,2,20,1446,2921,198,82,nosirpmi
7494,imprisoned,104,2,21,1479,3043,257,91,denosirpmi
7495,imprisonment,104,2,22,1501,3164,371,100,tnemnosirpmi
7496,improbable,104,2,23,1490,3280,137,159,elbaborpmi
7497,improbability,104,2,24,1614,3401,194,172,ytilibaborpmi
7498,impromptu,104,2,25,1384,3508,305,99,utpmorpmi
7499,improper,104,3,1,2298,614,178,125,reporpmi
7500,impropriety,104,3,2,2268,747,204,113,yteirporpmi
7501,improve,104,3,3,2263,877,181,73,evorpmi
7502,improvable,104,3,4,2326,980,194,160,elbavorpmi
7503,improvement,104,3,5,2488,1110,157,80,tnemevorpmi
7504,unimproved,104,3,6,2315,1229,240,84,devorpminu
7505,improvident,104,3,7,2252,1343,183,154,tnedivorpmi
7506,improvise,104,3,8,2421,1473,137,173,esivorpmi
7507,improvisation,104,3,9,2501,1598,157,210,noitasivorpmi
7508,imprudent,104,3,10,2237,1717,251,84,tnedurpmi
7509,imprudence,104,3,11,2292,1821,260,80,ecnedurpmi
7510,impudent,104,3,12,2277,1953,230,86,tnedupmi
7511,impudence,104,3,13,2291,2073,208,91,ecnedupmi
7512,impugn,104,3,14,2309,2194,163,96,ngupmi
7513,impugnable,104,3,15,2307,2314,164,170,elbangupmi
7514,impugned,104,3,16,2430,2436,197,93,dengupmi
7515,impugnment,104,3,17,2309,2566,307,82,tnemngupmi
7516,impulse,104,3,18,2236,2688,225,87,eslupmi
7517,impulsion,104,3,19,2232,2809,233,82,noislupmi
7518,impulsive,104,3,20,2243,2920,231,151,evislupmi
7519,impunity,104,3,21,2159,3039,194,92,ytinupmi
7520,impure,104,3,22,2275,3162,137,92,erupmi
7521,impurely,104,3,23,2256,3287,162,103,ylerupmi
7522,impurity,104,3,24,2257,3405,209,74,ytirupmi
7523,impute,104,3,25,2218,3524,142,72,etupmi
7524,imputable,105,1,1,617,522,145,176,elbatupmi
7525,imputation,105,1,2,741,646,158,101,noitatupmi
7526,imputative,105,1,3,672,776,222,110,evitatupmi
7527,inability,105,1,4,578,896,97,131,ytilibani
7528,unable,105,1,5,652,1022,88,128,elbanu
7529,inaccessible,105,1,6,722,1122,161,61,elbisseccani
7530,inaccessibility,105,1,7,713,1246,192,158,ytilibisseccani
7531,inaccurate,105,1,8,579,1357,226,67,etaruccani
7532,inaccuracy,105,1,9,631,1496,228,47,ycaruccani
7533,inaction,105,1,10,581,1614,169,60,noitcani
7534,inactive,105,1,11,586,1728,174,135,evitcani
7535,inactivity,105,1,12,636,1850,144,143,ytivitcani
7536,inadequate,105,1,13,629,1924,300,122,etauqedani
7537,inadequacy,105,1,14,630,2047,255,114,ycauqedani
7538,inadmissible,105,1,15,607,2210,256,159,elbissimdani
7539,inadvertent,105,1,16,585,2326,128,141,tnetrevdani
7540,inadvisable,105,1,17,652,2475,133,202,elbasivdani
7541,inadvisability,105,1,18,834,2596,108,209,ytilibasivdani
7542,inalienable,105,1,19,534,2694,231,132,elbaneilani
7543,inane,105,1,20,539,2837,153,42,enani
7544,inanity,105,1,21,562,2914,163,87,ytinani
7545,inanimate,105,1,22,526,3050,319,68,etaminani
7546,inanition,105,1,23,604,3208,157,37,noitinani
7547,inapplicable,105,1,24,598,3298,261,216,elbacilppani
7548,inapposite,105,1,25,546,3419,144,123,etisoppani
7549,inappreciable,105,2,1,1565,494,129,201,elbaicerppani
7550,inappreciative,105,2,2,1638,623,127,210,evitaicerppani
7551,inappropriate,105,2,3,1494,745,204,142,etairporppani
7552,inapt,105,2,4,1404,887,138,88,tpani
7553,inaptitude,105,2,5,1429,995,153,95,edutitpani
7554,inarticulate,105,2,6,1398,1096,264,88,etalucitrani
7555,inartistic,105,2,7,1426,1232,185,69,citsitrani
7556,inasmuch,105,2,8,1436,1389,235,93,hcumsani
7557,inattention,105,2,9,1395,1474,185,78,noitnettani
7558,attention,105,2,10,1451,1576,102,72,noitnetta
7559,attentive,105,2,11,1415,1644,212,135,evitnetta
7560,inattentive,105,2,12,1427,1770,287,141,evitnettani
7561,inaudible,105,2,13,1397,1930,214,134,elbiduani
7562,inaugurate,105,2,14,1404,2104,244,33,etaruguani
7563,inaugural,105,2,15,1433,2230,334,53,laruguani
7564,inauguration,105,2,16,1506,2348,249,53,noitaruguani
7565,inauspicious,105,2,17,1472,2467,112,118,suoicipsuani
7566,inborn,105,2,18,1381,2595,101,131,nrobni
7567,incalculable,105,2,19,1431,2688,289,144,elbaluclacni
7568,incandesce,105,2,20,1375,2758,235,97,ecsednacni
7569,incandescence,105,2,21,1500,2867,302,114,ecnecsednacni
7570,incandescent,105,2,22,1449,2961,352,156,tnecsednacni
7571,incantation,105,2,23,1475,3173,180,52,noitatnacni
7572,incapable,105,2,24,1465,3316,179,80,elbapacni
7573,incapacitate,105,2,25,1447,3425,223,125,etaticapacni
7574,incapacitation,105,3,1,2391,511,173,128,noitaticapacni
7575,incarcerate,105,3,2,2264,650,288,48,etarecracni
7576,incarnate,105,3,3,2293,733,272,71,etanracni
7577,incarnation,105,3,4,2306,885,223,33,noitanracni
7578,incendiary,105,3,5,2261,979,218,83,yraidnecni
7579,incense,105,3,6,2276,1142,104,48,esnecni
7580,incentive,105,3,7,2236,1212,215,103,evitnecni
7581,inception,105,3,8,2264,1386,74,123,noitpecni
7582,incertitude,105,3,9,2272,1499,182,59,edutitrecni
7583,incessant,105,3,10,2240,1616,166,71,tnassecni
7584,inch,105,3,11,2236,1753,67,72,hcni
7585,inchoate,105,3,12,2191,1847,229,58,etaohcni
7586,incident,105,3,13,2223,1997,151,62,tnedicni
7587,incidence,105,3,14,2243,2098,140,72,ecnedicni
7588,incidental,105,3,15,2251,2217,317,84,latnedicni
7589,incidentally,105,3,16,2291,2331,200,95,yllatnedicni
7590,incinerate,105,3,17,2287,2469,212,49,etarenicni
7591,incineration,105,3,18,2301,2600,220,75,noitarenicni
7592,incinerator,105,3,19,2266,2721,287,61,rotarenicni
7593,incipient,105,3,20,2268,2837,122,111,tneipicni
7594,incise,105,3,21,2269,2970,81,72,esicni
7595,incised,105,3,22,2254,3084,96,74,desicni
7596,incision,105,3,23,2259,3206,78,62,noisicni
7597,incisive,105,3,24,2137,3324,176,156,evisicni
7598,incisor,105,3,25,2249,3446,104,81,rosicni
7599,incite,106,1,1,647,515,117,67,eticni
7600,incitement,106,1,2,631,634,220,72,tnemeticni
7601,incivility,106,1,3,561,755,225,119,ytilivicni
7602,inclement,106,1,4,794,846,204,60,tnemelcni
7603,clement,106,1,5,570,968,423,57,tnemelc
7604,inclemency,106,1,6,686,1084,198,85,ycnemelcni
7605,incline,106,1,7,580,1194,59,68,enilcni
7606,decline,106,1,8,603,1287,127,100,enilced
7607,inclination,106,1,9,654,1439,71,94,noitanilcni
7608,inclined,106,1,10,633,1561,117,71,denilcni
7609,recline,106,1,11,584,1694,92,62,enilcer
7610,inclose,106,1,12,595,1854,130,22,esolcni
7611,inclosure,106,1,13,596,1979,182,49,erusolcni
7612,include,106,1,14,603,2053,144,67,edulcni
7613,included,106,1,15,599,2131,221,115,dedulcni
7614,inclusion,106,1,16,627,2297,28,66,noisulcni
7615,inclusive,106,1,17,611,2373,111,138,evisulcni
7616,incognito,106,1,18,570,2565,236,59,otingocni
7617,incoherent,106,1,19,566,2636,335,94,tnerehocni
7618,incoherence,106,1,20,657,2791,283,63,ecnerehocni
7619,incombustible,106,1,21,751,2943,125,238,elbitsubmocni
7620,income,106,1,22,490,3074,255,21,emocni
7621,incommensurate,106,1,23,691,3196,311,44,etarusnemmocni
7622,incomparable,106,1,24,637,3315,152,168,elbarapmocni
7623,incompatible,106,1,25,784,3428,128,192,elbitapmocni
7624,incompatibility,106,2,1,1666,506,124,189,ytilibitapmocni
7625,incompetent,106,2,2,1489,631,174,90,tnetepmocni
7626,incompetence,106,2,3,1564,755,177,89,ecnetepmocni
7627,incomplete,106,2,4,1572,876,139,77,etelpmocni
7628,incomprehensible,106,2,5,1646,1007,183,191,elbisneherpmocni
7629,incomprehensibility,106,2,6,1615,1166,262,169,ytilibisneherpmocni
7630,inconclusive,106,2,7,1515,1246,192,120,evisulcnocni
7631,incongruous,106,2,8,1457,1369,356,48,suourgnocni
7632,incongruity,106,2,9,1468,1468,403,50,ytiurgnocni
7633,inconsequential,106,2,10,1551,1613,204,92,laitneuqesnocni
7634,inconsiderate,106,2,11,1557,1734,197,90,etaredisnocni
7635,inconsiderable,106,2,12,1569,1856,154,156,elbaredisnocni
7636,inconsistent,106,2,13,1392,1964,228,76,tnetsisnocni
7637,inconsistency,106,2,14,1562,2103,137,87,ycnetsisnocni
7638,inconsolable,106,2,15,1424,2219,274,167,elbalosnocni
7639,inconspicuous,106,2,16,1661,2354,134,102,suoucipsnocni
7640,inconspicuously,106,2,17,1649,2468,155,100,ylsuoucipsnocni
7641,inconstancy,106,2,18,1504,2584,217,60,ycnatsnocni
7642,incontestable,106,2,19,1487,2663,213,172,elbatsetnocni
7643,incontrovertible,106,2,20,1651,2745,126,211,elbitrevortnocni
7644,inconvenient,106,2,21,1512,2944,129,135,tneinevnocni
7645,inconvenience,106,2,22,1605,3063,136,139,ecneinevnocni
7646,incorporate,106,2,23,1531,3208,182,76,etaroprocni
7647,incorporation,106,2,24,1547,3319,185,84,noitaroprocni
7648,incorporator,106,2,25,1520,3444,234,85,rotaroprocni
7649,incorrect,106,3,1,2320,517,192,21,tcerrocni
7650,incorrigible,106,3,2,2360,640,205,216,elbigirrocni
7651,incorrigibility,106,3,3,2462,772,181,174,ytilibigirrocni
7652,incorruptible,106,3,4,2328,895,184,192,elbitpurrocni
7653,incorruptibility,106,3,5,2468,1011,207,189,ytilibitpurrocni
7654,increase,106,3,6,2268,1126,195,43,esaercni
7655,increased,106,3,7,2295,1245,224,47,desaercni
7656,incredible,106,3,8,2285,1312,306,141,elbidercni
7657,incredibility,106,3,9,2329,1453,272,156,ytilibidercni
7658,incredulity,106,3,10,2285,1588,412,69,ytiludercni
7659,incredulous,106,3,11,2281,1690,421,72,suoludercni
7660,increment,106,3,12,2264,1862,336,25,tnemercni
7661,incriminate,106,3,13,2230,1954,385,66,etanimircni
7662,incrimination,106,3,14,2340,2099,344,32,noitanimircni
7663,incriminatory,106,3,15,2335,2188,376,85,yrotanimircni
7664,incubate,106,3,16,2290,2336,164,172,etabucni
7665,incubation,106,3,17,2452,2453,160,144,noitabucni
7666,incubator,106,3,18,2245,2583,170,171,rotabucni
7667,incubus,106,3,19,2471,2702,169,166,subucni
7668,inculcate,106,3,20,2223,2827,286,42,etaclucni
7669,inculcation,106,3,21,2281,2953,282,41,noitaclucni
7670,inculpate,106,3,22,2282,3068,258,123,etaplucni
7671,inculpation,106,3,23,2278,3192,253,102,noitaplucni
7672,inculpatory,106,3,24,2283,3322,325,119,yrotaplucni
7673,incumbent,106,3,25,2244,3447,290,117,tnebmucni
7674,incunabula,107,1,1,704,518,245,125,alubanucni
7675,incur,107,1,2,546,653,194,27,rucni
7676,incurable,107,1,3,598,774,169,170,elbarucni
7677,indebtedness,107,1,4,725,806,313,121,ssendetbedni
7678,indecent,107,1,5,602,947,214,95,tnecedni
7679,indecency,107,1,6,637,1112,169,64,ycnecedni
7680,indecision,107,1,7,656,1232,129,90,noisicedni
7681,indecisive,107,1,8,826,1345,186,205,evisicedni
7682,indecorous,107,1,9,613,1452,290,78,suorocedni
7683,indecorum,107,1,10,637,1591,380,67,murocedni
7684,indeed,107,1,11,651,1650,229,133,deedni
7685,indefatigable,107,1,12,653,1810,212,126,elbagitafedni
7686,indefensible,107,1,13,700,1937,189,224,elbisnefedni
7687,indefinable,107,1,14,559,2063,173,176,elbanifedni
7688,indefinite,107,1,15,663,2187,179,92,etinifedni
7689,indefiniteness,107,1,16,719,2301,258,116,ssenetinifedni
7690,indelible,107,1,17,612,2427,281,141,elbiledni
7691,indelibility,107,1,18,756,2563,290,161,ytilibiledni
7692,indelicate,107,1,19,548,2685,340,65,etaciledni
7693,indelicacy,107,1,20,643,2809,337,73,ycaciledni
7694,indemnify,107,1,21,684,2897,225,98,yfinmedni
7695,indemnification,107,1,22,774,3027,242,96,noitacifinmedni
7696,indemnity,107,1,23,755,3111,240,126,ytinmedni
7697,indent,107,1,24,626,3243,184,105,tnedni
7698,indentation,107,1,25,657,3366,200,108,noitatnedni
7699,indented,107,2,1,1480,417,281,149,detnedni
7700,indention,107,2,2,1486,598,125,78,noitnedni
7701,indenture,107,2,3,1459,701,246,104,erutnedni
7702,independent,107,2,4,1520,839,148,83,tnednepedni
7703,independence,107,2,5,1571,963,134,84,ecnednepedni
7704,indescribable,107,2,6,1494,1104,204,123,elbabircsedni
7705,indestructible,107,2,7,1656,1183,124,214,elbitcurtsedni
7706,indeterminate,107,2,8,1473,1382,337,66,etanimretedni
7707,indeterminable,107,2,9,1571,1506,292,128,elbanimretedni
7708,index,107,2,10,1451,1582,165,75,xedni
7709,indexer,107,2,11,1456,1714,221,70,rexedni
7710,indexes,107,2,12,1455,1805,163,85,sexedni
7711,indices,107,2,13,1453,1945,136,76,secidni
7712,Indian,107,2,14,1448,2058,180,114,naidnI
7713,indicate,107,2,15,1445,2182,222,80,etacidni
7714,contraindicate,107,2,16,1560,2305,229,80,etacidniartnoc
7715,indication,107,2,17,1489,2427,224,77,noitacidni
7716,indicative,107,2,18,1470,2553,206,127,evitacidni
7717,indicator,107,2,19,1455,2687,299,71,rotacidni
7718,indicatory,107,2,20,1476,2810,266,68,yrotacidni
7719,indicia,107,2,21,1486,2917,140,90,aicidni
7720,indict,107,2,22,1451,3016,184,102,tcidni
7721,indictable,107,2,23,1459,3143,179,141,elbatcidni
7722,indictment,107,2,24,1494,3251,325,106,tnemtcidni
7723,indifference,107,2,25,1450,3379,190,108,ecnereffidni
7724,indifferent,107,3,1,2361,475,162,91,tnereffidni
7725,indifferently,107,3,2,2350,588,169,104,yltnereffidni
7726,indigenous,107,3,3,2294,720,134,152,suonegidni
7727,indigent,107,3,4,2368,840,218,102,tnegidni
7728,indigence,107,3,5,2342,968,137,117,ecnegidni
7729,indigestion,107,3,6,2355,1095,139,157,noitsegidni
7730,indigestible,107,3,7,2494,1209,139,236,elbitsegidni
7731,indignant,107,3,8,2170,1337,340,77,tnangidni
7732,indignation,107,3,9,2327,1471,332,68,noitangidni
7733,indignity,107,3,10,2281,1537,409,115,ytingidni
7734,indigo,107,3,11,2223,1682,316,88,ogidni
7735,indirect,107,3,12,2274,1815,250,84,tceridni
7736,indirection,107,3,13,2294,1948,270,74,noitceridni
7737,indirectness,107,3,14,2304,2070,345,74,ssentceridni
7738,indiscreet,107,3,15,2337,2210,297,63,teercsidni
7739,indiscretion,107,3,16,2344,2312,278,65,noitercsidni
7740,indiscriminate,107,3,17,2313,2422,400,81,etanimircsidni
7741,indispensable,107,3,18,2354,2556,139,100,elbasnepsidni
7742,indispose,107,3,19,2349,2683,131,116,esopsidni
7743,indisposition,107,3,20,2384,2797,129,127,noitisopsidni
7744,indisputable,107,3,21,2520,2925,137,227,elbatupsidni
7745,indissoluble,107,3,22,2248,3047,278,152,elbulossidni
7746,indistinct,107,3,23,2264,3163,174,68,tcnitsidni
7747,indistinctly,107,3,24,2375,3268,190,79,yltcnitsidni
7748,indistinctness,107,3,25,2395,3398,229,81,ssentcnitsidni
7749,indistinguishable,108,1,1,830,443,163,136,elbahsiugnitsidni
7750,indite,108,1,2,695,521,185,110,etidni
7751,individual,108,1,3,730,673,146,123,laudividni
7752,individualism,108,1,4,753,801,148,153,msilaudividni
7753,individualist,108,1,5,826,924,139,140,tsilaudividni
7754,individualistic,108,1,6,828,1048,129,132,citsilaudividni
7755,individuality,108,1,7,794,1173,250,128,ytilaudividni
7756,individualize,108,1,8,742,1311,180,149,ezilaudividni
7757,indivisible,108,1,9,871,1389,167,231,elbisividni
7758,indolent,108,1,10,492,1491,368,121,tnelodni
7759,indolence,108,1,11,635,1658,340,72,ecnelodni
7760,indomitable,108,1,12,648,1774,276,143,elbatimodni
7761,indoors,108,1,13,623,1899,195,70,sroodni
7762,indorse,108,1,14,619,2018,139,68,esrodni
7763,indorsed,108,1,15,624,2154,182,61,desrodni
7764,indorsee,108,1,16,647,2274,147,59,eesrodni
7765,indorsement,108,1,17,696,2381,248,68,tnemesrodni
7766,indorser,108,1,18,646,2509,230,73,resrodni
7767,indorses,108,1,19,637,2627,131,63,sesrodni
7768,unindorsed,108,1,20,668,2762,239,64,desrodninu
7769,indubitable,108,1,21,685,2883,128,213,elbatibudni
7770,induce,108,1,22,514,2993,156,72,ecudni
7771,inducement,108,1,23,673,3109,245,61,tnemecudni
7772,induct,108,1,24,630,3237,219,64,tcudni
7773,inductance,108,1,25,646,3350,259,68,ecnatcudni
7774,induction,108,2,1,1491,436,218,68,noitcudni
7775,inductive,108,2,2,1471,557,204,133,evitcudni
7776,inductor,108,2,3,1493,684,259,62,rotcudni
7777,indulge,108,2,4,1418,801,263,117,egludni
7778,indulgence,108,2,5,1503,926,296,120,ecnegludni
7779,indulgent,108,2,6,1492,1058,345,102,tnegludni
7780,industry,108,2,7,1485,1162,137,71,yrtsudni
7781,industrial,108,2,8,1467,1296,291,72,lairtsudni
7782,industrialism,108,2,9,1540,1413,335,65,msilairtsudni
7783,industrialist,108,2,10,1540,1557,292,63,tsilairtsudni
7784,industrialize,108,2,11,1533,1654,309,80,ezilairtsudni
7785,industrially,108,2,12,1519,1793,278,61,yllairtsudni
7786,industrious,108,2,13,1548,1913,139,78,suoirtsudni
7787,inebriate,108,2,14,1518,2054,139,121,etairbeni
7788,inebriation,108,2,15,1515,2183,112,145,noitairbeni
7789,inebriety,108,2,16,1420,2308,116,135,yteirbeni
7790,inedible,108,2,17,1523,2370,190,121,elbideni
7791,ineffable,108,2,18,1422,2541,113,103,elbaffeni
7792,ineffective,108,2,19,1423,2680,111,158,evitceffeni
7793,ineffectual,108,2,20,1522,2808,290,79,lautceffeni
7794,ineffectually,108,2,21,1493,2931,337,73,yllautceffeni
7795,inefficient,108,2,22,1482,3026,109,134,tneiciffeni
7796,inefficiency,108,2,23,1474,3139,136,152,ycneiciffeni
7797,inelegance,108,2,24,1365,3273,370,43,ecnageleni
7798,inelegant,108,2,25,1440,3402,344,45,tnageleni
7799,ineligible,108,3,1,2212,483,245,209,elbigileni
7800,ineluctable,108,3,2,2376,606,296,38,elbatculeni
7801,inept,108,3,3,2319,725,112,95,tpeni
7802,ineptitude,108,3,4,2321,855,139,88,edutitpeni
7803,inequality,108,3,5,2324,976,174,35,ytilauqeni
7804,inequitable,108,3,6,2277,1089,191,135,elbatiuqeni
7805,ineradicable,108,3,7,2292,1166,347,130,elbacidareni
7806,inerrant,108,3,8,2252,1278,243,96,tnarreni
7807,inert,108,3,9,2238,1430,143,62,treni
7808,inertia,108,3,10,2251,1568,150,83,aitreni
7809,inertness,108,3,11,2282,1667,243,70,ssentreni
7810,inestimable,108,3,12,2273,1794,232,136,elbamitseni
7811,inevitable,108,3,13,2332,1931,133,223,elbativeni
7812,inevitability,108,3,14,2401,2060,124,217,ytilibativeni
7813,inexact,108,3,15,2186,2186,136,88,tcaxeni
7814,inexactitude,108,3,16,2340,2305,241,82,edutitcaxeni
7815,inexcusable,108,3,17,2339,2422,144,162,elbasucxeni
7816,inexhaustible,108,3,18,2411,2556,114,189,elbitsuahxeni
7817,inexhaustibility,108,3,19,2458,2670,121,193,ytilibitsuahxeni
7818,inexhaustibly,108,3,20,2540,2795,114,189,ylbitsuahxeni
7819,inexorable,108,3,21,2268,2919,152,154,elbaroxeni
7820,inexpedient,108,3,22,2417,3037,177,116,tneidepxeni
7821,inexpensive,108,3,23,2453,3157,140,203,evisnepxeni
7822,inexperience,108,3,24,2377,3286,82,102,ecneirepxeni
7823,inexplicable,108,3,25,2301,3400,216,223,elbacilpxeni
7824,inextricable,109,1,1,631,472,104,214,elbacirtxeni
7825,inextricability,109,1,2,744,607,156,212,ytilibacirtxeni
7826,infallible,109,1,3,514,779,210,174,elbillafni
7827,infallibility,109,1,4,658,898,223,185,ytilibillafni
7828,infamy,109,1,5,480,1023,216,88,ymafni
7829,infamous,109,1,6,522,1149,205,86,suomafni
7830,infant,109,1,7,522,1269,167,78,tnafni
7831,infancy,109,1,8,553,1393,124,82,ycnafni
7832,infanticide,109,1,9,556,1516,176,80,edicitnafni
7833,infantile,109,1,10,516,1632,304,94,elitnafni
7834,infantry,109,1,11,497,1752,239,88,yrtnafni
7835,infatuate,109,1,12,556,1863,199,111,etautafni
7836,infatuated,109,1,13,589,1948,291,161,detautafni
7837,infatuation,109,1,14,622,2119,159,121,noitautafni
7838,infeasible,109,1,15,451,2232,129,208,elbisaefni
7839,infect,109,1,16,552,2366,124,92,tcefni
7840,infection,109,1,17,532,2480,135,101,noitcefni
7841,infectious,109,1,18,516,2605,141,134,suoitcefni
7842,infelicitous,109,1,19,472,2720,254,98,suoticilefni
7843,infelicity,109,1,20,495,2847,198,95,yticilefni
7844,infer,109,1,21,519,2967,129,72,refni
7845,inference,109,1,22,520,3081,182,74,ecnerefni
7846,inferential,109,1,23,529,3211,176,91,laitnerefni
7847,inferior,109,1,24,537,3328,216,67,roirefni
7848,inferiority,109,1,25,552,3439,230,93,ytiroirefni
7849,infernal,109,2,1,1371,530,237,97,lanrefni
7850,inferno,109,2,2,1362,652,104,99,onrefni
7851,infertile,109,2,3,1371,780,233,93,elitrefni
7852,infertility,109,2,4,1372,900,247,97,ytilitrefni
7853,infest,109,2,5,1324,1019,98,90,tsefni
7854,infidel,109,2,6,1305,1143,329,101,ledifni
7855,infidelity,109,2,7,1330,1252,326,97,ytiledifni
7856,infiltrate,109,2,8,1299,1378,338,74,etartlifni
7857,infinite,109,2,9,1401,1505,154,79,etinifni
7858,infinitesimal,109,2,10,1419,1631,176,84,lamisetinifni
7859,infinitive,109,2,11,1365,1744,217,96,evitinifni
7860,infinitude,109,2,12,1380,1882,157,82,edutinifni
7861,infinity,109,2,13,1351,1996,168,78,ytinifni
7862,infirm,109,2,14,1335,2118,193,77,mrifni
7863,infirmary,109,2,15,1326,2233,257,72,yramrifni
7864,infirmity,109,2,16,1294,2363,248,78,ytimrifni
7865,inflame,109,2,17,1472,2475,286,91,emalfni
7866,inflammability,109,2,18,1521,2602,310,172,ytilibammalfni
7867,inflammable,109,2,19,1461,2727,279,162,elbammalfni
7868,inflammation,109,2,20,1453,2845,290,90,noitammalfni
7869,inflammatory,109,2,21,1425,2968,354,91,yrotammalfni
7870,inflate,109,2,22,1378,3084,192,84,etalfni
7871,inflated,109,2,23,1369,3200,233,85,detalfni
7872,inflation,109,2,24,1364,3322,204,93,noitalfni
7873,inflect,109,2,25,1374,3449,171,89,tcelfni
7874,inflection,109,3,1,2268,527,163,97,noitcelfni
7875,inflexible,109,3,2,2165,657,201,203,elbixelfni
7876,inflexibility,109,3,3,2373,775,202,201,ytilibixelfni
7877,inflict,109,3,4,2150,899,184,81,tcilfni
7878,infliction,109,3,5,2233,1016,165,100,noitcilfni
7879,influence,109,3,6,2236,1142,80,75,ecneulfni
7880,influential,109,3,7,2275,1257,82,103,laitneulfni
7881,uninfluenced,109,3,8,2297,1382,123,90,decneulfninu
7882,influenza,109,3,9,2184,1505,252,121,azneulfni
7883,influx,109,3,10,2090,1628,181,137,xulfni
7884,efflux,109,3,11,2301,1677,187,131,xulffe
7885,inform,109,3,12,2220,1876,165,74,mrofni
7886,informal,109,3,13,2201,2000,307,87,lamrofni
7887,informality,109,3,14,2245,2122,308,92,ytilamrofni
7888,informant,109,3,15,2237,2239,272,85,tnamrofni
7889,information,109,3,16,2261,2360,169,78,noitamrofni
7890,informative,109,3,17,2258,2475,255,101,evitamrofni
7891,informer,109,3,18,2234,2597,189,68,remrofni
7892,misinform,109,3,19,2230,2729,283,83,mrofnisim
7893,uninformed,109,3,20,2273,2846,246,87,demrofninu
7894,infraction,109,3,21,2235,2965,169,111,noitcarfni
7895,infrangible,109,3,22,2206,3081,141,187,elbignarfni
7896,infrequent,109,3,23,2332,3201,152,98,tneuqerfni
7897,infringe,109,3,24,2258,3319,123,168,egnirfni
7898,infringement,109,3,25,2359,3441,196,155,tnemegnirfni
7899,infuriate,110,1,1,630,522,174,95,etairufni
7900,infuriated,110,1,2,624,618,288,116,detairufni
7901,infuse,110,1,3,622,766,86,98,esufni
7902,infusible,110,1,4,584,882,106,185,elbisufni
7903,infusion,110,1,5,648,1008,84,119,noisufni
7904,ingenious,110,1,6,607,1134,116,142,suoinegni
7905,ingenuity,110,1,7,655,1257,161,114,ytiunegni
7906,ingenuous,110,1,8,643,1378,82,150,suounegni
7907,ingest,110,1,9,681,1491,128,133,tsegni
7908,ingestion,110,1,10,687,1619,123,137,noitsegni
7909,inglorious,110,1,11,740,1735,324,38,suoirolgni
7910,ingot,110,1,12,631,1851,158,45,togni
7911,ingrain,110,1,13,588,1965,346,44,niargni
7912,ingrained,110,1,14,618,2047,370,87,deniargni
7913,ingratiate,110,1,15,616,2207,318,112,etaitargni
7914,ingratiation,110,1,16,695,2331,291,114,noitaitargni
7915,ingratiatory,110,1,17,671,2444,349,114,yrotaitargni
7916,ingredient,110,1,18,642,2527,377,95,tneidergni
7917,ingress,110,1,19,608,2698,273,52,ssergni
7918,ingrown,110,1,20,612,2811,315,37,nworgni
7919,inhabit,110,1,21,665,2888,146,153,tibahni
7920,inhabitable,110,1,22,663,3036,145,217,elbatibahni
7921,inhabitancy,110,1,23,784,3154,136,139,ycnatibahni
7922,inhabitant,110,1,24,643,3273,141,148,tnatibahni
7923,inhabitation,110,1,25,729,3383,143,163,noitatibahni
7924,inhabited,110,2,1,1546,476,217,151,detibahni
7925,uninhabited,110,2,2,1555,599,240,161,detibahninu
7926,inhale,110,2,3,1362,725,244,73,elahni
7927,inhalation,110,2,4,1467,840,266,97,noitalahni
7928,inhaled,110,2,5,1421,961,271,81,delahni
7929,inhaler,110,2,6,1453,1081,330,80,relahni
7930,inharmonious,110,2,7,1503,1209,308,83,suoinomrahni
7931,inhere,110,2,8,1494,1343,123,57,erehni
7932,inhered,110,2,9,1495,1461,132,68,derehni
7933,inherence,110,2,10,1494,1582,176,60,ecnerehni
7934,inherent,110,2,11,1513,1669,157,92,tnerehni
7935,inherit,110,2,12,1497,1831,145,55,tirehni
7936,disinherit,110,2,13,1475,1895,274,97,tirehnisid
7937,hereditary,110,2,14,1484,1999,269,123,yratidereh
7938,heritage,110,2,15,1494,2186,96,143,egatireh
7939,inheritable,110,2,16,1518,2310,154,148,elbatirehni
7940,inheritance,110,2,17,1549,2432,204,75,ecnatirehni
7941,inherited,110,2,18,1491,2494,250,129,detirehni
7942,inheritor,110,2,19,1478,2659,164,76,rotirehni
7943,inhibit,110,2,20,1476,2790,117,155,tibihni
7944,inhibition,110,2,21,1515,2904,122,168,noitibihni
7945,inhibitory,110,2,22,1568,3039,157,142,yrotibihni
7946,inhospitable,110,2,23,1423,3167,122,233,elbatipsohni
7947,inhuman,110,2,24,1555,3282,305,59,namuhni
7948,inhumane,110,2,25,1515,3387,305,64,enamuhni
7949,inhumanity,110,3,1,2323,482,321,69,ytinamuhni
7950,inimical,110,3,2,2301,649,262,39,lacimini
7951,inimitable,110,3,3,2296,753,273,128,elbatimini
7952,iniquity,110,3,4,2229,864,220,66,ytiuqini
7953,iniquitous,110,3,5,2306,984,229,71,suotiuqini
7954,initial,110,3,6,2282,1120,104,47,laitini
7955,initially,110,3,7,2288,1240,115,85,yllaitini
7956,initiate,110,3,8,2294,1363,107,88,etaitini
7957,initiation,110,3,9,2301,1487,95,91,noitaitini
7958,initiatory,110,3,10,2305,1608,187,91,yrotaitini
7959,uninitiated,110,3,11,2300,1711,279,118,detaitininu
7960,inject,110,3,12,2259,1859,91,113,tcejni
7961,injection,110,3,13,2253,1986,100,134,noitcejni
7962,injector,110,3,14,2324,2111,157,100,rotcejni
7963,injudicious,110,3,15,2316,2224,150,112,suoicidujni
7964,injunction,110,3,16,2271,2347,106,125,noitcnujni
7965,injure,110,3,17,2228,2472,84,111,erujni
7966,injured,110,3,18,2253,2596,79,129,derujni
7967,injuries,110,3,19,2276,2712,101,138,seirujni
7968,injurious,110,3,20,2332,2830,78,134,suoirujni
7969,injury,110,3,21,2241,2952,73,121,yrujni
7970,uninjured,110,3,22,2290,3072,121,126,derujninu
7971,injustice,110,3,23,2163,3195,120,166,ecitsujni
7972,unjust,110,3,24,2236,3309,103,143,tsujnu
7973,ink,110,3,25,2056,3426,136,43,kni
7974,inkhorn,111,1,1,611,533,274,57,nrohkni
7975,inkling,111,1,2,591,675,286,48,gnilkni
7976,inkstand,111,1,3,621,779,227,55,dnatskni
7977,inkwell,111,1,4,577,908,285,52,llewkni
7978,inky,111,1,5,589,1038,149,34,ykni
7979,inlaid,111,1,6,508,1103,360,84,dialni
7980,inland,111,1,7,495,1209,302,99,dnalni
7981,inlet,111,1,8,501,1388,213,42,telni
7982,inmate,111,1,9,504,1490,234,78,etamni
7983,inmost,111,1,10,511,1645,214,22,tsomni
7984,inn,111,1,11,522,1764,73,22,nni
7985,innate,111,1,12,503,1845,117,75,etanni
7986,inner,111,1,13,550,1998,98,30,renni
7987,innermost,111,1,14,589,2119,264,30,tsomrenni
7988,inning,111,1,15,581,2247,90,27,gninni
7989,innocence,111,1,16,601,2365,95,44,ecneconni
7990,innocent,111,1,17,618,2481,103,43,tneconni
7991,innocently,111,1,18,636,2603,101,56,yltneconni
7992,innocents,111,1,19,618,2730,94,68,stneconni
7993,innocuous,111,1,20,601,2848,170,27,suouconni
7994,innovate,111,1,21,587,2965,142,140,etavonni
7995,innovation,111,1,22,661,3087,115,147,noitavonni
7996,innovative,111,1,23,725,3204,199,157,evitavonni
7997,innovator,111,1,24,544,3329,158,144,rotavonni
7998,innuendo,111,1,25,662,3403,197,69,odneunni
7999,innumerable,111,2,1,1474,528,239,127,elbaremunni
8000,inoculate,111,2,2,1438,669,173,53,etaluconi
8001,inoffensive,111,2,3,1338,780,157,200,evisneffoni
8002,inoperable,111,2,4,1473,906,126,223,elbareponi
8003,inoperative,111,2,5,1596,1029,150,192,evitareponi
8004,inopportune,111,2,6,1396,1156,206,83,enutropponi
8005,inopportuneness,111,2,7,1588,1265,289,91,ssenenutropponi
8006,inordinate,111,2,8,1382,1320,230,105,etanidroni
8007,coordinate,111,2,9,1457,1427,272,116,etanidrooc
8008,subordinate,111,2,10,1475,1548,179,110,etanidrobus
8009,inorganic,111,2,11,1414,1752,344,34,cinagroni
8010,inpatient,111,2,12,1416,1875,76,126,tneitapni
8011,inquest,111,2,13,1406,1997,131,57,tseuqni
8012,inquietude,111,2,14,1400,2091,183,71,eduteiuqni
8013,inquire,111,2,15,1407,2237,157,48,eriuqni
8014,inquirer,111,2,16,1398,2348,236,76,reriuqni
8015,inquires,111,2,17,1423,2471,162,65,seriuqni
8016,inquiries,111,2,18,1434,2594,138,70,seiriuqni
8017,inquiry,111,2,19,1433,2717,153,41,yriuqni
8018,inquisition,111,2,20,1441,2843,143,75,noitisiuqni
8019,inquisitive,111,2,21,1421,2953,260,89,evitisiuqni
8020,insane,111,2,22,1392,3097,122,66,enasni
8021,insanity,111,2,23,1388,3181,171,79,ytinasni
8022,insanitary,111,2,24,1373,3320,236,80,yratinasni
8023,inscribe,111,2,25,1378,3456,173,40,ebircsni
8024,inscriber,111,3,1,2308,551,262,64,rebircsni
8025,inscription,111,3,2,2333,662,173,54,noitpircsni
8026,inscrutable,111,3,3,2307,786,245,140,elbaturcsni
8027,inscrutability,111,3,4,2348,917,259,146,ytilibaturcsni
8028,insect,111,3,5,2313,1036,125,52,tcesni
8029,insecticide,111,3,6,2336,1151,124,86,edicitcesni
8030,insectivorous,111,3,7,2358,1274,117,161,suorovitcesni
8031,insecure,111,3,8,2177,1400,183,51,erucesni
8032,insecurity,111,3,9,2281,1518,176,66,ytirucesni
8033,insensible,111,3,10,2290,1649,101,167,elbisnesni
8034,insensate,111,3,11,2386,1766,114,83,etasnesni
8035,insensibility,111,3,12,2330,1885,128,132,ytilibisnesni
8036,insensitive,111,3,13,2315,1998,218,88,evitisnesni
8037,insentience,111,3,14,2310,2130,161,71,ecneitnesni
8038,insentient,111,3,15,2282,2253,141,54,tneitnesni
8039,inseparable,111,3,16,2291,2367,101,207,elbarapesni
8040,insert,111,3,17,2168,2489,129,45,tresni
8041,inserted,111,3,18,2254,2547,242,108,detresni
8042,insertion,111,3,19,2257,2728,87,58,noitresni
8043,inset,111,3,20,2247,2846,113,66,tesni
8044,inshore,111,3,21,2245,2971,132,49,erohsni
8045,inside,111,3,22,2226,3085,72,65,edisni
8046,insider,111,3,23,2224,3204,199,69,redisni
8047,insidious,111,3,24,2210,3315,187,83,suoidisni
8048,insight,111,3,25,2193,3448,111,71,thgisni
8049,insignia,112,1,1,679,533,281,54,aingisni
8050,insignificant,112,1,2,750,657,225,42,tnacifingisni
8051,insignificance,112,1,3,804,775,205,47,ecnacifingisni
8052,insincere,112,1,4,775,892,110,57,erecnisni
8053,insincerely,112,1,5,774,1020,116,69,ylerecnisni
8054,insincerity,112,1,6,750,1144,198,54,ytirecnisni
8055,insinuate,112,1,7,725,1252,150,56,etaunisni
8056,insinuated,112,1,8,704,1275,300,155,detaunisni
8057,insinuation,112,1,9,738,1506,120,59,noitaunisni
8058,insipid,112,1,10,726,1632,152,92,dipisni
8059,insipidity,112,1,11,690,1726,234,125,ytidipisni
8060,insist,112,1,12,695,1872,73,55,tsisni
8061,insistence,112,1,13,692,1994,109,67,ecnetsisni
8062,insistent,112,1,14,684,2078,162,87,tnetsisni
8063,insobriety,112,1,15,649,2229,97,124,yteirbosni
8064,insolent,112,1,16,651,2340,294,94,tnelosni
8065,insolence,112,1,17,678,2476,259,56,ecnelosni
8066,insoluble,112,1,18,689,2589,213,136,elbulosni
8067,insolvency,112,1,19,718,2711,191,154,ycnevlosni
8068,insolvent,112,1,20,712,2838,199,126,tnevlosni
8069,insomnia,112,1,21,674,2961,275,50,ainmosni
8070,insomuch,112,1,22,677,3075,193,89,hcumosni
8071,inspect,112,1,23,713,3205,82,84,tcepsni
8072,inspection,112,1,24,707,3318,76,110,noitcepsni
8073,inspector,112,1,25,693,3448,133,89,rotcepsni
8074,inspire,112,2,1,1567,528,75,98,eripsni
8075,inspiration,112,2,2,1568,649,126,105,noitaripsni
8076,inspirational,112,2,3,1597,771,216,133,lanoitaripsni
8077,inspired,112,2,4,1555,893,97,109,deripsni
8078,inspirer,112,2,5,1528,1024,162,100,reripsni
8079,inspires,112,2,6,1528,1140,75,125,seripsni
8080,instability,112,2,7,1508,1270,111,126,ytilibatsni
8081,install,112,2,8,1564,1386,267,46,llatsni
8082,installation,112,2,9,1569,1491,271,69,noitallatsni
8083,installed,112,2,10,1546,1586,308,85,dellatsni
8084,installment,112,2,11,1521,1747,359,50,tnemllatsni
8085,instant,112,2,12,1545,1875,72,31,tnatsni
8086,instance,112,2,13,1553,1999,69,32,ecnatsni
8087,instantaneous,112,2,14,1606,2082,195,71,suoenatnatsni
8088,instantly,112,2,15,1563,2243,81,40,yltnatsni
8089,instead,112,2,16,1506,2284,231,113,daetsni
8090,instep,112,2,17,1509,2461,133,106,petsni
8091,instigate,112,2,18,1479,2562,281,72,etagitsni
8092,instigation,112,2,19,1509,2688,278,71,noitagitsni
8093,instigator,112,2,20,1480,2804,342,75,rotagitsni
8094,instill,112,2,21,1488,2937,257,56,llitsni
8095,instinct,112,2,22,1495,3058,189,61,tcnitsni
8096,instinctive,112,2,23,1514,3184,187,149,evitcnitsni
8097,institute,112,2,24,1609,3311,121,52,etutitsni
8098,institution,112,2,25,1589,3421,131,57,noitutitsni
8099,institutional,112,3,1,2410,518,270,49,lanoitutitsni
8100,instruct,112,3,2,2416,612,109,65,tcurtsni
8101,instruction,112,3,3,2429,727,109,96,noitcurtsni
8102,instructional,112,3,4,2428,848,233,117,lanoitcurtsni
8103,instructive,112,3,5,2377,978,133,167,evitcurtsni
8104,instructor,112,3,6,2496,1091,161,68,rotcurtsni
8105,instructress,112,3,7,2452,1223,181,79,ssertcurtsni
8106,uninstructed,112,3,8,2434,1341,196,69,detcurtsninu
8107,instrument,112,3,9,2438,1465,174,60,tnemurtsni
8108,instrumental,112,3,10,2413,1595,299,70,latnemurtsni
8109,instrumentalist,112,3,11,2460,1699,279,85,tsilatnemurtsni
8110,instrumentality,112,3,12,2455,1823,277,100,ytilatnemurtsni
8111,instrumentally,112,3,13,2483,1958,204,65,yllatnemurtsni
8112,instrumentation,112,3,14,2489,2066,188,85,noitatnemurtsni
8113,insubordinate,112,3,15,2456,2172,229,110,etanidrobusni
8114,insubordination,112,3,16,2500,2326,191,83,noitanidrobusni
8115,insufferable,112,3,17,2365,2464,106,175,elbareffusni
8116,insufficient,112,3,18,2427,2595,98,108,tneiciffusni
8117,insulate,112,3,19,2343,2721,80,49,etalusni
8118,insular,112,3,20,2311,2839,297,66,ralusni
8119,insularity,112,3,21,2320,2959,287,72,ytiralusni
8120,insulation,112,3,22,2362,3085,77,76,noitalusni
8121,insulator,112,3,23,2396,3207,174,57,rotalusni
8122,uninsulated,112,3,24,2385,3322,197,64,detalusninu
8123,insult,112,3,25,2384,3441,80,39,tlusni
8124,insults,113,1,1,596,544,66,59,stlusni
8125,insuperable,113,1,2,652,597,90,153,elbarepusni
8126,insuperability,113,1,3,726,712,106,155,ytilibarepusni
8127,insupportable,113,1,4,775,854,85,166,elbatroppusni
8128,insuppressible,113,1,5,633,919,105,136,elbisserppusni
8129,insure,113,1,6,686,1147,71,37,erusni
8130,insurability,113,1,7,668,1270,106,126,ytilibarusni
8131,insurable,113,1,8,693,1395,91,129,elbarusni
8132,insurance,113,1,9,614,1522,59,32,ecnarusni
8133,uninsured,113,1,10,624,1632,173,41,derusninu
8134,insurgent,113,1,11,638,1752,120,99,tnegrusni
8135,insurmountable,113,1,12,646,1877,275,123,elbatnuomrusni
8136,insurrection,113,1,13,632,1995,219,70,noitcerrusni
8137,insurrectionary,113,1,14,690,2129,258,71,yranoitcerrusni
8138,intact,113,1,15,505,2170,210,83,tcatni
8139,intaglio,113,1,16,490,2292,293,85,oilgatni
8140,intake,113,1,17,512,2408,233,88,ekatni
8141,intangible,113,1,18,573,2534,151,194,elbignatni
8142,intangibility,113,1,19,680,2650,144,189,ytilibignatni
8143,integer,113,1,20,563,2780,117,136,regetni
8144,disintegrate,113,1,21,570,2885,442,95,etargetnisid
8145,integral,113,1,22,468,3004,483,87,largetni
8146,integrate,113,1,23,540,3123,370,86,etargetni
8147,integration,113,1,24,577,3251,381,93,noitargetni
8148,integrity,113,1,25,523,3367,365,90,ytirgetni
8149,integument,113,2,1,1358,467,389,84,tnemugetni
8150,intellect,113,2,2,1427,607,101,71,tcelletni
8151,intellectual,113,2,3,1436,735,100,81,lautcelletni
8152,intellectually,113,2,4,1474,860,107,71,yllautcelletni
8153,intelligent,113,2,5,1394,937,132,116,tnegilletni
8154,intelligence,113,2,6,1479,1055,93,120,ecnegilletni
8155,intelligibility,113,2,7,1450,1177,135,213,ytilibigilletni
8156,intelligible,113,2,8,1453,1290,184,229,elbigilletni
8157,unintelligent,113,2,9,1567,1431,138,111,tnegilletninu
8158,intemperate,113,2,10,1399,1537,219,115,etarepmetni
8159,intemperance,113,2,11,1480,1673,172,98,ecnarepmetni
8160,intemperately,113,2,12,1459,1782,227,115,yletarepmetni
8161,intend,113,2,13,1385,1939,138,77,dnetni
8162,intent,113,2,14,1376,2042,193,97,tnetni
8163,intention,113,2,15,1371,2176,162,81,noitnetni
8164,intendant,113,2,16,1331,2272,236,109,tnadnetni
8165,intense,113,2,17,1352,2424,129,76,esnetni
8166,intensification,113,2,18,1483,2537,147,114,noitacifisnetni
8167,intensify,113,2,19,1456,2662,157,99,yfisnetni
8168,intensity,113,2,20,1432,2794,143,69,ytisnetni
8169,intensive,113,2,21,1420,2888,152,137,evisnetni
8170,intent,113,2,22,1424,2998,169,100,tnetni
8171,intend,113,2,23,1370,3155,148,70,dnetni
8172,intention,113,2,24,1387,3263,140,79,noitnetni
8173,intentional,113,2,25,1373,3373,301,87,lanoitnetni
8174,intentness,113,3,1,2263,427,242,128,ssentnetni
8175,unintentional,113,3,2,2278,596,320,89,lanoitnetninu
8176,interborough,113,3,3,2340,675,116,143,hguorobretni
8177,intercede,113,3,4,2293,852,164,90,edecretni
8178,interceded,113,3,5,2297,925,224,126,dedecretni
8179,intercession,113,3,6,2329,1098,74,84,noissecretni
8180,intercept,113,3,7,2316,1201,91,93,tpecretni
8181,interception,113,3,8,2330,1312,70,123,noitpecretni
8182,interchangeable,113,3,9,2287,1442,149,199,elbaegnahcretni
8183,intercollegiate,113,3,10,2363,1573,244,196,etaigellocretni
8184,intercourse,113,3,11,2283,1713,157,65,esruocretni
8185,interdenom-inational,113,3,12,2199,1794,410,100,lanoitani-monedretni
8186,interdependent,113,3,13,2298,1888,261,130,tnednepedretni
8187,interdict,113,3,14,2285,2039,231,98,tcidretni
8188,interdiction,113,3,15,2294,2158,218,101,noitcidretni
8189,interest,113,3,16,2272,2312,72,60,tseretni
8190,interested,113,3,17,2275,2435,76,86,detseretni
8191,uninterested,113,3,18,2289,2551,121,89,detseretninu
8192,interfere,113,3,19,2274,2660,118,89,erefretni
8193,interference,113,3,20,2279,2780,167,93,ecnerefretni
8194,interim,113,3,21,2247,2924,155,54,miretni
8195,interior,113,3,22,2252,3042,120,51,roiretni
8196,interject,113,3,23,2269,3115,107,124,tcejretni
8197,interlock,113,3,24,2234,3269,237,74,kcolretni
8198,interlocutor,113,3,25,2215,3397,296,66,rotucolretni
8199,interloper,114,1,1,624,490,212,131,repolretni
8200,interlude,114,1,2,630,609,276,85,edulretni
8201,intermarriage,114,1,3,698,744,195,174,egairramretni
8202,intermediate,114,1,4,730,866,223,88,etaidemretni
8203,intermediary,114,1,5,730,959,294,112,yraidemretni
8204,intermezzo,114,1,6,691,1102,230,84,ozzemretni
8205,interminable,114,1,7,692,1250,235,150,elbanimretni
8206,intermingle,114,1,8,650,1389,407,66,elgnimretni
8207,intermit,114,1,9,705,1494,188,58,timretni
8208,intermission,114,1,10,747,1610,162,82,noissimretni
8209,intermittence,114,1,11,762,1724,204,71,ecnettimretni
8210,intermittent,114,1,12,738,1855,225,61,tnettimretni
8211,intermixture,114,1,13,719,1979,300,65,erutximretni
8212,intern,114,1,14,707,2111,90,46,nretni
8213,internment,114,1,15,709,2219,271,57,tnemnretni
8214,internal,114,1,16,674,2353,243,61,lanretni
8215,internally,114,1,17,697,2460,142,53,yllanretni
8216,international,114,1,18,699,2583,231,84,lanoitanretni
8217,internecine,114,1,19,652,2705,138,69,enicenretni
8218,interpellate,114,1,20,784,2779,202,109,etallepretni
8219,interpellation,114,1,21,780,2910,191,116,noitallepretni
8220,interpolate,114,1,22,745,3034,210,105,etalopretni
8221,interpolation,114,1,23,758,3151,221,127,noitalopretni
8222,interpose,114,1,24,738,3269,79,102,esopretni
8223,interposition,114,1,25,767,3385,78,117,noitisopretni
8224,interpret,114,2,1,1617,464,85,102,terpretni
8225,interpretation,114,2,2,1623,598,73,124,noitaterpretni
8226,interpretative,114,2,3,1655,717,128,102,evitaterpretni
8227,interpreter,114,2,4,1688,851,92,121,reterpretni
8228,interregnum,114,2,5,1525,991,240,76,mungerretni
8229,interrelation,114,2,6,1510,1123,273,86,noitalerretni
8230,interrogate,114,2,7,1521,1256,226,55,etagorretni
8231,interrogation,114,2,8,1588,1364,184,77,noitagorretni
8232,interrogative,114,2,9,1621,1475,200,154,evitagorretni
8233,interrogatory,114,2,10,1593,1618,255,92,yrotagorretni
8234,interrupt,114,2,11,1625,1691,61,111,tpurretni
8235,interrupted,114,2,12,1610,1820,83,118,detpurretni
8236,interruption,114,2,13,1654,1940,79,134,noitpurretni
8237,uninterrupted,114,2,14,1641,2078,111,115,detpurretninu
8238,interscholastic,114,2,15,1554,2216,282,90,citsalohcsretni
8239,intersect,114,2,16,1533,2328,134,78,tcesretni
8240,intersperse,114,2,17,1557,2418,84,121,esrepsretni
8241,interstate,114,2,18,1548,2571,105,64,etatsretni
8242,interstice,114,2,19,1556,2690,98,68,ecitsretni
8243,interstices,114,2,20,1576,2811,105,69,secitsretni
8244,interstitial,114,2,21,1556,2931,98,70,laititsretni
8245,intertwine,114,2,22,1546,3028,114,97,eniwtretni
8246,intertwined,114,2,23,1547,3136,191,102,deniwtretni
8247,interval,114,2,24,1548,3247,149,136,lavretni
8248,intervene,114,2,25,1388,3365,144,147,enevretni
8249,intervention,114,3,1,2503,476,85,116,noitnevretni
8250,non-intervention,114,3,2,2528,601,182,160,noitnevretni-non
8251,interview,114,3,3,2411,687,140,155,weivretni
8252,interweave,114,3,4,2436,809,149,161,evaewretni
8253,intestate,114,3,5,2351,984,180,70,etatsetni
8254,intestine,114,3,6,2308,1091,248,84,enitsetni
8255,intimate,114,3,7,2306,1180,223,123,etamitni
8256,intimacy,114,3,8,2303,1320,193,109,ycamitni
8257,intimated,114,3,9,2303,1352,343,195,detamitni
8258,intimation,114,3,10,2302,1569,189,104,noitamitni
8259,intimidate,114,3,11,2270,1618,383,169,etadimitni
8260,intimidated,114,3,12,2327,1748,333,169,detadimitni
8261,intimidation,114,3,13,2367,1890,282,151,noitadimitni
8262,into,114,3,14,2357,2089,151,67,otni
8263,intolerance,114,3,15,2274,2184,392,93,ecnarelotni
8264,intolerable,114,3,16,2285,2337,361,146,elbarelotni
8265,intolerant,114,3,17,2278,2422,441,113,tnarelotni
8266,intone,114,3,18,2304,2562,188,69,enotni
8267,intonation,114,3,19,2327,2693,182,64,noitanotni
8268,intoxicate,114,3,20,2319,2813,183,63,etacixotni
8269,intoxicant,114,3,21,2321,2914,259,80,tnacixotni
8270,intoxicated,114,3,22,2356,3058,212,66,detacixotni
8271,intoxication,114,3,23,2361,3178,163,71,noitacixotni
8272,non-intoxicating,114,3,24,2460,3313,281,59,gnitacixotni-non
8273,intractable,114,3,25,2390,3423,113,159,elbatcartni
8274,intransigent,115,1,1,586,450,210,145,tnegisnartni
8275,intransigence,115,1,2,770,562,120,159,ecnegisnartni
8276,intransitive,115,1,3,556,714,175,112,evitisnartni
8277,intrastate,115,1,4,630,881,107,83,etatsartni
8278,intrenchment,115,1,5,658,1017,155,113,tnemhcnertni
8279,intrepid,115,1,6,506,1091,121,103,dipertni
8280,intrepidity,115,1,7,613,1203,204,114,ytidipertni
8281,intricate,115,1,8,612,1399,120,49,etacirtni
8282,extricate,115,1,9,588,1470,140,109,etacirtxe
8283,intricacy,115,1,10,579,1622,117,96,ycacirtni
8284,intrigue,115,1,11,535,1739,203,70,eugirtni
8285,intrinsic,115,1,12,568,1872,173,70,cisnirtni
8286,extrinsic,115,1,13,587,1978,142,87,cisnirtxe
8287,introduce,115,1,14,626,2089,148,82,ecudortni
8288,introduction,115,1,15,645,2213,224,81,noitcudortni
8289,introductory,115,1,16,647,2325,286,87,yrotcudortni
8290,introit,115,1,17,606,2477,87,62,tiortni
8291,introspect,115,1,18,634,2567,72,99,tcepsortni
8292,introspection,115,1,19,674,2670,82,139,noitcepsortni
8293,introspective,115,1,20,623,2796,167,202,evitcepsortni
8294,introvert,115,1,21,741,2903,107,136,trevortni
8295,introversion,115,1,22,717,3021,138,139,noisrevortni
8296,intrude,115,1,23,626,3180,134,73,edurtni
8297,intruder,115,1,24,615,3286,138,92,redurtni
8298,intrusion,115,1,25,631,3446,65,56,noisurtni
8299,intrusive,115,2,1,1355,467,162,162,evisurtni
8300,intrust,115,2,2,1362,630,176,65,tsurtni
8301,intuition,115,2,3,1370,745,158,65,noitiutni
8302,intuitive,115,2,4,1340,809,276,132,evitiutni
8303,inunction,115,2,5,1355,1052,190,61,noitcnuni
8304,inundate,115,2,6,1404,1078,260,118,etadnuni
8305,inundation,115,2,7,1402,1211,228,104,noitadnuni
8306,inure,115,2,8,1343,1419,169,28,eruni
8307,invade,115,2,9,1320,1539,212,146,edavni
8308,invasion,115,2,10,1347,1667,122,144,noisavni
8309,invalid,115,2,11,1354,1786,312,105,dilavni
8310,invalidate,115,2,12,1401,1897,359,114,etadilavni
8311,invalidation,115,2,13,1389,2036,309,109,noitadilavni
8312,invalidity,115,2,14,1345,2129,378,122,ytidilavni
8313,invaluable,115,2,15,1485,2268,152,218,elbaulavni
8314,invar,115,2,16,1312,2384,145,114,ravni
8315,invariable,115,2,17,1438,2506,135,194,elbairavni
8316,invariability,115,2,18,1517,2634,203,201,ytilibairavni
8317,inveigh,115,2,19,1330,2757,141,132,hgievni
8318,invective,115,2,20,1372,2880,122,191,evitcevni
8319,inveigle,115,2,21,1442,3002,275,123,elgievni
8320,invent,115,2,22,1354,3132,127,110,tnevni
8321,invention,115,2,23,1404,3242,115,141,noitnevni
8322,inventive,115,2,24,1412,3363,135,166,evitnevni
8323,inventor,115,2,25,1453,3489,197,107,rotnevni
8324,inventory,115,3,1,2211,567,181,99,yrotnevni
8325,inverse,115,3,2,2212,684,130,121,esrevni
8326,inversion,115,3,3,2222,804,145,125,noisrevni
8327,invert,115,3,4,2186,925,96,135,trevni
8328,inverted,115,3,5,2219,1046,225,133,detrevni
8329,invest,115,3,6,2194,1182,130,137,tsevni
8330,invested,115,3,7,2223,1294,129,137,detsevni
8331,investment,115,3,8,2256,1417,136,129,tnemtsevni
8332,investor,115,3,9,2156,1556,130,142,rotsevni
8333,invests,115,3,10,2214,1663,146,158,stsevni
8334,reinvest,115,3,11,2304,1773,139,125,tsevnier
8335,investigate,115,3,12,2308,1902,179,127,etagitsevni
8336,investigation,115,3,13,2291,2024,184,153,noitagitsevni
8337,investigative,115,3,14,2273,2143,167,209,evitagitsevni
8338,investigator,115,3,15,2400,2271,213,149,rotagitsevni
8339,inveterate,115,3,16,2164,2386,215,130,etaretevni
8340,invidious,115,3,17,2210,2513,178,132,suoidivni
8341,invigorate,115,3,18,2250,2639,261,118,etarogivni
8342,invigoration,115,3,19,2264,2750,271,146,noitarogivni
8343,invincible,115,3,20,2271,2876,125,196,elbicnivni
8344,invincibility,115,3,21,2410,2998,125,225,ytilibicnivni
8345,inviolable,115,3,22,2245,3119,197,188,elbaloivni
8346,inviolability,115,3,23,2384,3237,230,216,ytilibaloivni
8347,inviolate,115,3,24,2201,3357,237,121,etaloivni
8348,invisible,115,3,25,2151,3486,166,238,elbisivni
8349,invisibility,116,1,1,634,544,108,183,ytilibisivni
8350,invite,116,1,2,672,674,122,117,etivni
8351,invitation,116,1,3,649,790,120,127,noitativni
8352,uninvited,116,1,4,714,916,145,140,detivninu
8353,invoice,116,1,5,596,1052,119,128,eciovni
8354,invoices,116,1,6,603,1167,111,155,seciovni
8355,invoke,116,1,7,659,1285,112,120,ekovni
8356,invocation,116,1,8,642,1414,108,161,noitacovni
8357,involuntary,116,1,9,728,1526,376,128,yratnulovni
8358,involuntarily,116,1,10,750,1660,386,126,yliratnulovni
8359,involute,116,1,11,652,1776,215,113,etulovni
8360,involution,116,1,12,784,1891,175,145,noitulovni
8361,involve,116,1,13,632,2005,195,136,evlovni
8362,invulnerable,116,1,14,789,2130,265,230,elbarenluvni
8363,invulnerability,116,1,15,743,2269,354,198,ytilibarenluvni
8364,inward,116,1,16,582,2358,152,79,drawni
8365,inwardly,116,1,17,655,2466,165,77,yldrawni
8366,inwardness,116,1,18,695,2552,249,105,ssendrawni
8367,iodine,116,1,19,626,2686,161,80,enidoi
8368,iodate,116,1,20,594,2765,176,119,etadoi
8369,iodic,116,1,21,575,2883,245,115,cidoi
8370,iodide,116,1,22,562,3003,174,114,edidoi
8371,iodize,116,1,23,554,3112,196,131,ezidoi
8372,ion,116,1,24,581,3326,128,41,noi
8373,ionization,116,1,25,633,3431,150,78,noitazinoi
8374,ionize,116,2,1,1417,518,190,64,ezinoi
8375,Ionic,116,2,2,1390,653,195,70,cinoI
8376,iota,116,2,3,1373,752,125,79,atoi
8377,ipecac,116,2,4,1366,873,153,95,cacepi
8378,irate,116,2,5,1441,1013,180,56,etari
8379,irascibility,116,2,6,1445,1130,159,160,ytilibicsari
8380,irascible,116,2,7,1573,1244,139,167,elbicsari
8381,iris,116,2,8,1419,1382,126,54,siri
8382,iridescence,116,2,9,1494,1449,286,96,ecnecsediri
8383,iridescent,116,2,10,1466,1542,330,127,tnecsediri
8384,iridium,116,2,11,1460,1694,247,103,muidiri
8385,irk,116,2,12,1396,1887,160,28,kri
8386,irksome,116,2,13,1391,2007,276,51,emoskri
8387,iron,116,2,14,1362,2117,169,44,nori
8388,flatiron,116,2,15,1388,2186,374,96,noritalf
8389,ironclad,116,2,16,1376,2292,473,115,dalcnori
8390,ironside,116,2,17,1435,2468,197,65,edisnori
8391,ironware,116,2,18,1429,2579,222,63,erawnori
8392,ironwood,116,2,19,1432,2654,287,109,doownori
8393,ironwork,116,2,20,1405,2836,302,52,krownori
8394,irony,116,2,21,1382,2955,198,52,ynori
8395,ironical,116,2,22,1407,3074,213,51,lacinori
8396,irradiate,116,2,23,1411,3127,301,113,etaidarri
8397,irradiation,116,2,24,1451,3235,259,123,noitaidarri
8398,irrational,116,2,25,1396,3428,251,81,lanoitarri
8399,irrationally,116,3,1,2376,531,149,109,yllanoitarri
8400,irreclaimable,116,3,2,2409,636,193,157,elbamialcerri
8401,irreconcilable,116,3,3,2333,787,300,172,elbalicnocerri
8402,irrecoverable,116,3,4,2279,908,172,204,elbarevocerri
8403,irredeemable,116,3,5,2449,981,235,138,elbameederri
8404,irrefragable,116,3,6,2333,1152,299,104,elbagarferri
8405,irrefrangible,116,3,7,2325,1274,158,189,elbignarferri
8406,irrefutable,116,3,8,2221,1392,117,194,elbatuferri
8407,irregular,116,3,9,2325,1522,260,43,ralugerri
8408,irregularity,116,3,10,2315,1631,297,56,ytiralugerri
8409,irrelevant,116,3,11,2280,1756,248,108,tnavelerri
8410,irreligious,116,3,12,2275,1873,236,143,suoigilerri
8411,irremediable,116,3,13,2335,1962,254,140,elbaidemerri
8412,irremovable,116,3,14,2313,2121,294,128,elbavomerri
8413,irreparable,116,3,15,2309,2239,124,212,elbaraperri
8414,irreplaceable,116,3,16,2432,2359,226,225,elbaecalperri
8415,irrepressible,116,3,17,2339,2482,133,218,elbisserperri
8416,irreproachable,116,3,18,2487,2601,128,240,elbahcaorperri
8417,irresistible,116,3,19,2332,2721,109,122,elbitsiserri
8418,irresistibility,116,3,20,2348,2839,126,132,ytilibitsiserri
8419,irresoluble,116,3,21,2288,2958,220,158,elbuloserri
8420,irresolute,116,3,22,2276,3084,290,70,etuloserri
8421,irresolution,116,3,23,2316,3194,222,80,noituloserri
8422,irrespective,116,3,24,2302,3320,116,163,evitcepserri
8423,irresponsible,116,3,25,2411,3442,103,103,elbisnopserri
8424,irresponsibility,117,1,1,838,517,125,199,ytilibisnopserri
8425,irretraceable,117,1,2,598,584,251,185,elbaecarterri
8426,irretrievable,117,1,3,608,684,107,206,elbaveirterri
8427,irreverent,117,1,4,636,874,143,128,tnereverri
8428,irreverence,117,1,5,645,1000,126,125,ecnereverri
8429,Irreversible,117,1,6,483,1127,157,259,elbisreverrI
8430,irrevocable,117,1,7,685,1247,119,246,elbacoverri
8431,irrigate,117,1,8,435,1377,240,45,etagirri
8432,irrigation,117,1,9,568,1494,279,64,noitagirri
8433,irritate,117,1,10,566,1596,119,59,etatirri
8434,irritability,117,1,11,585,1722,94,144,ytilibatirri
8435,irritable,117,1,12,640,1846,73,130,elbatirri
8436,irritant,117,1,13,621,1917,194,110,tnatirri
8437,irritation,117,1,14,620,2071,89,57,noitatirri
8438,irritative,117,2,1,1381,477,117,162,evitatirri
8439,irruption,117,2,2,1334,640,98,124,noitpurri
8440,isinglass,117,2,3,1399,732,373,81,ssalgnisi
8441,Islam,117,2,4,1298,861,298,97,malsI
8442,island,117,2,5,1371,954,283,95,dnalsi
8443,isobar,117,2,6,1260,989,105,192,rabosi
8444,isolate,117,2,7,1389,1207,192,91,etalosi
8445,isolation,117,2,8,1388,1347,210,96,noitalosi
8446,isomeric,117,2,9,1358,1462,273,79,ciremosi
8447,isotherm,117,2,10,1348,1588,219,69,mrehtosi
8448,issue,117,2,11,1376,1724,33,64,eussi
8449,issuance,117,2,12,1394,1834,79,72,ecnaussi
8450,reissue,117,2,13,1369,1981,112,66,eussier
8451,unissued,117,2,14,1381,2077,195,96,deussinu
8452,isthmus,117,3,1,2143,511,162,71,sumhtsi
8453,Italy,117,3,2,2137,603,221,98,ylatI
8454,Italian,117,3,3,2129,721,257,100,nailatI
8455,itchy,117,3,4,2143,822,57,101,yhcti
8456,item,117,3,5,2117,940,204,116,meti
8457,itemize,117,3,6,2161,1052,181,120,ezimeti
8458,itinerate,117,3,7,2143,1182,228,120,etareniti
8459,itinerancy,117,3,8,2218,1290,259,130,ycnareniti
8460,itinerant,117,3,9,2211,1376,273,165,tnareniti
8461,itinerary,117,3,10,2199,1558,293,113,yrareniti
8462,its,117,3,11,2174,1706,84,62,sti
8463,itself,117,3,12,2168,1839,70,53,flesti
8464,ivory,117,3,13,2186,1866,129,161,yrovi
8465,ivy,117,3,14,2232,1990,138,172,yvi
8466,jackal,118,1,2,603,532,285,138,lakcaj
8467,Jacobean,118,1,3,523,787,274,137,naebocaJ
8468,jaguar,118,1,4,829,651,144,199,raugaj
8469,janitor,118,1,5,667,902,160,131,rotinaj
8470,January,118,1,6,681,1013,138,150,yraunaJ
8471,japan,118,1,7,713,1132,123,178,napaj
8472,jargon,118,1,8,597,1251,299,135,nograj
8473,jasmine,118,1,9,605,1388,235,148,enimsaj
8474,jaundice,118,1,10,823,1511,141,114,ecidnuaj
8475,jauntily,118,1,11,644,1635,145,118,ylitnuaj
8476,jealous,118,1,12,666,1739,153,163,suolaej
8477,Jehovah,118,1,13,677,1850,211,236,havoheJ
8478,jejune,118,1,14,736,2001,143,200,enujej
8479,jellyfish,118,1,15,869,2094,182,227,hsifyllej
8480,jeopardy,118,1,16,683,2216,170,220,ydrapoej
8481,jeopardize,118,1,17,789,2332,176,217,ezidrapoej
8482,jerk,118,1,18,640,2460,124,137,krej
8483,jerkily,118,1,19,733,2580,165,143,ylikrej
8484,jersey,118,1,20,561,2715,121,162,yesrej
8485,Jesus,118,1,21,612,2832,118,168,suseJ
8486,Jesuit,118,1,22,665,2945,122,155,tiuseJ
8487,jetsam,118,1,23,707,3078,224,129,mastej
8488,jettison,118,1,24,643,3197,158,126,nosittej
8489,jewel,118,1,25,618,3314,186,145,lewej
8490,jewelry,118,2,1,1501,406,240,147,yrlewej
8491,Jewish,118,2,2,1373,521,100,167,hsiweJ
8492,jingle,118,2,3,1425,662,262,133,elgnij
8493,jingo,118,2,4,1511,796,140,138,ognij
8494,Jingoism,118,2,5,1589,906,236,148,msiogniJ
8495,jinrikisha,118,2,6,1451,1005,218,208,ahsikirnij
8496,jinx,118,2,7,1384,1150,134,153,xnij
8497,jitney,118,2,8,1471,1264,156,124,yentij
8498,jockey,118,2,9,1465,1377,112,128,yekcoj
8499,jocose,118,2,10,1417,1510,109,150,esocoj
8500,jocosity,118,2,11,1484,1629,98,161,ytisocoj
8501,jocular,118,2,12,1547,1736,313,140,ralucoj
8502,jocularity,118,2,13,1513,1861,301,161,ytiralucoj
8503,jocund,118,2,14,1485,1990,190,134,dnucoj
8504,jocundity,118,2,15,1570,2092,257,138,ytidnucoj
8505,join,118,2,16,1449,2218,92,128,nioj
8506,adjoin,118,2,17,1507,2332,88,146,niojda
8507,disjoin,118,2,18,1496,2493,141,150,niojsid
8508,enjoin,118,2,19,1446,2687,93,128,niojne
8509,jointed,118,2,20,1553,2727,229,128,detnioj
8510,jointure,118,2,21,1576,2827,216,132,erutnioj
8511,joist,118,2,22,1422,2946,102,156,tsioj
8512,joker,118,2,23,1447,3074,157,121,rekoj
8513,jolly,118,2,24,1426,3202,206,132,ylloj
8514,jollification,118,2,25,1618,3306,182,209,noitacifilloj
8515,jollity,118,3,1,2283,402,191,146,ytilloj
8516,jonquil,118,3,2,2303,554,295,121,liuqnoj
8517,jostle,118,3,3,2184,646,166,169,eltsoj
8518,jot,118,3,4,2331,769,94,138,toj
8519,jounce,118,3,5,2327,893,81,132,ecnuoj
8520,journal,118,3,6,2360,1009,91,139,lanruoj
8521,journalism,118,3,7,2377,1129,182,133,msilanruoj
8522,journalist,118,3,8,2356,1275,111,134,tsilanruoj
8523,journalize,118,3,9,2408,1371,132,145,ezilanruoj
8524,journey,118,3,10,2287,1486,92,144,yenruoj
8525,jovial,118,3,11,2249,1622,251,209,laivoj
8526,joviality,118,3,12,2394,1729,233,220,ytilaivoj
8527,jowl,118,3,13,2154,1854,225,153,lwoj
8528,joy,118,3,14,2357,1966,89,149,yoj
8529,enjoy,118,3,15,2294,2197,87,123,yojne
8530,joyful,118,3,16,2300,2221,135,189,lufyoj
8531,joyless,118,3,17,2339,2338,200,133,sselyoj
8532,joyous,118,3,18,2376,2478,84,140,suoyoj
8533,jubilate,118,3,19,2364,2587,143,221,etalibuj
8534,jubilance,118,3,20,2478,2709,198,224,ecnalibuj
8535,jubilant,118,3,21,2317,2821,218,237,tnalibuj
8536,jubilation,118,3,22,2521,2954,185,235,noitalibuj
8537,jubilee,118,3,23,2246,3069,157,246,eelibuj
8538,judge,118,3,24,2375,3210,131,195,egduj
8539,adjudge,118,3,25,2423,3294,135,213,egdujda
8540,judged,119,1,1,585,463,119,185,degduj
8541,judgeship,119,1,2,637,557,117,173,pihsegduj
8542,judgment,119,1,3,657,686,157,176,tnemgduj
8543,judicial,119,1,4,510,796,137,126,laiciduj
8544,judicative,119,1,5,638,924,198,147,evitaciduj
8545,judicatory,119,1,6,711,1036,291,121,yrotaciduj
8546,judicature,119,1,7,666,1159,302,123,erutaciduj
8547,judicially,119,1,8,643,1283,126,125,yllaiciduj
8548,judiciary,119,1,9,650,1401,174,120,yraiciduj
8549,judicious,119,1,10,632,1518,130,131,suoiciduj
8550,juggle,119,1,11,497,1645,315,125,elgguj
8551,jugular,119,1,12,480,1764,381,132,raluguj
8552,jumble,119,1,13,528,1898,183,224,elbmuj
8553,jump,119,1,14,418,2032,150,183,pmuj
8554,junction,119,2,1,1394,424,124,149,noitcnuj
8555,juncture,119,2,2,1509,550,236,141,erutcnuj
8556,jungle,119,2,3,1336,665,254,157,elgnuj
8557,junior,119,2,4,1284,797,168,129,roinuj
8558,juniper,119,2,5,1402,918,137,169,repinuj
8559,junk,119,2,6,1267,1041,132,153,knuj
8560,jurist,119,2,7,1401,1137,129,172,tsiruj
8561,juridical,119,2,8,1468,1282,294,133,lacidiruj
8562,jurisdiction,119,2,9,1536,1393,128,159,noitcidsiruj
8563,jurisprudence,119,2,10,1617,1517,133,215,ecnedurpsiruj
8564,juror,119,2,11,1421,1650,115,154,roruj
8565,jury,119,2,12,1508,1771,82,132,yruj
8566,juryman,119,2,13,1394,1891,215,142,namyruj
8567,just,119,2,14,1333,2021,95,153,tsuj
8568,injustice,119,3,1,2160,524,139,185,ecitsujni
8569,justice,119,3,2,2247,555,132,185,ecitsuj
8570,justiciar,119,3,3,2288,677,106,152,raicitsuj
8571,justifiable,119,3,4,2295,780,177,302,elbaifitsuj
8572,justification,119,3,5,2351,918,123,208,noitacifitsuj
8573,justificatory,119,3,6,2354,1038,152,206,yrotacifitsuj
8574,justify,119,3,7,2153,1159,152,205,yfitsuj
8575,justly,119,3,8,2209,1274,114,161,yltsuj
8576,justness,119,3,9,2218,1402,114,169,ssentsuj
8577,unjust,119,3,10,2304,1628,109,158,tsujnu
8578,unjustifiable,119,3,11,2245,1747,201,303,elbaifitsujnu
8579,juvenile,119,3,12,2432,1757,230,235,elinevuj
8580,juvenility,119,3,13,2279,1893,236,232,ytilinevuj
8581,juxtaposition,119,3,14,2513,2018,126,223,noitisopatxuj
8582,kaiser,120,1,2,732,590,157,84,resiak
8583,kaleidoscope,120,1,3,660,658,418,104,epocsodielak
8584,kaleidoscopic,120,1,4,707,790,440,108,cipocsodielak
8585,kangaroo,120,1,5,658,967,259,49,ooragnak
8586,kaolin,120,1,6,620,1077,310,61,niloak
8587,keep,120,1,7,725,1203,95,93,peek
8588,bookkeeper,120,1,8,795,1252,171,181,repeekkoob
8589,housekeeper,120,1,9,732,1402,172,140,repeekesuoh
8590,keeper,120,1,10,709,1572,174,92,repeek
8591,keepsake,120,1,11,683,1690,219,98,ekaspeek
8592,kept,120,1,12,707,1817,95,95,tpek
8593,timekeeper,120,1,13,762,1847,293,124,repeekemit
8594,kennel,120,1,14,618,2063,314,38,lennek
8595,kernel,120,1,15,601,2182,347,33,lenrek
8596,kerosene,120,1,16,620,2295,195,62,enesorek
8597,kersey,120,1,17,600,2420,154,51,yesrek
8598,keyboard,120,1,18,588,2540,172,131,draobyek
8599,khedive,120,1,19,631,2614,217,81,evidehk
8600,kidnap,120,1,20,600,2710,256,112,pandik
8601,kidney,120,1,21,599,2838,243,98,yendik
8602,kiln,120,1,22,572,3023,232,38,nlik
8603,kilogram,120,1,23,549,3151,317,57,margolik
8604,kilometer,120,1,24,545,3237,377,62,retemolik
8605,kilt,120,1,25,527,3376,245,42,tlik
8606,kind,120,2,1,1390,480,124,44,dnik
8607,kinder,120,2,2,1403,592,181,75,rednik
8608,kindest,120,2,3,1443,719,126,62,tsednik
8609,kindliness,120,2,4,1474,827,194,57,ssenildnik
8610,kindly,120,2,5,1483,960,109,47,yldnik
8611,kindness,120,2,6,1469,1084,196,46,ssendnik
8612,kinds,120,2,7,1488,1200,135,70,sdnik
8613,unkind,120,2,8,1472,1323,161,46,dniknu
8614,kindergarten,120,2,9,1460,1406,391,88,netragrednik
8615,kindred,120,2,10,1450,1488,365,126,derdnik
8616,kine,120,2,11,1469,1696,159,51,enik
8617,kinetic,120,2,12,1456,1810,176,64,citenik
8618,king,120,2,13,1466,1940,172,35,gnik
8619,kingbird,120,2,14,1453,2058,196,124,dribgnik
8620,kingbolt,120,2,15,1568,2181,252,130,tlobgnik
8621,kingcraft,120,2,16,1454,2313,300,95,tfarcgnik
8622,kingdom,120,2,17,1561,2362,303,100,modgnik
8623,kingfisher,120,2,18,1506,2539,148,121,rehsifgnik
8624,kinglet,120,2,19,1447,2668,302,51,telgnik
8625,kingliness,120,2,20,1506,2788,233,44,ssenilgnik
8626,king-pin,120,2,21,1494,2904,150,109,nip-gnik
8627,kingship,120,2,22,1503,3026,156,60,pihsgnik
8628,kinsman,120,2,23,1391,3153,300,62,namsnik
8629,kiosk,120,2,24,1425,3267,176,72,ksoik
8630,kitchen,120,2,25,1430,3388,113,93,nehctik
8631,kith,120,3,1,2270,478,137,35,htik
8632,kitten,120,3,2,2286,569,194,61,nettik
8633,kleptomaniac,120,3,3,2286,718,419,87,cainamotpelk
8634,knave,120,3,4,2271,816,160,144,evank
8635,knavery,120,3,5,2245,941,162,152,yrevank
8636,knavish,120,3,6,2286,1062,147,159,hsivank
8637,kneecap,120,3,7,2333,1208,200,75,paceenk
8638,knight,120,3,8,2306,1337,100,39,thgink
8639,knighted,120,3,9,2305,1461,123,52,dethgink
8640,knights,120,3,10,2318,1581,109,55,sthgink
8641,unknightly,120,3,11,2320,1698,137,57,ylthginknu
8642,knot,120,3,12,2312,1794,149,57,tonk
8643,knotted,120,3,13,2314,1870,211,100,dettonk
8644,unknotted,120,3,14,2307,1988,245,106,dettonknu
8645,know,120,3,15,2308,2183,93,30,wonk
8646,knew,120,3,16,2323,2309,95,24,wenk
8647,knowable,120,3,17,2348,2426,80,128,elbawonk
8648,knowingness,120,3,18,2399,2540,160,45,ssengniwonk
8649,knowledge,120,3,19,2319,2662,240,35,egdelwonk
8650,known,120,3,20,2311,2787,139,20,nwonk
8651,unknown,120,3,21,2293,2907,169,24,nwonknu
8652,knuckle,120,3,22,2196,3029,307,34,elkcunk
8653,knurl,120,3,23,2194,3143,319,38,lrunk
8654,kopeck,120,3,24,2245,3265,140,78,kcepok
8655,krypton,120,3,25,2225,3393,229,85,notpyrk
8656,label,121,1,2,483,623,201,128,lebal
8657,labial,121,1,3,554,752,229,140,laibal
8658,labor,121,1,4,653,888,200,125,robal
8659,laboratory,121,1,5,724,1002,295,160,yrotarobal
8660,labored,121,1,6,603,1117,188,145,derobal
8661,laborer,121,1,7,648,1241,224,138,rerobal
8662,laborious,121,1,8,750,1373,207,162,suoirobal
8663,laburnum,121,1,9,574,1479,276,137,munrubal
8664,labyrinth,121,1,10,716,1613,215,130,htnirybal
8665,lacerate,121,1,11,585,1734,240,74,etarecal
8666,lacerated,121,1,12,631,1848,278,89,detarecal
8667,laceration,121,1,13,641,1970,244,102,noitarecal
8668,lachrymal,121,1,14,538,2105,540,50,lamyrhcal
8669,lachrymose,121,1,15,637,2224,390,57,esomyrhcal
8670,lacquer,121,1,16,571,2351,306,44,reuqcal
8671,lacrosse,121,1,17,555,2459,331,54,essorcal
8672,lactic,121,1,18,539,2546,359,86,citcal
8673,lacuna,121,1,19,534,2693,331,60,anucal
8674,lacunae,121,1,20,587,2814,293,56,eanucal
8675,lacunas,121,1,21,587,2921,343,69,sanucal
8676,ladder,121,1,22,549,3001,272,107,reddal
8677,laden,121,1,23,538,3148,243,83,nedal
8678,ladle,121,1,24,528,3257,379,90,eldal
8679,lad,121,1,25,530,3369,297,97,dal
8680,ladylike,121,2,1,1412,426,415,129,ekilydal
8681,ladyship,121,2,2,1439,579,300,102,pihsydal
8682,laggard,121,2,3,1377,707,408,106,draggal
8683,lagoon,121,2,4,1385,865,382,65,noogal
8684,laity,121,2,5,1411,982,241,67,ytial
8685,lambent,121,2,6,1369,1103,317,122,tnebmal
8686,lame,121,2,7,1385,1239,275,52,emal
8687,lamed,121,2,8,1414,1271,303,138,demal
8688,lamely,121,2,9,1425,1483,291,52,ylemal
8689,lameness,121,2,10,1433,1602,378,55,ssenemal
8690,lament,121,2,11,1401,1693,370,76,tnemal
8691,lamentable,121,2,12,1465,1838,365,127,elbatnemal
8692,lamentation,121,2,13,1486,1952,412,64,noitatnemal
8693,lamented,121,2,14,1455,1986,468,147,detnemal
8694,lamina,121,2,15,1420,2199,373,56,animal
8695,laminate,121,2,16,1426,2322,358,56,etanimal
8696,laminated,121,2,17,1430,2372,416,126,detanimal
8697,lamination,121,2,18,1466,2569,343,52,noitanimal
8698,lampoon,121,2,19,1433,2687,317,96,noopmal
8699,amply,121,2,20,1426,2814,307,102,ylpma
8700,lancet,121,2,21,1430,2936,266,82,tecnal
8701,lancination,121,2,22,1442,3056,262,81,noitanicnal
8702,land,121,2,23,1450,3144,252,84,dnal
8703,landed,121,2,24,1423,3211,349,142,dednal
8704,landfall,121,2,25,1444,3384,262,77,llafdnal
8705,landholder,121,3,1,2255,437,470,123,redlohdnal
8706,landlady,121,3,2,2208,549,503,128,ydaldnal
8707,landlocked,121,3,3,2265,684,487,120,dekcoldnal
8708,landlord,121,3,4,2242,760,482,157,droldnal
8709,landmark,121,3,5,2248,933,473,109,kramdnal
8710,landowner,121,3,6,2296,1076,346,87,renwodnal
8711,landscape,121,3,7,2300,1208,321,96,epacsdnal
8712,landslip,121,3,8,2238,1325,405,87,pilsdnal
8713,landsman,121,3,9,2232,1437,429,84,namsdnal
8714,landward,121,3,10,2268,1535,345,115,drawdnal
8715,language,121,3,11,2252,1710,246,54,egaugnal
8716,languid,121,3,12,2223,1799,342,118,diugnal
8717,languish,121,3,13,2242,1960,232,63,hsiugnal
8718,languor,121,3,14,2273,2088,255,53,rougnal
8719,languorous,121,3,15,2306,2206,346,86,suorougnal
8720,lantern,121,3,16,2210,2291,345,93,nretnal
8721,lanthanum,121,3,17,2197,2429,485,75,munahtnal
8722,lanyard,121,3,18,2204,2520,318,101,draynal
8723,lapel,121,3,19,2181,2691,291,99,lepal
8724,lapidary,121,3,20,2196,2810,320,95,yradipal
8725,lapse,121,3,21,2205,2931,202,108,espal
8726,larboard,121,3,22,2199,3042,306,136,draobral
8727,larceny,121,3,23,2263,3173,252,68,ynecral
8728,larcenous,121,3,24,2275,3290,266,98,suonecral
8729,larch,121,3,25,2209,3411,235,91,hcral
8730,lard,122,1,1,592,444,269,101,dral
8731,large,122,1,2,614,582,198,141,egral
8732,enlarge,122,1,3,617,718,239,143,egralne
8733,largely,122,1,4,647,832,205,144,ylegral
8734,larger,122,1,5,654,962,192,135,regral
8735,largest,122,1,6,666,1088,183,145,tsegral
8736,lariat,122,1,7,617,1205,277,65,tairal
8737,lark,122,1,8,610,1316,244,58,kral
8738,larkspur,122,1,9,621,1454,275,136,rupskral
8739,larva,122,1,10,560,1561,204,150,avral
8740,larval,122,1,11,764,1675,314,156,lavral
8741,larynx,122,1,12,564,1808,283,73,xnyral
8742,laryngitis,122,1,13,706,1926,245,141,sitignyral
8743,lassitude,122,1,14,581,2060,202,71,edutissal
8744,lasso,122,1,15,593,2182,219,76,ossal
8745,last,122,1,16,611,2297,217,64,tsal
8746,lasted,122,1,17,611,2426,205,67,detsal
8747,lastly,122,1,18,608,2536,197,74,yltsal
8748,lasts,122,1,19,614,2650,200,84,stsal
8749,latch,122,1,20,635,2762,206,107,hctal
8750,latchkey,122,1,21,686,2894,204,100,yekhctal
8751,latchstring,122,1,22,755,3022,262,122,gnirtshctal
8752,late,122,1,23,607,3146,219,55,etal
8753,lately,122,1,24,609,3256,229,62,yletal
8754,lateness,122,1,25,640,3355,309,82,ssenetal
8755,later,122,2,1,1446,453,234,101,retal
8756,latest,122,2,2,1437,580,249,77,tsetal
8757,latter,122,2,3,1461,698,236,81,rettal
8758,latent,122,2,4,1447,790,287,119,tnetal
8759,lateral,122,2,5,1429,965,350,65,laretal
8760,laterally,122,2,6,1472,1063,369,73,yllaretal
8761,lath,122,2,7,1450,1191,236,69,htal
8762,lathe,122,2,8,1461,1318,221,67,ehtal
8763,lather,122,2,9,1471,1434,217,70,rehtal
8764,Latin,122,2,10,1476,1557,271,108,nitaL
8765,Latinism,122,2,11,1493,1669,369,114,msinitaL
8766,Latinist,122,2,12,1509,1787,266,118,tsinitaL
8767,Latinity,122,2,13,1507,1905,334,117,ytinitaL
8768,latitude,122,2,14,1500,2051,262,64,edutital
8769,latitudinal,122,2,15,1498,2128,531,126,lanidutital
8770,latter,122,2,16,1460,2283,206,72,rettal
8771,lattermost,122,2,17,1525,2390,347,83,tsomrettal
8772,lattice,122,2,18,1505,2522,268,78,ecittal
8773,latticework,122,2,19,1533,2639,368,80,krowecittal
8774,laud,122,2,20,1474,2739,292,87,dual
8775,laudability,122,2,21,1540,2845,292,135,ytilibadual
8776,laudable,122,2,22,1543,2992,282,106,elbadual
8777,laudation,122,2,23,1557,3103,261,89,noitadual
8778,laudatory,122,2,24,1489,3212,409,110,yrotadual
8779,laudanum,122,2,25,1465,3360,424,80,munadual
8780,laugh,122,3,1,2341,462,210,107,hgual
8781,laughable,122,3,2,2430,593,202,217,elbahgual
8782,laughingstock,122,3,3,2547,705,187,139,kcotsgnihgual
8783,laughter,122,3,4,2337,839,206,114,rethgual
8784,launch,122,3,5,2318,982,209,83,hcnual
8785,launder,122,3,6,2312,1075,349,77,rednual
8786,laundress,122,3,7,2327,1182,371,81,sserdnual
8787,laundry,122,3,8,2320,1301,341,82,yrdnual
8788,laundryman,122,3,9,2312,1443,458,93,namyrdnual
8789,laurel,122,3,10,2261,1594,355,37,lerual
8790,laureate,122,3,11,2288,1704,318,48,etaerual
8791,lava,122,3,12,2235,1799,194,147,aval
8792,lavaliere,122,3,13,2235,1938,236,136,ereilaval
8793,lavatory,122,3,14,2328,2059,212,139,yrotaval
8794,lavender,122,3,15,2278,2185,214,138,redneval
8795,lavish,122,3,16,2273,2307,175,170,hsival
8796,law,122,3,17,2346,2442,175,29,wal
8797,lawful,122,3,18,2325,2566,180,82,lufwal
8798,lawgiver,122,3,19,2290,2682,341,60,revigwal
8799,lawless,122,3,20,2308,2807,307,32,sselwal
8800,lawmaker,122,3,21,2312,2921,404,55,rekamwal
8801,lawsuit,122,3,22,2303,3041,218,57,tiuswal
8802,lawyer,122,3,23,2281,3163,258,33,reywal
8803,lax,122,3,24,2264,3256,220,64,xal
8804,laxative,122,3,25,2301,3371,276,91,evitaxal
8805,laxity,123,1,1,499,494,218,61,ytixal
8806,laxness,123,1,2,503,612,247,70,ssenxal
8807,relax,123,1,3,467,736,239,65,xaler
8808,layer,123,1,4,451,848,212,58,reyal
8809,lazy,123,1,5,463,982,204,77,yzal
8810,lazily,123,1,6,484,1101,178,95,ylizal
8811,laziness,123,1,7,500,1230,213,89,ssenizal
8812,lead,123,1,8,480,1316,283,86,dael
8813,leaden,123,1,9,492,1445,261,78,nedael
8814,leader,123,1,10,503,1543,255,104,redael
8815,leadership,123,1,11,569,1655,240,107,pihsredael
8816,leadsman,123,1,12,527,1796,428,92,namsdael
8817,league,123,1,13,475,1960,310,47,eugael
8818,leak,123,1,14,475,2090,235,36,kael
8819,leakage,123,1,15,511,2204,233,120,egakael
8820,leakiness,123,1,16,546,2336,332,48,ssenikael
8821,learn,123,1,17,483,2441,237,42,nrael
8822,learned,123,1,18,508,2562,249,41,denrael
8823,learnt,123,1,19,503,2674,244,53,tnrael
8824,lease,123,1,20,527,2807,191,44,esael
8825,leasehold,123,1,21,570,2923,338,77,dlohesael
8826,leaseholder,123,1,22,588,3048,401,69,redlohesael
8827,lessee,123,1,23,502,3166,193,62,eessel
8828,lessor,123,1,24,490,3290,242,66,rossel
8829,least,123,1,25,464,3418,206,52,tsael
8830,leather,123,2,1,1348,478,212,60,rehtael
8831,leatheret,123,2,2,1353,593,268,65,terehtael
8832,leathern,123,2,3,1365,714,274,71,nrehtael
8833,leatheroid,123,2,4,1416,825,239,81,diorehtael
8834,leatherwood,123,2,5,1437,903,346,130,doowrehtael
8835,leathery,123,2,6,1373,1087,229,71,yrehtael
8836,leaven,123,2,7,1347,1232,175,122,nevael
8837,lectern,123,2,8,1297,1336,326,64,nretcel
8838,lecture,123,2,9,1303,1463,358,57,erutcel
8839,lecturer,123,2,10,1333,1571,409,64,rerutcel
8840,ledger,123,2,11,1319,1717,185,135,regdel
8841,leeward,123,2,12,1332,1806,286,93,draweel
8842,leeway,123,2,13,1333,1943,241,66,yaweel
8843,left,123,2,14,1390,2076,180,78,tfel
8844,left-handed,123,2,15,1416,2159,366,130,dednah-tfel
8845,legacy,123,2,16,1286,2328,306,68,ycagel
8846,legal,123,2,17,1295,2441,304,41,lagel
8847,illegal,123,2,18,1330,2566,295,77,lagelli
8848,legalism,123,2,19,1332,2690,387,59,msilagel
8849,legality,123,2,20,1347,2805,432,62,ytilagel
8850,legalization,123,2,21,1422,2936,320,86,noitazilagel
8851,legalize,123,2,22,1369,3055,316,65,ezilagel
8852,legally,123,2,23,1340,3174,330,38,yllagel
8853,legate,123,2,24,1306,3274,311,69,etagel
8854,legatee,123,2,25,1335,3400,341,72,eetagel
8855,legation,123,3,1,2166,502,324,67,noitagel
8856,legato,123,3,2,2135,601,367,79,otagel
8857,legend,123,3,3,2193,749,248,110,dnegel
8858,legendary,123,3,4,2198,871,338,101,yradnegel
8859,legerdemain,123,3,5,2220,971,328,121,niamedregel
8860,legging,123,3,6,2150,1100,307,57,gniggel
8861,legible,123,3,7,2165,1222,162,218,elbigel
8862,illegible,123,3,8,2279,1354,160,189,elbigelli
8863,legibility,123,3,9,2389,1474,173,182,ytilibigel
8864,legion,123,3,10,2185,1591,168,126,noigel
8865,legionary,123,3,11,2219,1709,212,138,yranoigel
8866,legislate,123,3,12,2263,1851,157,103,etalsigel
8867,legislation,123,3,13,2247,1961,162,116,noitalsigel
8868,legislative,123,3,14,2235,2079,163,207,evitalsigel
8869,legislator,123,3,15,2344,2208,204,105,rotalsigel
8870,legislature,123,3,16,2246,2326,161,124,erutalsigel
8871,legitimate,123,3,17,2241,2425,316,137,etamitigel
8872,illegitimate,123,3,18,2258,2553,286,135,etamitigelli
8873,legitimacy,123,3,19,2287,2697,249,125,ycamitigel
8874,legitimateness,123,3,20,2292,2775,353,165,ssenetamitigel
8875,legitimation,123,3,21,2306,2918,232,121,noitamitigel
8876,legitimatize,123,3,22,2270,2992,319,165,ezitamitigel
8877,legitimist,123,3,23,2267,3172,264,112,tsimitigel
8878,legume,123,3,24,2143,3296,448,43,emugel
8879,leguminous,123,3,25,2134,3455,502,42,suonimugel
8880,leisure,124,1,1,719,514,180,54,erusiel
8881,leisureliness,124,1,2,744,649,207,85,ssenilerusiel
8882,leisurely,124,1,3,732,765,185,93,ylerusiel
8883,lemon,124,1,4,621,887,339,38,nomel
8884,lemonade,124,1,5,674,936,378,110,edanomel
8885,lemur,124,1,6,625,1129,343,35,rumel
8886,length,124,1,7,618,1259,239,39,htgnel
8887,lengthen,124,1,8,673,1381,291,40,nehtgnel
8888,lengthily,124,1,9,705,1508,249,39,ylihtgnel
8889,lengthiness,124,1,10,710,1630,295,42,ssenihtgnel
8890,lengthways,124,1,11,728,1742,285,58,syawhtgnel
8891,lengthwise,124,1,12,707,1863,285,53,esiwhtgnel
8892,lengthy,124,1,13,696,1981,230,40,yhtgnel
8893,lenient,124,1,14,653,2038,293,105,tneinel
8894,lenience,124,1,15,666,2222,284,37,ecneinel
8895,leniently,124,1,16,675,2287,302,93,yltneinel
8896,lenitive,124,1,17,673,2418,307,85,evitinel
8897,lenity,124,1,18,671,2553,247,84,ytinel
8898,Lent,124,1,19,627,2673,264,107,tneL
8899,Lenten,124,1,20,644,2781,304,122,netneL
8900,lentil,124,1,21,587,2905,411,92,litnel
8901,lenticular,124,1,22,658,3029,351,93,ralucitnel
8902,leonine,124,1,23,648,3191,277,42,eninoel
8903,leopard,124,1,24,606,3318,267,92,drapoel
8904,leper,124,1,25,626,3441,182,87,repel
8905,leprosy,124,2,1,1514,520,199,118,ysorpel
8906,leprous,124,2,2,1488,647,205,128,suorpel
8907,lesion,124,2,3,1419,762,165,52,noisel
8908,less,124,2,4,1431,888,181,50,ssel
8909,least,124,2,5,1433,1019,206,48,tsael
8910,lessen,124,2,6,1468,1125,200,52,nessel
8911,lessened,124,2,7,1480,1225,266,89,denessel
8912,lesser,124,2,8,1459,1390,264,70,ressel
8913,lesson,124,2,9,1433,1508,200,52,nossel
8914,let,124,2,10,1430,1612,197,42,tel
8915,lethal,124,2,11,1403,1720,353,62,lahtel
8916,lethargy,124,2,12,1462,1863,214,113,ygrahtel
8917,lethargic,124,2,13,1519,1966,195,116,cigrahtel
8918,lethargical,124,2,14,1568,2085,219,121,lacigrahtel
8919,letter,124,2,15,1482,2232,178,40,rettel
8920,lettered,124,2,16,1495,2344,204,40,derettel
8921,letterhead,124,2,17,1534,2408,288,95,daehrettel
8922,letterpress,124,2,18,1531,2592,192,113,sserprettel
8923,lettuce,124,2,19,1518,2700,228,58,ecuttel
8924,levant,124,2,20,1472,2816,180,124,tnavel
8925,levee,124,2,21,1434,2943,184,126,eevel
8926,level,124,2,22,1446,3073,217,127,level
8927,leveled,124,2,23,1465,3194,274,133,delevel
8928,leveler,124,2,24,1488,3323,287,112,relevel
8929,lever,124,2,25,1315,3421,178,126,revel
8930,leverage,124,3,1,2285,519,164,212,egarevel
8931,leviathan,124,3,2,2456,644,229,125,nahtaivel
8932,levitate,124,3,3,2269,763,159,116,etativel
8933,levitation,124,3,4,2344,878,153,115,noitativel
8934,levity,124,3,5,2348,1003,161,117,ytivel
8935,lexicon,124,3,6,2325,1135,303,49,nocixel
8936,lexicography,124,3,7,2409,1259,273,66,yhpargocixel
8937,liable,124,3,8,2272,1360,203,134,elbail
8938,liability,124,3,9,2333,1486,215,154,ytilibail
8939,liaison,124,3,10,2201,1606,194,81,nosiail
8940,liar,124,3,11,2221,1733,240,53,rail
8941,libation,124,3,12,2233,1846,188,158,noitabil
8942,libel,124,3,13,2240,1968,213,131,lebil
8943,libelant,124,3,14,2289,2091,284,130,tnalebil
8944,libeled,124,3,15,2429,2217,283,141,delebil
8945,libelee,124,3,16,2335,2340,213,136,eelebil
8946,libeler,124,3,17,2216,2459,272,146,relebil
8947,libelous,124,3,18,2409,2583,249,158,suolebil
8948,liberal,124,3,19,2295,2718,183,118,larebil
8949,illiberal,124,3,20,2361,2833,175,124,larebilli
8950,liberalism,124,3,21,2406,2948,299,127,msilarebil
8951,liberality,124,3,22,2341,3068,328,134,ytilarebil
8952,liberalization,124,3,23,2450,3199,180,178,noitazilarebil
8953,liberalizer,124,3,24,2318,3319,262,178,rezilarebil
8954,liberally,124,3,25,2241,3447,196,128,yllarebil
8955,liberty,125,1,1,558,521,182,120,ytrebil
8956,liberate,125,1,2,549,631,202,139,etarebil
8957,liberated,125,1,3,568,757,265,137,detarebil
8958,liberation,125,1,4,683,890,238,155,noitarebil
8959,liberator,125,1,5,721,1024,267,169,rotarebil
8960,library,125,1,6,603,1116,223,136,yrarbil
8961,librarian,125,1,7,642,1245,303,141,nairarbil
8962,libretto,125,1,8,525,1366,238,132,otterbil
8963,license,125,1,9,584,1492,213,89,esnecil
8964,licensed,125,1,10,595,1598,203,95,desnecil
8965,licensee,125,1,11,581,1719,196,99,eesnecil
8966,licentiate,125,1,12,599,1842,201,135,etaitnecil
8967,lichen,125,1,13,538,1986,317,45,nehcil
8968,licorice,125,1,14,540,2102,301,44,ecirocil
8969,lictor,125,1,15,492,2191,259,68,rotcil
8970,liege,125,1,16,517,2328,193,120,egeil
8971,lien,125,1,17,505,2460,222,44,neil
8972,lieu,125,1,18,507,2578,206,33,ueil
8973,lieutenant,125,1,19,524,2641,338,93,tnanetueil
8974,life,125,1,20,486,2801,215,96,efil
8975,lifeless,125,1,21,501,2925,236,123,sselefil
8976,lifelike,125,1,22,528,3049,266,117,ekilefil
8977,lifelong,125,1,23,551,3180,304,111,gnolefil
8978,lifetime,125,1,24,571,3303,326,94,emitefil
8979,lives,125,1,25,522,3412,208,164,sevil
8980,lift,125,2,1,1313,496,201,91,tfil
8981,ligate,125,2,2,1370,638,316,52,etagil
8982,ligament,125,2,3,1368,767,431,35,tnemagil
8983,ligation,125,2,4,1371,864,339,58,noitagil
8984,ligature,125,2,5,1361,994,401,51,erutagil
8985,light,125,2,6,1345,1110,221,56,thgil
8986,alight,125,2,7,1354,1214,202,56,thgila
8987,delightful,125,2,8,1406,1291,301,106,lufthgiled
8988,enlightenment,125,2,9,1474,1486,394,58,tnemnethgilne
8989,lighted,125,2,10,1404,1596,221,60,dethgil
8990,lighten,125,2,11,1406,1719,234,54,nethgil
8991,lightened,125,2,12,1418,1802,266,94,denethgil
8992,lighter,125,2,13,1390,1957,254,55,rethgil
8993,lightest,125,2,14,1380,2076,206,68,tsethgil
8994,lighthouse,125,2,15,1420,2186,225,88,esuohthgil
8995,lightly,125,2,16,1412,2326,206,54,ylthgil
8996,light-minded,125,2,17,1458,2453,332,51,dednim-thgil
8997,lightness,125,2,18,1405,2573,270,53,ssenthgil
8998,lightning,125,2,19,1405,2697,235,49,gninthgil
8999,lights,125,2,20,1387,2818,214,69,sthgil
9000,lightship,125,2,21,1408,2935,199,71,pihsthgil
9001,lightsome,125,2,22,1399,3057,272,67,emosthgil
9002,relight,125,2,23,1355,3186,259,44,thgiler
9003,ligneous,125,2,24,1336,3307,348,59,suoengil
9004,lignify,125,2,25,1341,3430,324,85,yfingil
9005,lignite,125,3,1,2150,511,380,47,etingil
9006,like,125,3,2,2155,628,216,51,ekil
9007,dislike,125,3,3,2140,716,277,78,ekilsid
9008,likable,125,3,4,2198,870,198,145,elbakil
9009,likelihood,125,3,5,2234,996,256,84,doohilekil
9010,likely,125,3,6,2197,1118,188,54,ylekil
9011,liken,125,3,7,2197,1249,224,47,nekil
9012,likened,125,3,8,2183,1316,261,96,denekil
9013,likeness,125,3,9,2182,1480,284,54,ssenekil
9014,likes,125,3,10,2192,1606,206,58,sekil
9015,likewise,125,3,11,2193,1728,217,64,esiwekil
9016,unlikely,125,3,12,2186,1856,249,54,ylekilnu
9017,lilac,125,3,13,2080,1969,405,63,calil
9018,lilt,125,3,14,2061,2087,340,53,tlil
9019,lily,125,3,15,2073,2219,313,43,ylil
9020,limber,125,3,16,2063,2337,282,113,rebmil
9021,lime,125,3,17,2037,2448,296,55,emil
9022,limekiln,125,3,18,2145,2577,481,48,nlikemil
9023,limelight,125,3,19,2166,2694,437,60,thgilemil
9024,limewater,125,3,20,2217,2785,340,82,retawemil
9025,limit,125,3,21,2136,2927,305,58,timil
9026,limitable,125,3,22,2179,3055,303,130,elbatimil
9027,limitation,125,3,23,2202,3176,300,53,noitatimil
9028,limited,125,3,24,2146,3215,470,128,detimil
9029,limitless,125,3,25,2166,3401,433,62,sseltimil
9030,limousine,126,1,1,690,514,316,46,enisuomil
9031,limpid,126,1,2,660,633,354,82,dipmil
9032,limpidity,126,1,3,680,709,405,128,ytidipmil
9033,linden,126,1,4,697,830,314,89,nednil
9034,line,126,1,5,662,976,237,61,enil
9035,align,126,1,6,660,1100,271,61,ngila
9036,lineage,126,1,7,681,1234,183,114,egaenil
9037,lineal,126,1,8,681,1358,370,43,laenil
9038,lineament,126,1,9,718,1482,348,44,tnemaenil
9039,linear,126,1,10,680,1587,251,59,raenil
9040,lined,126,1,11,690,1669,246,99,denil
9041,lineman,126,1,12,672,1840,386,53,namenil
9042,liner,126,1,13,685,1970,243,48,renil
9043,reline,126,1,14,662,2077,298,52,eniler
9044,unlined,126,1,15,681,2180,323,89,denilnu
9045,linen,126,1,16,634,2339,283,41,nenil
9046,linger,126,1,17,621,2454,250,43,regnil
9047,lingerie,126,1,18,629,2563,284,66,eiregnil
9048,lingual,126,1,19,632,2701,383,58,laugnil
9049,linguist,126,1,20,692,2819,271,53,tsiugnil
9050,linguistic,126,1,21,718,2931,271,80,citsiugnil
9051,linguistics,126,1,22,741,3072,275,74,scitsiugnil
9052,liniment,126,1,23,656,3190,344,38,tneminil
9053,linkage,126,1,24,688,3310,253,136,egaknil
9054,linoleum,126,1,25,658,3437,357,42,muelonil
9055,linotype,126,2,1,1457,465,341,102,epytonil
9056,lintel,126,2,2,1450,586,399,87,letnil
9057,lion,126,2,3,1437,739,266,55,noil
9058,lioness,126,2,4,1477,856,265,58,ssenoil
9059,lionize,126,2,5,1478,980,308,66,ezinoil
9060,liquid,126,2,6,1458,1060,348,119,diuqil
9061,liquefaction,126,2,7,1609,1243,257,118,noitcafeuqil
9062,liquefiable,126,2,8,1694,1361,247,171,elbaifeuqil
9063,liquefy,126,2,9,1557,1489,247,91,yfeuqil
9064,liquescent,126,2,10,1559,1599,325,67,tnecseuqil
9065,liquidate,126,2,11,1551,1637,394,146,etadiuqil
9066,liquidation,126,2,12,1568,1789,348,113,noitadiuqil
9067,liquidator,126,2,13,1541,1885,367,144,rotadiuqil
9068,liquidity,126,2,14,1505,2009,374,141,ytidiuqil
9069,liquor,126,2,15,1495,2221,308,41,rouqil
9070,lira,126,2,16,1472,2327,275,59,aril
9071,lire,126,2,17,1446,2441,281,79,eril
9072,lissom,126,2,18,1441,2588,292,55,mossil
9073,list,126,2,19,1462,2706,197,40,tsil
9074,enlist,126,2,20,1450,2822,236,41,tsilne
9075,listless,126,2,21,1474,2947,329,56,sseltsil
9076,lists,126,2,22,1483,3064,201,59,stsil
9077,reenlist,126,2,23,1480,3180,319,37,tsilneer
9078,listen,126,2,24,1490,3312,232,56,netsil
9079,listened,126,2,25,1492,3400,278,80,denetsil
9080,listener,126,3,1,2346,507,225,55,renetsil
9081,liter,126,3,2,2320,587,226,73,retil
9082,literate,126,3,3,2343,727,220,62,etaretil
9083,illiterate,126,3,4,2349,863,243,49,etaretilli
9084,literacy,126,3,5,2356,981,226,56,ycaretil
9085,literal,126,3,6,2303,1097,368,64,laretil
9086,literalism,126,3,7,2373,1219,440,62,msilaretil
9087,literality,126,3,8,2359,1343,390,55,ytilaretil
9088,literalize,126,3,9,2358,1458,386,72,ezilaretil
9089,literary,126,3,10,2338,1575,323,77,yraretil
9090,literature,126,3,11,2379,1704,307,64,erutaretil
9091,transliterate,126,3,12,2438,1810,249,84,etaretilsnart
9092,litharge,126,3,13,2311,1940,280,130,egrahtil
9093,lithe,126,3,14,2341,2075,228,59,ehtil
9094,lithesome,126,3,15,2358,2196,343,64,emosehtil
9095,lithia,126,3,16,2325,2306,237,74,aihtil
9096,lithium,126,3,17,2336,2428,344,71,muihtil
9097,lithograph,126,3,18,2354,2557,239,67,hpargohtil
9098,litigate,126,3,19,2287,2660,369,84,etagitil
9099,litigable,126,3,20,2331,2763,361,148,elbagitil
9100,litigant,126,3,21,2309,2868,443,122,tnagitil
9101,litigation,126,3,22,2341,3045,221,57,noitagitil
9102,litigious,126,3,23,2358,3148,218,160,suoigitil
9103,litmus,126,3,24,2343,3275,326,72,sumtil
9104,litter,126,3,25,2309,3391,225,76,rettil
9105,little,127,1,1,521,514,207,48,elttil
9106,littoral,127,1,2,500,610,451,64,larottil
9107,liturgy,127,1,3,584,743,225,119,ygrutil
9108,liturgic,127,1,4,594,870,209,123,cigrutil
9109,live,127,1,5,538,1004,185,133,evil
9110,live,127,1,6,514,1106,220,141,evil
9111,lived,127,1,7,608,1239,176,136,devil
9112,livelihood,127,1,8,695,1354,200,147,doohilevil
9113,liveliness,127,1,9,663,1486,203,129,ssenilevil
9114,livelong,127,1,10,680,1607,296,126,gnolevil
9115,liver,127,1,11,528,1726,188,140,revil
9116,livery,127,1,12,579,1852,185,132,yrevil
9117,livid,127,1,13,587,1977,193,125,divil
9118,lizard,127,1,14,558,2104,300,85,drazil
9119,loaf,127,1,15,562,2221,200,78,faol
9120,loaves,127,1,16,569,2342,190,143,sevaol
9121,loam,127,1,17,530,2477,293,34,maol
9122,loathe,127,1,18,556,2568,204,64,ehtaol
9123,loathful,127,1,19,573,2702,218,73,lufhtaol
9124,loathly,127,1,20,572,2811,206,65,ylhtaol
9125,loathsome,127,1,21,614,2936,327,48,emoshtaol
9126,lobby,127,1,22,578,3068,184,122,ybbol
9127,lobbyist,127,1,23,587,3202,194,134,tsiybbol
9128,lobster,127,1,24,454,3324,183,153,retsbol
9129,local,127,1,25,628,3445,243,33,lacol
9130,localism,127,2,1,1430,528,340,57,msilacol
9131,locality,127,2,2,1432,641,383,60,ytilacol
9132,localization,127,2,3,1512,778,274,95,noitazilacol
9133,localize,127,2,4,1459,894,269,69,ezilacol
9134,locally,127,2,5,1408,1019,293,33,yllacol
9135,locate,127,2,6,1401,1131,273,33,etacol
9136,allocate,127,2,7,1419,1232,259,58,etacolla
9137,dislocate,127,2,8,1396,1340,377,70,etacolsid
9138,location,127,2,9,1422,1500,255,46,noitacol
9139,lock,127,2,10,1373,1622,242,33,kcol
9140,locker,127,2,11,1383,1742,316,32,rekcol
9141,locket,127,2,12,1401,1858,294,49,tekcol
9142,lockjaw,127,2,13,1399,1993,260,131,wajkcol
9143,lockout,127,2,14,1454,2108,280,59,tuokcol
9144,locksmith,127,2,15,1423,2235,396,56,htimskcol
9145,locomotion,127,2,16,1404,2353,410,47,noitomocol
9146,locomotive,127,2,17,1399,2467,437,84,evitomocol
9147,locus,127,2,18,1352,2603,244,55,sucol
9148,loci,127,2,19,1402,2718,178,81,icol
9149,locust,127,2,20,1362,2838,267,53,tsucol
9150,lodge,127,2,21,1401,2958,180,128,egdol
9151,lodger,127,2,22,1402,3088,180,126,regdol
9152,lodgment,127,2,23,1447,3204,250,117,tnemgdol
9153,loft,127,2,24,1302,3315,193,81,tfol
9154,loftily,127,2,25,1368,3446,195,94,ylitfol
9155,loftiness,127,3,1,2271,521,277,82,ssenitfol
9156,logarithm,127,3,2,2169,641,552,50,mhtiragol
9157,loggia,127,3,3,2224,766,177,138,aiggol
9158,logic,127,3,4,2358,880,186,151,cigol
9159,illogical,127,3,5,2242,1010,226,123,lacigolli
9160,logical,127,3,6,2232,1140,204,138,lacigol
9161,logician,127,3,7,2240,1271,166,137,naicigol
9162,logotype,127,3,8,2226,1361,374,108,epytogol
9163,logwood,127,3,9,2183,1446,466,95,doowgol
9164,loiter,127,3,10,2209,1584,250,80,retiol
9165,loitered,127,3,11,2223,1663,351,129,deretiol
9166,loiterer,127,3,12,2222,1835,331,73,reretiol
9167,lone,127,3,13,2209,1989,241,33,enol
9168,loneliness,127,3,14,2275,2109,307,44,ssenilenol
9169,lonesome,127,3,15,2278,2231,341,36,emosenol
9170,lonesomeness,127,3,16,2347,2354,365,43,ssenemosenol
9171,long,127,3,17,2238,2476,227,32,gnol
9172,belong,127,3,18,2278,2521,212,119,gnoleb
9173,elongate,127,3,19,2277,2696,285,77,etagnole
9174,longboat,127,3,20,2263,2834,222,138,taobgnol
9175,longed,127,3,21,2262,2966,312,63,degnol
9176,longer,127,3,22,2257,3081,255,38,regnol
9177,longest,127,3,23,2263,3193,277,39,tsegnol
9178,longevity,127,3,24,2252,3327,204,233,ytivegnol
9179,longhand,127,3,25,2409,3391,265,101,dnahgnol
9180,longhorn,128,1,1,696,500,326,53,nrohgnol
9181,longitude,128,1,2,734,628,203,133,edutignol
9182,longitudinal,128,1,3,770,746,415,109,lanidutignol
9183,longshoreman,128,1,4,804,882,447,80,namerohsgnol
9184,prolong,128,1,5,730,965,315,77,gnolorp
9185,look,128,1,6,671,1116,202,34,kool
9186,outlook,128,1,7,666,1233,264,69,kooltuo
9187,loop,128,1,8,664,1357,205,76,pool
9188,loophole,128,1,9,701,1479,307,99,elohpool
9189,loose,128,1,10,641,1603,196,56,esool
9190,loosen,128,1,11,647,1726,204,63,nesool
9191,loosened,128,1,12,684,1830,248,75,denesool
9192,looseness,128,1,13,685,1980,253,69,ssenesool
9193,loquacious,128,1,14,667,2098,292,68,suoicauqol
9194,loquacity,128,1,15,697,2215,251,63,yticauqol
9195,lord,128,1,16,652,2288,261,81,drol
9196,lordliness,128,1,17,691,2374,320,110,ssenildrol
9197,lordship,128,1,18,691,2516,269,86,pihsdrol
9198,lore,128,1,19,622,2697,238,33,erol
9199,lorgnette,128,1,20,622,2772,331,75,ettengrol
9200,lose,128,1,21,637,2938,186,55,esol
9201,losable,128,1,22,641,3047,169,167,elbasol
9202,loss,128,1,23,759,3181,183,57,ssol
9203,lost,128,1,24,715,3300,207,53,tsol
9204,lottery,128,1,25,606,3393,286,61,yrettol
9205,lotus,128,2,1,1416,502,256,54,sutol
9206,loud,128,2,2,1411,613,233,66,duol
9207,louder,128,2,3,1440,748,301,56,reduol
9208,loudest,128,2,4,1453,861,248,66,tseduol
9209,loudly,128,2,5,1471,992,227,71,ylduol
9210,loudness,128,2,6,1481,1120,285,56,ssenduol
9211,lounge,128,2,7,1438,1252,215,125,egnuol
9212,love,128,2,8,1456,1367,172,120,evol
9213,lovable,128,2,9,1437,1489,149,176,elbavol
9214,loveless,128,2,10,1548,1605,251,110,sselevol
9215,loveliness,128,2,11,1543,1726,160,139,ssenilevol
9216,lovely,128,2,12,1476,1854,162,115,ylevol
9217,lover,128,2,13,1542,1975,176,125,revol
9218,lovesick,128,2,14,1546,2097,165,151,kcisevol
9219,unlovable,128,2,15,1602,2231,194,169,elbavolnu
9220,low,128,2,16,1421,2335,182,31,wol
9221,lowborn,128,2,17,1480,2451,187,137,nrobwol
9222,lowboy,128,2,18,1507,2575,188,128,yobwol
9223,lower,128,2,19,1487,2702,244,35,rewol
9224,lowermost,128,2,20,1499,2828,382,38,tsomrewol
9225,lowest,128,2,21,1504,2942,250,50,tsewol
9226,lowland,128,2,22,1457,2991,391,105,dnalwol
9227,lowliness,128,2,23,1494,3152,247,58,ssenilwol
9228,lowness,128,2,24,1510,3303,263,39,ssenwol
9229,low-pressure,128,2,25,1591,3419,195,113,erusserp-wol
9230,low-spirited,128,3,1,2425,519,236,128,detirips-wol
9231,loyal,128,3,2,2300,622,209,51,layol
9232,loyalist,128,3,3,2307,737,244,72,tsilayol
9233,loyalty,128,3,4,2315,857,193,53,ytlayol
9234,lubricate,128,3,5,2302,995,231,112,etacirbul
9235,lubricant,128,3,6,2355,1115,302,113,tnacirbul
9236,lubrication,128,3,7,2402,1241,206,131,noitacirbul
9237,lubricator,128,3,8,2365,1362,310,154,rotacirbul
9238,lucent,128,3,9,2189,1465,253,88,tnecul
9239,lucid,128,3,10,2285,1600,272,97,dicul
9240,lucidity,128,3,11,2275,1693,350,130,ytidicul
9241,luck,128,3,12,2253,1850,241,30,kcul
9242,luckily,128,3,13,2275,1974,272,29,ylikcul
9243,luckiness,128,3,14,2326,2093,291,44,ssenikcul
9244,luckless,128,3,15,2276,2206,390,39,sselkcul
9245,lucrative,128,3,16,2252,2292,412,96,evitarcul
9246,lucubration,128,3,17,2307,2451,254,140,noitarbucul
9247,ludicrous,128,3,18,2321,2541,373,83,suorcidul
9248,luggage,128,3,19,2284,2695,315,125,egaggul
9249,lugubrious,128,3,20,2427,2828,295,138,suoirbugul
9250,lukewarm,128,3,21,2284,2946,365,52,mrawekul
9251,lumbago,128,3,22,2266,3065,355,141,ogabmul
9252,lumber,128,3,23,2311,3194,310,115,rebmul
9253,luminous,128,3,24,2283,3312,385,59,suonimul
9254,luminary,128,3,25,2302,3426,414,32,yranimul
9255,luminescent,129,1,1,551,475,436,87,tnecsenimul
9256,luminosity,129,1,2,596,597,364,56,ytisonimul
9257,lump,129,1,3,521,720,294,65,pmul
9258,lunar,129,1,4,536,826,288,44,ranul
9259,lunacy,129,1,5,542,964,251,60,ycanul
9260,lunatic,129,1,6,535,1089,257,76,citanul
9261,lunch,129,1,7,551,1221,208,71,hcnul
9262,luncheon,129,1,8,566,1332,226,80,noehcnul
9263,lurch,129,1,9,490,1460,251,76,hcrul
9264,lure,129,1,10,508,1589,239,31,erul
9265,lurid,129,2,1,1279,415,363,101,dirul
9266,lurk,129,2,2,1282,596,274,29,krul
9267,luscious,129,2,3,1327,720,192,89,suoicsul
9268,luster,129,2,4,1338,827,231,68,retsul
9269,lustrous,129,2,5,1369,962,306,64,suortsul
9270,lute,129,2,6,1306,1075,233,47,etul
9271,Lutheran,129,2,7,1328,1175,333,98,narehtuL
9272,luxury,129,2,8,1358,1330,200,58,yruxul
9273,luxuriance,129,2,9,1439,1456,233,70,ecnairuxul
9274,luxuriant,129,2,10,1411,1557,273,79,tnairuxul
9275,luxuriate,129,3,1,2242,472,260,57,etairuxul
9276,luxurious,129,3,2,2234,597,234,93,suoiruxul
9277,lyceum,129,3,3,2191,711,277,86,muecyl
9278,lymphatic,129,3,4,2188,839,312,98,citahpmyl
9279,lynx,129,3,5,2166,972,286,62,xnyl
9280,lyonnaise,129,3,6,2185,1078,301,55,esiannoyl
9281,lyre,129,3,7,2163,1195,247,61,eryl
9282,lyric,129,3,8,2162,1340,291,40,ciryl
9283,lyrical,129,3,9,2163,1451,277,65,laciryl
9284,lyricism,129,3,10,2178,1573,270,61,msiciryl
9285,macabre,130,1,2,529,649,222,137,erbacam
9286,macadam,130,1,3,807,716,252,105,madacam
9287,macadamize,130,1,4,845,840,209,118,ezimadacam
9288,macaroni,130,1,5,585,1008,363,55,inoracam
9289,macaroon,130,1,6,592,1133,329,55,nooracam
9290,macerate,130,1,7,620,1238,228,116,etarecam
9291,maceration,130,1,8,683,1364,243,91,noitarecam
9292,machete,130,1,9,667,1472,164,105,etehcam
9293,machicolation,130,1,10,698,1599,288,116,noitalocihcam
9294,machination,130,1,11,690,1741,259,54,noitanihcam
9295,machine,130,1,12,674,1843,184,63,enihcam
9296,machinery,130,1,13,684,1965,224,75,yrenihcam
9297,machinist,130,1,14,696,2098,186,79,tsinihcam
9298,mackerel,130,1,15,574,2234,433,53,lerekcam
9299,macrocosm,130,1,16,592,2359,469,52,msocorcam
9300,microcosm,130,1,17,646,2480,486,55,msocorcim
9301,macron,130,1,18,570,2607,298,54,norcam
9302,maculate,130,1,19,638,2699,246,56,etalucam
9303,immaculate,130,1,20,730,2833,235,56,etalucammi
9304,mad,130,1,21,643,2907,249,102,dam
9305,madhouse,130,1,22,677,2989,261,139,esuohdam
9306,madman,130,1,23,637,3126,391,123,namdam
9307,madness,130,1,24,657,3243,291,128,ssendam
9308,madam,130,1,25,625,3368,357,121,madam
9309,madrigal,130,2,1,1381,458,548,121,lagirdam
9310,magazine,130,2,2,1416,632,293,68,enizagam
9311,magenta,130,2,3,1394,750,236,107,atnegam
9312,maggot,130,2,4,1390,876,328,73,toggam
9313,Magi,130,2,5,1409,992,197,146,igaM
9314,magic,130,2,6,1440,1109,192,135,cigam
9315,magician,130,2,7,1461,1240,196,152,naicigam
9316,magistrate,130,2,8,1497,1352,182,133,etartsigam
9317,magisterial,130,2,9,1501,1475,306,140,lairetsigam
9318,magistracy,130,2,10,1487,1589,176,160,ycartsigam
9319,magistral,130,2,11,1524,1725,312,138,lartsigam
9320,magistrature,130,2,12,1526,1844,306,139,erutartsigam
9321,magnanimous,130,2,13,1642,1970,163,49,suominangam
9322,magnanimity,130,2,14,1559,2066,223,103,ytiminangam
9323,magnate,130,2,15,1492,2188,141,90,etangam
9324,magnesium,130,2,16,1517,2313,168,72,muisengam
9325,magnesia,130,2,17,1541,2423,161,88,aisengam
9326,magnet,130,2,18,1499,2561,144,69,tengam
9327,magnetic,130,2,19,1520,2670,203,71,citengam
9328,magnetically,130,2,20,1575,2793,152,104,yllacitengam
9329,magnetism,130,2,21,1560,2916,236,67,msitengam
9330,magnetization,130,2,22,1620,3013,149,115,noitazitengam
9331,magnetize,130,2,23,1550,3156,154,79,ezitengam
9332,magneto,130,2,24,1537,3279,152,74,otengam
9333,magnificent,130,2,25,1532,3384,173,96,tnecifingam
9334,magnificence,130,3,1,2479,462,140,106,ecnecifingam
9335,magnifico,130,3,2,2432,584,157,107,ocifingam
9336,magnify,130,3,3,2382,711,143,95,yfingam
9337,magnification,130,3,4,2432,830,146,100,noitacifingam
9338,magnifier,130,3,5,2403,951,131,103,reifingam
9339,magniloquent,130,3,6,2378,1082,239,76,tneuqolingam
9340,magnitude,130,3,7,2352,1217,155,70,edutingam
9341,magnolia,130,3,8,2328,1334,238,72,ailongam
9342,magpie,130,3,9,2256,1486,283,104,eipgam
9343,maharaja,130,3,10,2286,1600,233,151,ajaraham
9344,mahogany,130,3,11,2264,1743,341,47,ynagoham
9345,maid,130,3,12,2276,1806,228,107,diam
9346,maiden,130,3,13,2301,1962,206,82,nediam
9347,maidenhair,130,3,14,2338,2010,316,155,riahnediam
9348,maidenhood,130,3,15,2381,2155,312,120,doohnediam
9349,maidenly,130,3,16,2348,2311,204,94,ylnediam
9350,mail,130,3,17,2343,2452,178,42,liam
9351,mailable,130,3,18,2337,2578,181,145,elbaliam
9352,mailed,130,3,19,2388,2707,203,54,deliam
9353,mailer,130,3,20,2370,2813,205,63,reliam
9354,unmailable,130,3,21,2364,2936,221,147,elbaliamnu
9355,maim,130,3,22,2312,3093,248,42,miam
9356,maimed,130,3,23,2317,3112,252,142,demiam
9357,main,130,3,24,2310,3320,183,40,niam
9358,mainland,130,3,25,2274,3382,424,105,dnalniam
9359,mainly,131,1,1,546,522,223,42,ylniam
9360,mainmast,131,1,2,543,617,378,71,tsamniam
9361,mainsail,131,1,3,541,775,364,62,liasniam
9362,mainspring,131,1,4,590,890,302,89,gnirpsniam
9363,mainstay,131,1,5,566,1004,256,52,yatsniam
9364,maintain,131,1,6,561,1069,351,85,niatniam
9365,maintainable,131,1,7,643,1184,321,132,elbaniatniam
9366,maintained,131,1,8,604,1287,401,122,deniatniam
9367,maintenance,131,1,9,622,1424,367,101,ecnanetniam
9368,majesty,131,1,10,548,1593,192,147,ytsejam
9369,majestic,131,1,11,540,1723,199,133,citsejam
9370,majolica,131,1,12,533,1840,308,134,acilojam
9371,major,131,1,13,494,1970,191,121,rojam
9372,majority,131,1,14,546,2085,193,114,ytirojam
9373,make,131,1,15,527,2222,228,59,ekam
9374,make-believe,131,1,16,646,2343,224,128,eveileb-ekam
9375,maker,131,1,17,493,2477,267,54,rekam
9376,makeshift,131,1,18,576,2579,241,139,tfihsekam
9377,make-up,131,1,19,595,2712,238,113,pu-ekam
9378,unmake,131,1,20,564,2843,268,59,ekamnu
9379,maladjustment,131,1,21,602,2929,303,140,tnemtsujdalam
9380,maladministration,131,1,22,600,3100,465,86,noitartsinimdalam
9381,maladroit,131,1,23,524,3148,472,101,tiordalam
9382,malady,131,1,24,467,3268,438,96,ydalam
9383,malapert,131,1,25,481,3424,306,115,trepalam
9384,malapropos,131,2,1,1363,498,300,138,soporpalam
9385,malaria,131,2,2,1292,621,401,61,airalam
9386,malarial,131,2,3,1327,733,537,57,lairalam
9387,malassimilation,131,2,4,1366,890,492,105,noitalimissalam
9388,malcontent,131,2,5,1330,978,455,72,tnetnoclam
9389,male,131,2,6,1384,1101,175,53,elam
9390,female,131,2,7,1363,1211,243,88,elamef
9391,malediction,131,2,8,1342,1316,473,95,noitcidelam
9392,maledictory,131,2,9,1413,1419,521,114,yrotcidelam
9393,malefactor,131,2,10,1407,1605,346,123,rotcafelam
9394,maleficent,131,2,11,1367,1719,310,112,tnecifelam
9395,malevolent,131,2,12,1372,1839,276,112,tnelovelam
9396,malfeasance,131,2,13,1403,1967,285,146,ecnasaeflam
9397,malformation,131,2,14,1401,2102,354,102,noitamroflam
9398,malice,131,2,15,1359,2217,311,58,ecilam
9399,malicious,131,2,16,1374,2332,284,72,suoicilam
9400,malign,131,2,17,1303,2450,354,53,ngilam
9401,malignancy,131,2,18,1333,2616,444,52,ycnangilam
9402,malignant,131,2,19,1385,2693,415,59,tnangilam
9403,malignity,131,2,20,1384,2802,486,76,ytingilam
9404,malignly,131,2,21,1388,2936,359,50,ylngilam
9405,malinger,131,2,22,1392,3063,370,58,regnilam
9406,malingerer,131,2,23,1394,3188,414,70,reregnilam
9407,malleable,131,2,24,1376,3297,271,129,elbaellam
9408,malleability,131,2,25,1450,3432,270,142,ytilibaellam
9409,malnutrition,131,3,1,2204,488,479,60,noitirtunlam
9410,malodorous,131,3,2,2191,568,390,88,suorodolam
9411,malpractice,131,3,3,2197,727,349,94,ecitcarplam
9412,malt,131,3,4,2135,872,324,51,tlam
9413,Maltese,131,3,5,2143,955,341,112,esetlaM
9414,maltreat,131,3,6,2127,1065,441,86,taertlam
9415,malversation,131,3,7,2225,1222,277,166,noitasrevlam
9416,mammoth,131,3,8,2233,1352,254,56,htommam
9417,man,131,3,9,2219,1500,190,42,nam
9418,manhole,131,3,10,2180,1590,360,75,elohnam
9419,manhood,131,3,11,2199,1717,299,79,doohnam
9420,mankind,131,3,12,2196,1853,307,55,dniknam
9421,manly,131,3,13,2205,1988,225,44,ylnam
9422,manslaughter,131,3,14,2280,2087,394,70,rethgualsnam
9423,men,131,3,15,2206,2236,215,18,nem
9424,unmanned,131,3,16,2219,2300,266,92,dennamnu
9425,manacle,131,3,17,2195,2477,239,40,elcanam
9426,manage,131,3,18,2256,2595,197,107,eganam
9427,manageability,131,3,19,2315,2713,221,176,ytilibaeganam
9428,manageable,131,3,20,2245,2840,190,184,elbaeganam
9429,management,131,3,21,2354,2970,289,107,tnemeganam
9430,manager,131,3,22,2284,3085,202,120,reganam
9431,managerial,131,3,23,2273,3205,348,118,laireganam
9432,managerially,131,3,24,2284,3334,256,114,yllaireganam
9433,managership,131,3,25,2309,3459,208,113,pihsreganam
9434,unmanageable,132,1,1,718,522,215,193,elbaeganamnu
9435,manatee,132,1,2,534,617,282,78,eetanam
9436,mandamus,132,1,3,616,680,424,110,sumadnam
9437,mandarin,132,1,4,597,805,411,114,niradnam
9438,mandate,132,1,5,573,904,410,140,etadnam
9439,mandatory,132,1,6,595,1023,413,134,yrotadnam
9440,mandible,132,1,7,580,1194,326,123,elbidnam
9441,mandolin,132,1,8,586,1326,446,77,nilodnam
9442,maneuver,132,1,9,582,1497,233,146,revuenam
9443,manganese,132,1,10,695,1619,306,77,esenagnam
9444,manger,132,1,11,589,1739,208,124,regnam
9445,mangy,132,1,12,575,1876,200,112,ygnam
9446,mania,132,1,13,556,1995,271,43,ainam
9447,maniac,132,1,14,601,2103,280,55,cainam
9448,maniacal,132,1,15,621,2241,246,45,lacainam
9449,manicure,132,1,16,571,2350,309,33,erucinam
9450,manicurist,132,1,17,637,2466,321,41,tsirucinam
9451,manifest,132,1,18,658,2594,236,82,tsefinam
9452,manifestation,132,1,19,721,2724,205,107,noitatsefinam
9453,manifestly,132,1,20,697,2843,221,103,yltsefinam
9454,manifesto,132,1,21,665,2957,226,103,otsefinam
9455,manifold,132,1,22,600,3087,344,85,dlofinam
9456,manifolder,132,1,23,619,3207,390,82,redlofinam
9457,manikin,132,1,24,598,3322,323,35,nikinam
9458,manipulate,132,1,25,598,3441,236,83,etalupinam
9459,manner,132,2,1,1424,514,251,30,rennam
9460,mannerism,132,2,2,1444,635,363,45,msirennam
9461,mannerless,132,2,3,1436,760,372,33,sselrennam
9462,mannerly,132,2,4,1459,880,213,32,ylrennam
9463,unmannerly,132,2,5,1509,998,274,36,ylrennamnu
9464,manor,132,2,6,1429,1129,225,25,ronam
9465,manorial,132,2,7,1383,1260,424,31,laironam
9466,mansion,132,2,8,1399,1389,216,38,noisnam
9467,mantelpiece,132,2,9,1391,1479,394,102,eceipletnam
9468,manual,132,2,10,1373,1628,398,28,launam
9469,manually,132,2,11,1399,1739,391,35,yllaunam
9470,manufacture,132,2,12,1471,1866,220,73,erutcafunam
9471,manufactory,132,2,13,1492,1983,318,81,yrotcafunam
9472,manufacturer,132,2,14,1529,2108,253,79,rerutcafunam
9473,manumission,132,2,15,1444,2238,325,35,noissimunam
9474,manure,132,2,16,1418,2349,298,27,erunam
9475,manuscript,132,2,17,1404,2475,329,50,tpircsunam
9476,many,132,2,18,1406,2594,240,26,ynam
9477,maple,132,2,19,1409,2703,285,85,elpam
9478,maraschino,132,2,20,1402,2816,347,76,onihcsaram
9479,maraud,132,2,21,1369,2916,326,78,duaram
9480,marauder,132,2,22,1411,3016,325,95,reduaram
9481,marble,132,2,23,1388,3181,213,150,elbram
9482,march,132,2,24,1334,3297,176,95,hcram
9483,marcher,132,2,25,1402,3414,180,113,rehcram
9484,marconigram,132,3,1,2269,494,410,117,marginocram
9485,mare,132,3,2,2272,627,169,40,eram
9486,margin,132,3,3,2246,727,207,132,nigram
9487,marginal,132,3,4,2267,860,290,127,lanigram
9488,marginalia,132,3,5,2293,992,275,126,ailanigram
9489,marginally,132,3,6,2302,1117,180,119,yllanigram
9490,margrave,132,3,7,2151,1228,417,151,evargram
9491,marigold,132,3,8,2130,1337,502,83,dlogiram
9492,marine,132,3,9,2187,1472,269,51,eniram
9493,mariner,132,3,10,2233,1608,261,48,reniram
9494,submarine,132,3,11,2273,1724,299,49,enirambus
9495,ultramarine,132,3,12,2294,1803,345,88,eniramartlu
9496,marionette,132,3,13,2211,1957,330,50,ettenoiram
9497,marital,132,3,14,2155,2082,415,53,latiram
9498,maritime,132,3,15,2189,2167,387,94,emitiram
9499,mark,132,3,16,2206,2332,263,49,kram
9500,marked,132,3,17,2214,2450,288,45,dekram
9501,markedly,132,3,18,2232,2540,394,82,yldekram
9502,marker,132,3,19,2204,2695,344,48,rekram
9503,marksman,132,3,20,2250,2811,410,95,namskram
9504,unmarked,132,3,21,2268,2941,371,46,dekramnu
9505,market,132,3,22,2304,3078,213,28,tekram
9506,marketability,132,3,23,2335,3194,251,145,ytilibatekram
9507,marketable,132,3,24,2274,3320,208,121,elbatekram
9508,marmalade,132,3,25,2189,3393,513,84,edalamram
9509,marmoset,133,1,1,557,508,300,76,tesomram
9510,maroon,133,1,2,561,622,267,50,nooram
9511,marooned,133,1,3,576,713,321,79,denooram
9512,marquis,133,1,4,563,871,239,71,siuqram
9513,marquise,133,1,5,558,992,242,77,esiuqram
9514,marry,133,1,6,573,1116,237,49,yrram
9515,marriage,133,1,7,620,1232,185,140,egairram
9516,marriageable,133,1,8,833,1364,207,221,elbaegairram
9517,unmarried,133,1,9,567,1456,348,74,deirramnu
9518,marshal,133,1,10,552,1598,195,63,lahsram
9519,martial,133,1,11,525,1731,210,67,laitram
9520,martially,133,1,12,585,1850,193,98,yllaitram
9521,martyr,133,1,13,625,1962,198,83,rytram
9522,martyrdom,133,1,14,599,2024,367,140,modrytram
9523,marvel,133,1,15,594,2215,185,137,levram
9524,marvelous,133,1,16,609,2336,194,145,suolevram
9525,mascot,133,1,17,603,2466,272,70,tocsam
9526,masculine,133,1,18,596,2589,237,68,enilucsam
9527,masculinity,133,1,19,617,2700,333,75,ytinilucsam
9528,mason,133,1,20,583,2822,195,65,nosam
9529,masonry,133,1,21,559,2953,250,60,yrnosam
9530,massacre,133,1,22,569,3076,245,45,ercassam
9531,massage,133,1,23,537,3185,176,89,egassam
9532,massive,133,1,24,532,3304,203,154,evissam
9533,master,133,1,25,537,3443,192,50,retsam
9534,masterful,133,2,1,1491,511,201,101,lufretsam
9535,masterliness,133,2,2,1483,626,226,70,ssenilretsam
9536,masterly,133,2,3,1498,758,177,62,ylretsam
9537,masterpiece,133,2,4,1487,869,182,138,eceipretsam
9538,masters,133,2,5,1480,1004,188,89,sretsam
9539,mastership,133,2,6,1472,1126,207,91,pihsretsam
9540,masterwork,133,2,7,1457,1237,273,81,krowretsam
9541,mastery,133,2,8,1449,1364,211,66,yretsam
9542,masthead,133,2,9,1404,1470,292,85,daehtsam
9543,masticate,133,2,10,1403,1617,260,54,etacitsam
9544,mastication,133,2,11,1448,1742,285,53,noitacitsam
9545,mastiff,133,2,12,1362,1844,270,98,ffitsam
9546,mastodon,133,2,13,1339,1968,306,72,nodotsam
9547,matador,133,2,14,1340,2045,321,120,rodatam
9548,match,133,2,15,1352,2217,183,73,hctam
9549,matchless,133,2,16,1409,2326,254,111,sselhctam
9550,matchmaker,133,2,17,1452,2458,329,119,rekamhctam
9551,matchwood,133,2,18,1480,2577,248,106,doowhctam
9552,unmatched,133,2,19,1424,2707,258,94,dehctamnu
9553,material,133,2,20,1404,2815,237,78,lairetam
9554,immaterial,133,2,21,1437,2929,280,80,lairetammi
9555,materialism,133,2,22,1441,3046,381,92,msilairetam
9556,materialist,133,2,23,1455,3163,289,95,tsilairetam
9557,materialistic,133,2,24,1465,3288,299,84,citsilairetam
9558,materiality,133,2,25,1450,3405,373,82,ytilairetam
9559,materialization,133,3,1,2378,492,261,84,noitazilairetam
9560,materialize,133,3,2,2342,587,291,100,ezilairetam
9561,materially,133,3,3,2340,719,278,95,yllairetam
9562,maternal,133,3,4,2227,836,382,102,lanretam
9563,maternally,133,3,5,2272,936,243,110,yllanretam
9564,maternity,133,3,6,2281,1059,329,127,ytinretam
9565,mathematics,133,3,7,2301,1238,230,73,scitamehtam
9566,mathematician,133,3,8,2379,1337,247,99,naicitamehtam
9567,matinee,133,3,9,2229,1453,245,98,eenitam
9568,matricide,133,3,10,2226,1603,271,70,edicirtam
9569,matriculate,133,3,11,2233,1732,297,70,etalucirtam
9570,matrimony,133,3,12,2186,1832,455,80,ynomirtam
9571,matrimonial,133,3,13,2184,1985,528,77,lainomirtam
9572,matrimonially,133,3,14,2247,2118,418,76,yllainomirtam
9573,matrix,133,3,15,2220,2194,295,79,xirtam
9574,matrices,133,3,16,2232,2327,257,77,secirtam
9575,matron,133,3,17,2172,2452,300,74,nortam
9576,matter,133,3,18,2201,2562,177,69,rettam
9577,mattress,133,3,19,2182,2683,267,88,sserttam
9578,mature,133,3,20,2202,2813,253,83,erutam
9579,immature,133,3,21,2233,2928,285,80,erutammi
9580,maturity,133,3,22,2222,3047,260,76,ytirutam
9581,premature,133,3,23,2235,3158,337,101,erutamerp
9582,maudlin,133,3,24,2161,3267,396,88,nilduam
9583,mausoleum,133,3,25,2191,3457,387,63,muelosuam
9584,mauve,134,1,1,557,501,166,113,evuam
9585,maverick,134,1,2,555,595,185,144,kcirevam
9586,maxim,134,1,3,624,743,290,62,mixam
9587,maximum,134,1,4,575,857,354,61,mumixam
9588,mayhem,134,1,5,568,970,264,68,mehyam
9589,mayonnaise,134,1,6,586,1100,251,61,esiannoyam
9590,mayor,134,1,7,561,1217,214,49,royam
9591,mazurka,134,1,8,563,1339,280,85,akruzam
9592,meager,134,1,9,534,1469,333,49,regaem
9593,mean,134,1,10,571,1611,185,21,naem
9594,meanly,134,1,11,587,1732,202,24,ylnaem
9595,meanness,134,1,12,587,1852,275,36,ssennaem
9596,meantime,134,1,13,597,1893,380,97,emitnaem
9597,meanwhile,134,1,14,647,2076,269,41,elihwnaem
9598,meander,134,1,15,571,2158,331,98,rednaem
9599,measles,134,1,16,544,2329,301,66,selsaem
9600,measure,134,1,17,618,2449,176,55,erusaem
9601,commensurate,134,1,18,670,2565,356,57,etarusnemmoc
9602,measurably,134,1,19,645,2685,164,162,ylbarusaem
9603,measured,134,1,20,752,2813,200,76,derusaem
9604,measureless,134,1,21,652,2928,303,75,sselerusaem
9605,measurement,134,1,22,668,3059,266,56,tnemerusaem
9606,measurer,134,1,23,648,3169,221,70,rerusaem
9607,measures,134,1,24,633,3297,178,73,serusaem
9608,mechanic,134,1,25,544,3413,376,60,cinahcem
9609,mechanical,134,2,1,1483,491,316,54,lacinahcem
9610,mechanician,134,2,2,1521,622,277,47,naicinahcem
9611,mechanism,134,2,3,1466,743,407,46,msinahcem
9612,mechanization,134,2,4,1546,870,294,75,noitazinahcem
9613,mechanize,134,2,5,1471,978,352,61,ezinahcem
9614,medal,134,2,6,1414,1067,367,84,ladem
9615,medalist,134,2,7,1416,1165,393,108,tsiladem
9616,medallion,134,2,8,1424,1261,416,131,noilladem
9617,meddlesome,134,2,9,1407,1431,437,80,emoselddem
9618,median,134,2,10,1395,1517,258,113,naidem
9619,mediate,134,2,11,1404,1649,268,105,etaidem
9620,mediation,134,2,12,1438,1758,256,117,noitaidem
9621,mediative,134,2,13,1418,1849,390,148,evitaidem
9622,mediator,134,2,14,1398,2004,319,126,rotaidem
9623,medical,134,2,15,1423,2148,268,96,lacidem
9624,medicament,134,2,16,1481,2266,422,95,tnemacidem
9625,medicate,134,2,17,1453,2380,307,101,etacidem
9626,medication,134,2,18,1456,2504,320,95,noitacidem
9627,medicative,134,2,19,1472,2636,291,122,evitacidem
9628,medicinal,134,2,20,1455,2762,444,81,lanicidem
9629,medicine,134,2,21,1442,2885,280,86,enicidem
9630,medieval,134,2,22,1421,2989,251,134,laveidem
9631,medievally,134,2,23,1463,3096,225,154,yllaveidem
9632,mediocre,134,2,24,1424,3252,345,79,ercoidem
9633,mediocrity,134,2,25,1447,3367,346,81,ytircoidem
9634,meditate,134,3,1,2289,385,352,140,etatidem
9635,meditation,134,3,2,2290,553,292,103,noitatidem
9636,meditative,134,3,3,2263,636,388,144,evitatidem
9637,medium,134,3,4,2234,803,308,96,muidem
9638,media,134,3,5,2258,920,272,107,aidem
9639,mediums,134,3,6,2269,1045,280,104,smuidem
9640,meerschaum,134,3,7,2259,1238,322,53,muahcsreem
9641,melancholy,134,3,8,2275,1349,323,49,ylohcnalem
9642,melancholia,134,3,9,2312,1470,348,51,ailohcnalem
9643,melancholic,134,3,10,2301,1592,396,52,cilohcnalem
9644,meliorate,134,3,11,2259,1713,351,46,etaroilem
9645,ameliorate,134,3,12,2282,1831,389,53,etaroilema
9646,melioration,134,3,13,2298,1958,344,58,noitaroilem
9647,mellifluous,134,3,14,2228,2083,304,83,suoulfillem
9648,melodrama,134,3,15,2206,2158,501,90,amardolem
9649,melodramatic,134,3,16,2154,2298,553,106,citamardolem
9650,melody,134,3,17,2239,2400,380,87,ydolem
9651,melodeon,134,3,18,2247,2533,410,65,noedolem
9652,melodic,134,3,19,2214,2618,473,107,cidolem
9653,melodious,134,3,20,2238,2763,394,85,suoidolem
9654,melt,134,3,21,2223,2919,288,55,tlem
9655,member,134,3,22,2278,3063,200,104,rebmem
9656,membership,134,3,23,2307,3171,209,143,pihsrebmem
9657,memorandum,134,3,24,2351,3309,248,27,mudnaromem
9658,memoranda,134,3,25,2357,3421,267,35,adnaromem
9659,memorandums,135,1,1,716,566,242,46,smudnaromem
9660,memory,135,1,2,604,676,285,27,yromem
9661,commemorate,135,1,3,575,823,375,45,etaromemmoc
9662,memento,135,1,4,561,892,377,64,otnemem
9663,memoir,135,1,5,596,1055,292,42,riomem
9664,memorabilia,135,1,6,613,1174,366,128,ailibaromem
9665,memorable,135,1,7,580,1314,248,127,elbaromem
9666,memorial,135,1,8,535,1442,410,36,lairomem
9667,memorization,135,1,9,651,1549,317,78,noitaziromem
9668,memorize,135,1,10,610,1652,295,68,eziromem
9669,menace,135,1,11,571,1780,244,51,ecanem
9670,menage,135,1,12,543,1888,249,59,eganem
9671,menagerie,135,1,13,547,2000,229,126,eireganem
9672,mendacious,135,1,14,559,2052,340,125,suoicadnem
9673,mendacity,135,1,15,581,2196,323,95,yticadnem
9674,mendicant,135,1,16,506,2264,449,151,tnacidnem
9675,mendicancy,135,1,17,598,2438,399,95,ycnacidnem
9676,menial,135,1,18,498,2627,376,38,lainem
9677,meningitis,135,1,19,543,2757,255,116,sitigninem
9678,meniscus,135,1,20,560,2880,294,53,sucsinem
9679,mensuration,135,1,21,623,3003,234,65,noitarusnem
9680,commensurate,135,1,22,662,3130,306,44,etarusnemmoc
9681,dimension,135,1,23,625,3158,194,122,noisnemid
9682,mensurative,135,1,24,621,3353,330,73,evitarusnem
9683,mental,135,1,25,468,3470,429,46,latnem
9684,mentality,135,2,1,1382,547,364,43,ytilatnem
9685,mentally,135,2,2,1383,652,287,62,yllatnem
9686,mention,135,2,3,1380,815,241,31,noitnem
9687,mentioned,135,2,4,1416,892,320,79,denoitnem
9688,mentor,135,2,5,1321,1029,357,47,rotnem
9689,mephitic,135,2,6,1390,1157,200,101,citihpem
9690,mercantile,135,2,7,1377,1293,281,32,elitnacrem
9691,mercenary,135,2,8,1341,1420,340,46,yranecrem
9692,mercerize,135,2,9,1326,1536,316,89,ezirecrem
9693,merchant,135,2,10,1387,1659,163,76,tnahcrem
9694,merchandise,135,2,11,1468,1745,264,116,esidnahcrem
9695,merchantman,135,2,12,1474,1898,376,78,namtnahcrem
9696,mercury,135,2,13,1351,2028,317,34,yrucrem
9697,mercurial,135,2,14,1353,2152,460,29,lairucrem
9698,mercy,135,2,15,1333,2270,204,53,ycrem
9699,merciful,135,2,16,1367,2381,207,129,luficrem
9700,merciless,135,2,17,1382,2504,374,70,sselicrem
9701,mere,135,2,18,1361,2631,145,23,erem
9702,merely,135,2,19,1363,2755,156,30,ylerem
9703,merest,135,2,20,1375,2877,169,58,tserem
9704,meretricious,135,2,21,1418,2968,254,57,suoicirterem
9705,merge,135,2,22,1396,3110,158,120,egrem
9706,merger,135,2,23,1361,3234,187,121,regrem
9707,meridian,135,2,24,1358,3289,254,111,naidirem
9708,meridional,135,2,25,1378,3404,451,116,lanoidirem
9709,meringue,135,3,1,2181,550,299,47,eugnirem
9710,merino,135,3,2,2166,675,273,36,onirem
9711,merit,135,3,3,2182,796,182,48,tirem
9712,merited,135,3,4,2176,819,319,144,detirem
9713,meritorious,135,3,5,2261,1037,273,47,suoirotirem
9714,unmerited,135,3,6,2202,1099,358,111,detiremnu
9715,mermaid,135,3,7,2151,1235,319,101,diamrem
9716,merry,135,3,8,2177,1419,204,27,yrrem
9717,merrily,135,3,9,2183,1540,237,32,ylirrem
9718,merriment,135,3,10,2223,1663,358,32,tnemirrem
9719,merrymaking,135,3,11,2291,1780,356,57,gnikamyrrem
9720,mesa,135,3,12,2235,1887,187,85,asem
9721,mesmerize,135,3,13,2192,2023,381,75,eziremsem
9722,mesmerism,135,3,14,2223,2156,417,59,msiremsem
9723,mesquite,135,3,15,2191,2271,267,53,etiuqsem
9724,message,135,3,16,2215,2388,157,133,egassem
9725,messenger,135,3,17,2235,2514,159,127,regnessem
9726,metabolism,135,3,18,2264,2641,352,131,msilobatem
9727,metal,135,3,19,2026,2745,336,45,latem
9728,metallic,135,3,20,2151,2861,370,48,cillatem
9729,metalloid,135,3,21,2186,2955,330,68,diollatem
9730,metallurgy,135,3,22,2280,3118,386,109,ygrullatem
9731,metamorphose,135,3,23,2242,3178,325,106,esohpromatem
9732,metamorphosis,135,3,24,2328,3296,326,109,sisohpromatem
9733,metaphor,135,3,25,2235,3459,230,92,rohpatem
9734,metaphorical,136,1,1,720,499,264,100,lacirohpatem
9735,metaphysics,136,1,2,692,618,181,117,scisyhpatem
9736,metaphysical,136,1,3,734,748,205,107,lacisyhpatem
9737,metaphysician,136,1,4,748,869,182,128,naicisyhpatem
9738,meteor,136,1,5,575,987,234,59,roetem
9739,meteoric,136,1,6,602,1101,289,53,ciroetem
9740,meteorite,136,1,7,621,1199,273,79,etiroetem
9741,meteorology,136,1,8,658,1346,249,56,ygoloroetem
9742,meter,136,1,9,594,1469,170,59,retem
9743,method,136,1,10,606,1539,260,116,dohtem
9744,methodical,136,1,11,619,1663,296,108,lacidohtem
9745,methodist,136,1,12,608,1764,305,125,tsidohtem
9746,meticulous,136,1,13,599,1947,267,66,suolucitem
9747,metric,136,1,14,562,2083,296,52,cirtem
9748,metrical,136,1,15,582,2200,300,55,lacirtem
9749,metronome,136,1,16,561,2323,441,55,emonortem
9750,metropolis,136,1,17,634,2452,264,84,siloportem
9751,metropolitan,136,1,18,653,2577,335,88,natiloportem
9752,mezzanine,136,1,19,628,2711,238,44,eninazzem
9753,miasma,136,1,20,624,2814,273,90,amsaim
9754,miasmal,136,1,21,566,2938,406,68,lamsaim
9755,miasmatic,136,1,22,610,3056,289,103,citamsaim
9756,microbe,136,1,23,644,3200,265,105,eborcim
9757,microbiology,136,1,24,689,3328,274,115,ygoloiborcim
9758,microcosm,136,1,25,546,3441,475,55,msocorcim
9759,macrocosm,136,2,1,1445,507,458,56,msocorcam
9760,micrometer,136,2,2,1436,606,388,69,retemorcim
9761,microorganism,136,2,3,1490,750,419,49,msinagroorcim
9762,microphone,136,2,4,1481,876,289,74,enohporcim
9763,microscope,136,2,5,1480,998,352,103,epocsorcim
9764,microscopic,136,2,6,1488,1125,392,98,cipocsorcim
9765,midnight,136,2,7,1426,1193,317,91,thgindim
9766,midst,136,2,8,1425,1318,204,83,tsdim
9767,midwinter,136,2,9,1382,1401,371,127,retniwdim
9768,might,136,2,10,1421,1595,175,61,thgim
9769,almighty,136,2,11,1409,1718,210,71,ythgimla
9770,mightily,136,2,12,1440,1810,258,90,ylithgim
9771,mightiness,136,2,13,1471,1941,249,89,ssenithgim
9772,mighty,136,2,14,1456,2073,213,76,ythgim
9773,migrate,136,2,15,1381,2204,351,58,etargim
9774,migration,136,2,16,1402,2320,389,68,noitargim
9775,migratory,136,2,17,1404,2453,403,64,yrotargim
9776,mild,136,2,18,1343,2535,309,79,dlim
9777,mildly,136,2,19,1360,2659,300,77,yldlim
9778,mildness,136,2,20,1380,2768,390,90,ssendlim
9779,mildew,136,2,21,1334,2920,334,63,wedlim
9780,mile,136,2,22,1409,3062,181,40,elim
9781,mileage,136,2,23,1410,3183,181,133,egaelim
9782,milepost,136,2,24,1401,3306,205,129,tsopelim
9783,milestone,136,2,25,1458,3418,239,73,enotselim
9784,militant,136,3,1,2229,492,361,59,tnatilim
9785,militancy,136,3,2,2234,596,374,79,ycnatilim
9786,militarism,136,3,3,2250,739,414,53,msiratilim
9787,militarist,136,3,4,2224,857,402,59,tsiratilim
9788,militaristic,136,3,5,2290,985,371,49,citsiratilim
9789,military,136,3,6,2249,1108,312,46,yratilim
9790,militate,136,3,7,2222,1207,363,71,etatilim
9791,militia,136,3,8,2255,1359,289,96,aitilim
9792,milk,136,3,9,2190,1486,333,34,klim
9793,milkman,136,3,10,2207,1608,494,48,namklim
9794,milkweed,136,3,11,2246,1689,406,105,deewklim
9795,millennium,136,3,12,2222,1857,286,34,muinnellim
9796,millenary,136,3,13,2224,1972,409,36,yranellim
9797,millenial,136,3,14,2199,2096,443,39,lainellim
9798,milliner,136,3,15,2223,2209,330,45,renillim
9799,millinery,136,3,16,2252,2337,341,39,yrenillim
9800,million,136,3,17,2247,2459,339,36,noillim
9801,millionaire,136,3,18,2279,2563,360,53,erianoillim
9802,millionth,136,3,19,2260,2680,354,61,htnoillim
9803,mimeograph,136,3,20,2294,2839,241,45,hpargoemim
9804,mimic,136,3,21,2204,2942,248,31,cimim
9805,mimicry,136,3,22,2198,3070,324,39,yrcimim
9806,minaret,136,3,23,2179,3173,313,47,teranim
9807,minatory,136,3,24,2189,3276,334,81,yrotanim
9808,mind,136,3,25,2224,3435,215,40,dnim
9809,mindful,137,1,1,586,542,193,72,lufdnim
9810,remind,137,1,2,602,653,271,38,dnimer
9811,unmindful,137,1,3,630,795,258,81,lufdnimnu
9812,mined,137,1,4,521,861,214,82,denim
9813,mineral,137,1,5,581,1024,372,42,larenim
9814,mineralogy,137,1,6,631,1151,254,50,ygolarenim
9815,mingle,137,1,7,574,1270,362,57,elgnim
9816,miniature,137,1,8,578,1367,322,74,erutainim
9817,minimize,137,1,9,542,1510,359,55,eziminim
9818,minimization,137,1,10,671,1641,325,66,noitaziminim
9819,minimum,137,1,11,594,1771,385,26,muminim
9820,minister,137,1,12,661,1884,243,51,retsinim
9821,administer,137,1,13,641,2006,258,45,retsinimda
9822,ministerial,137,1,14,587,2121,470,52,lairetsinim
9823,ministration,137,1,15,640,2238,334,65,noitartsinim
9824,ministry,137,1,16,573,2372,332,44,yrtsinim
9825,minor,137,1,17,571,2497,243,42,ronim
9826,minster,137,1,18,553,2604,270,65,retsnim
9827,minstrel,137,1,19,525,2732,449,52,lertsnim
9828,mint,137,1,20,519,2845,246,42,tnim
9829,minuet,137,1,21,507,2972,288,56,teunim
9830,minus,137,1,22,488,3109,262,51,sunim
9831,minute,137,1,23,505,3202,254,49,etunim
9832,minute,137,1,24,527,3328,255,49,etunim
9833,minutia,137,1,25,557,3473,198,78,aitunim
9834,miracle,137,2,1,1455,545,233,52,elcarim
9835,miraculous,137,2,2,1454,656,293,64,suolucarim
9836,mirage,137,2,3,1409,777,226,58,egarim
9837,mirror,137,2,4,1379,908,270,30,rorrim
9838,mirth,137,2,5,1365,1006,251,54,htrim
9839,mirthful,137,2,6,1391,1142,258,72,lufhtrim
9840,mirthless,137,2,7,1412,1257,395,47,sselhtrim
9841,misadventure,137,2,8,1478,1403,227,132,erutnevdasim
9842,misalliance,137,2,9,1455,1543,301,69,ecnaillasim
9843,misanthrope,137,2,10,1446,1647,312,82,eporhtnasim
9844,misanthropic,137,2,11,1497,1762,349,84,ciporhtnasim
9845,misanthropical,137,2,12,1544,1888,319,76,laciporhtnasim
9846,misapprehended,137,2,13,1522,1981,313,122,dedneherppasim
9847,misapprehension,137,2,14,1603,2136,194,123,noisneherppasim
9848,misappropriate,137,2,15,1504,2252,239,147,etairporppasim
9849,misarrange,137,2,16,1380,2386,236,59,egnarrasim
9850,misbehave,137,2,17,1581,2494,214,213,evahebsim
9851,misbehavior,137,2,18,1384,2622,226,210,roivahebsim
9852,miscalculate,137,2,19,1518,2745,320,47,etaluclacsim
9853,miscarry,137,2,20,1464,2863,219,53,yrracsim
9854,miscarries,137,2,21,1453,2972,224,69,seirracsim
9855,miscegenation,137,2,22,1482,3103,146,149,noitanegecsim
9856,miscellaneous,137,2,23,1478,3248,298,52,suoenallecsim
9857,miscellanea,137,2,24,1452,3356,342,49,aenallecsim
9858,miscellanist,137,2,25,1448,3468,346,47,tsinallecsim
9859,miscellany,137,3,1,2259,555,353,51,ynallecsim
9860,mischief,137,3,2,2319,676,149,96,feihcsim
9861,mischievous,137,3,3,2336,794,138,117,suoveihcsim
9862,misconception,137,3,4,2307,918,181,117,noitpecnocsim
9863,misconduct,137,3,5,2285,1000,376,85,tcudnocsim
9864,misconstrue,137,3,6,2286,1111,205,72,eurtsnocsim
9865,misconstruction,137,3,7,2437,1222,162,109,noitcurtsnocsim
9866,miscount,137,3,8,2308,1374,297,74,tnuocsim
9867,miscounted,137,3,9,2296,1426,405,134,detnuocsim
9868,miscreant,137,3,10,2214,1612,334,76,tnaercsim
9869,misdeed,137,3,11,2201,1696,352,119,deedsim
9870,misdemeanor,137,3,12,2279,1860,310,73,ronaemedsim
9871,miser,137,3,13,2195,1990,207,73,resim
9872,misery,137,3,14,2198,2135,220,44,yresim
9873,miserable,137,3,15,2257,2250,197,143,elbaresim
9874,misfeasance,137,3,16,2319,2385,166,121,ecnasaefsim
9875,misfire,137,3,17,2136,2498,174,98,erifsim
9876,mist,137,3,18,2193,2618,152,108,tsim
9877,misfortune,137,3,19,2227,2745,219,102,enutrofsim
9878,misgiving,137,3,20,2222,2870,305,46,gnivigsim
9879,misgovern,137,3,21,2233,2980,267,114,nrevogsim
9880,mishap,137,3,22,2173,3096,166,93,pahsim
9881,misinform,137,3,23,2239,3223,265,77,mrofnisim
9882,misinterpret,137,3,24,2304,3308,195,100,terpretnisim
9883,misjudged,137,3,25,2294,3461,147,163,degdujsim
9884,misleading,138,1,1,605,523,363,72,gnidaelsim
9885,mislike,138,1,2,621,667,310,58,ekilsim
9886,mismanage,138,1,3,614,792,359,124,eganamsim
9887,misname,138,1,4,649,920,233,58,emansim
9888,misnomer,138,1,5,644,1039,337,44,remonsim
9889,misplace,138,1,6,666,1163,268,127,ecalpsim
9890,misprint,138,1,7,684,1293,259,90,tnirpsim
9891,mispronounce,138,1,8,712,1414,278,96,ecnuonorpsim
9892,misquote,138,1,9,638,1516,279,63,etouqsim
9893,misread,138,1,10,640,1640,322,69,daersim
9894,misrepresent,138,1,11,707,1776,221,103,tneserpersim
9895,misrepresentation,138,1,12,875,1899,215,115,noitatneserpersim
9896,misrule,138,1,13,593,2021,379,41,elursim
9897,missile,138,1,14,590,2153,297,54,elissim
9898,mission,138,1,15,645,2256,161,47,noissim
9899,missionary,138,1,16,672,2378,211,59,yranoissim
9900,missive,138,1,17,609,2500,162,146,evissim
9901,misspell,138,1,18,697,2630,253,102,llepssim
9902,misspelled,138,1,19,696,2751,300,108,dellepssim
9903,misstate,138,1,20,701,2883,168,51,etatssim
9904,misstatement,138,1,21,722,2992,285,58,tnemetatssim
9905,mistake,138,1,22,662,3117,190,36,ekatsim
9906,mistakenly,138,1,23,733,3243,193,40,ylnekatsim
9907,unmistakable,138,1,24,745,3364,227,133,elbakatsimnu
9908,mistletoe,138,1,25,517,3469,360,60,eoteltsim
9909,mistook,138,2,1,1424,537,258,41,kootsim
9910,mistreat,138,2,2,1433,648,287,58,taertsim
9911,mistress,138,2,3,1415,787,266,45,ssertsim
9912,mistrial,138,2,4,1400,905,412,55,lairtsim
9913,mistrust,138,2,5,1434,1045,244,36,tsurtsim
9914,distrust,138,2,6,1470,1111,245,78,tsurtsid
9915,mistrustful,138,2,7,1524,1291,250,104,luftsurtsim
9916,misunderstand,138,2,8,1584,1411,255,85,dnatsrednusim
9917,misunderstood,138,2,9,1627,1528,171,86,dootsrednusim
9918,misuse,138,2,10,1468,1652,155,66,esusim
9919,miter,138,2,11,1463,1735,216,85,retim
9920,mitered,138,2,12,1482,1790,299,142,deretim
9921,mitigate,138,2,13,1470,1966,347,79,etagitim
9922,mitigable,138,2,14,1534,2109,371,150,elbagitim
9923,mitigation,138,2,15,1454,2221,339,73,noitagitim
9924,mitten,138,2,16,1417,2350,226,65,nettim
9925,mix,138,2,17,1440,2497,191,38,xim
9926,admixture,138,2,18,1477,2616,320,49,erutximda
9927,miscible,138,2,19,1460,2740,158,146,elbicsim
9928,mixed,138,2,20,1489,2882,208,40,dexim
9929,mixer,138,2,21,1462,2991,223,52,rexim
9930,mixes,138,2,22,1461,3109,159,55,sexim
9931,mixture,138,2,23,1443,3228,261,42,erutxim
9932,mnemonic,138,2,24,1424,3349,344,38,cinomenm
9933,moan,138,2,25,1418,3487,197,17,naom
9934,moaned,138,3,1,2305,488,241,84,denaom
9935,mobile,138,3,2,2291,671,188,120,elibom
9936,immobile,138,3,3,2311,792,218,120,elibommi
9937,mobility,138,3,4,2373,923,169,109,ytilibom
9938,mobilization,138,3,5,2372,1042,213,146,noitazilibom
9939,mobilize,138,3,6,2294,1165,234,127,ezilibom
9940,moccasin,138,3,7,2220,1284,251,79,nisaccom
9941,mock,138,3,8,2289,1408,197,18,kcom
9942,mockery,138,3,9,2274,1529,287,23,yrekcom
9943,moderate,138,3,10,2315,1593,232,82,etaredom
9944,immoderate,138,3,11,2358,1729,253,75,etaredommi
9945,moderately,138,3,12,2364,1836,263,81,yletaredom
9946,moderateness,138,3,13,2389,1946,321,109,ssenetaredom
9947,moderation,138,3,14,2374,2075,244,89,noitaredom
9948,moderator,138,3,15,2346,2212,295,74,rotaredom
9949,modern,138,3,16,2312,2342,252,69,nredom
9950,modernism,138,3,17,2329,2458,330,67,msinredom
9951,modernist,138,3,18,2363,2574,257,78,tsinredom
9952,modernity,138,3,19,2329,2685,331,93,ytinredom
9953,modernization,138,3,20,2417,2813,259,95,noitazinredom
9954,modernize,138,3,21,2354,2933,265,87,ezinredom
9955,modest,138,3,22,2316,3032,255,105,tsedom
9956,modestly,138,3,23,2308,3149,251,99,yltsedom
9957,modesty,138,3,24,2337,3280,249,103,ytsedom
9958,modicum,138,3,25,2225,3408,433,103,mucidom
9959,modify,139,1,1,571,501,262,82,yfidom
9960,modification,139,1,2,620,609,230,94,noitacifidom
9961,modifier,139,1,3,576,753,295,101,reifidom
9962,modulate,139,1,4,539,866,228,81,etaludom
9963,mohair,139,1,5,551,970,226,96,riahom
9964,Mohammedan,139,1,6,593,1094,336,134,nademmahoM
9965,moist,139,1,7,524,1274,209,56,tsiom
9966,moisten,139,1,8,577,1397,199,62,netsiom
9967,moistened,139,1,9,571,1511,267,77,denetsiom
9968,moistly,139,1,10,535,1641,220,60,yltsiom
9969,moisture,139,1,11,536,1763,282,52,erutsiom
9970,molasses,139,1,12,482,1896,310,70,sessalom
9971,mold,139,1,13,452,1997,298,66,dlom
9972,molecule,139,1,14,460,2144,362,37,elucelom
9973,molecular,139,1,15,515,2264,351,38,ralucelom
9974,molehill,139,1,16,418,2362,395,64,llihelom
9975,molest,139,1,17,488,2506,312,52,tselom
9976,molestation,139,1,18,550,2634,307,75,noitatselom
9977,unmolested,139,1,19,547,2762,361,55,detselomnu
9978,mollify,139,1,20,530,2885,300,76,yfillom
9979,mollification,139,1,21,588,3011,287,83,noitacifillom
9980,mollusk,139,1,22,479,3128,293,58,ksullom
9981,molten,139,1,23,459,3204,371,79,netlom
9982,molybdenum,139,1,24,521,3370,418,119,munedbylom
9983,moment,139,1,25,501,3498,278,19,tnemom
9984,momentarily,139,2,1,1447,556,339,34,yliratnemom
9985,momentary,139,2,2,1415,671,330,32,yratnemom
9986,momently,139,2,3,1431,802,245,19,yltnemom
9987,momentous,139,2,4,1420,922,279,49,suotnemom
9988,momentum,139,2,5,1348,1048,366,22,mutnemom
9989,monarch,139,2,6,1361,1137,297,43,hcranom
9990,anarchy,139,2,7,1371,1258,268,67,yhcrana
9991,monarchial,139,2,8,1278,1412,484,58,laihcranom
9992,monarchism,139,2,9,1403,1512,424,73,msihcranom
9993,monarchist,139,2,10,1410,1634,296,65,tsihcranom
9994,monarchy,139,2,11,1379,1753,314,48,yhcranom
9995,monastery,139,2,12,1356,1884,296,50,yretsanom
9996,monastic,139,2,13,1374,2033,254,45,citsanom
9997,money,139,2,14,1371,2152,210,21,yenom
9998,monetary,139,2,15,1378,2235,306,60,yratenom
9999,monetize,139,2,16,1375,2333,285,87,ezitenom
10000,moneyed,139,2,17,1379,2443,318,93,deyenom
10001,mongoose,139,2,18,1358,2636,240,64,esoognom
10002,mongrel,139,2,19,1263,2758,439,41,lergnom
10003,monitor,139,2,20,1309,2845,243,61,rotinom
10004,monk,139,2,21,1315,3002,228,44,knom
10005,monkey,139,2,22,1299,3121,253,47,yeknom
10006,monocle,139,2,23,1328,3244,270,42,elconom
10007,monody,139,2,24,1320,3311,350,78,ydonom
10008,monogamy,139,2,25,1320,3485,370,23,ymagonom
10009,monogamous,139,3,1,2278,561,339,26,suomagonom
10010,monogram,139,3,2,2241,678,324,46,margonom
10011,monograph,139,3,3,2248,802,219,41,hpargonom
10012,monolith,139,3,4,2110,897,376,57,htilonom
10013,monologue,139,3,5,2155,1050,488,25,eugolonom
10014,monologist,139,3,6,2247,1175,257,60,tsigolonom
10015,monomania,139,3,7,2187,1294,399,41,ainamonom
10016,monoplane,139,3,8,2191,1416,374,92,enalponom
10017,monopoly,139,3,9,2216,1539,336,83,yloponom
10018,monopolism,139,3,10,2236,1660,395,97,msiloponom
10019,monopolist,139,3,11,2238,1783,324,101,tsiloponom
10020,monopolistic,139,3,12,2264,1906,365,97,citsiloponom
10021,monopolization,139,3,13,2318,2029,329,131,noitaziloponom
10022,monopolize,139,3,14,2248,2145,324,96,eziloponom
10023,monotone,139,3,15,2142,2257,357,42,enotonom
10024,monotonous,139,3,16,2246,2344,305,72,suonotonom
10025,monotony,139,3,17,2212,2465,331,71,ynotonom
10026,monotype,139,3,18,2194,2570,299,122,epytonom
10027,monsoon,139,3,19,2180,2754,270,37,noosnom
10028,monster,139,3,20,2198,2863,251,55,retsnom
10029,monstrosity,139,3,21,2233,2997,329,45,ytisortsnom
10030,monstrous,139,3,22,2204,3112,325,52,suortsnom
10031,month,139,3,23,2197,3222,257,44,htnom
10032,monthly,139,3,24,2198,3338,260,56,ylhtnom
10033,monument,139,3,25,2152,3490,366,24,tnemunom
10034,monumental,140,1,1,676,557,298,39,latnemunom
10035,mood,140,1,2,636,619,245,89,doom
10036,moodily,140,1,3,634,723,279,95,ylidoom
10037,moodiness,140,1,4,628,834,306,109,ssenidoom
10038,moon,140,1,5,627,1047,215,20,noom
10039,moonlight,140,1,6,601,1150,397,50,thgilnoom
10040,moonshine,140,1,7,647,1293,219,78,enihsnoom
10041,moonstone,140,1,8,635,1416,293,49,enotsnoom
10042,moral,140,1,9,561,1536,370,37,larom
10043,demoralize,140,1,10,647,1566,362,115,ezilaromed
10044,immoral,140,1,11,562,1775,445,34,larommi
10045,morale,140,1,12,597,1887,364,54,elarom
10046,moralism,140,1,13,599,2027,481,33,msilarom
10047,moralist,140,1,14,610,2140,362,50,tsilarom
10048,moralistic,140,1,15,622,2266,376,52,citsilarom
10049,morality,140,1,16,627,2391,357,56,ytilarom
10050,moralization,140,1,17,691,2508,351,72,noitazilarom
10051,moralize,140,1,18,632,2620,393,61,ezilarom
10052,morally,140,1,19,639,2750,237,35,yllarom
10053,moratorium,140,1,20,607,2837,463,63,muirotarom
10054,morbid,140,1,21,616,2985,212,121,dibrom
10055,morbidity,140,1,22,610,3109,306,128,ytidibrom
10056,morbidly,140,1,23,681,3236,237,131,yldibrom
10057,mordant,140,1,24,611,3318,311,76,tnadrom
10058,more,140,1,25,623,3478,141,14,erom
10059,furthermore,140,2,1,1562,480,191,83,eromrehtruf
10060,moreover,140,2,2,1557,611,200,80,revoerom
10061,moribund,140,2,3,1496,782,244,139,dnubirom
10062,morning,140,2,4,1480,927,208,36,gninrom
10063,morocco,140,2,5,1455,1034,287,29,occorom
10064,moron,140,2,6,1449,1164,279,27,norom
10065,morose,140,2,7,1452,1288,227,50,esorom
10066,morphine,140,2,8,1484,1410,154,95,enihprom
10067,morphology,140,2,9,1486,1539,140,80,ygolohprom
10068,morsel,140,2,10,1446,1658,275,71,lesrom
10069,mortal,140,2,11,1439,1752,325,53,latrom
10070,immortalize,140,2,12,1527,1852,358,74,ezilatrommi
10071,mortality,140,2,13,1492,1996,327,48,ytilatrom
10072,mortally,140,2,14,1472,2092,245,86,yllatrom
10073,mortar,140,2,15,1472,2220,216,75,ratrom
10074,mortgage,140,2,16,1495,2387,215,27,egagtrom
10075,mortgagee,140,2,17,1486,2497,211,37,eegagtrom
10076,mortgagor,140,2,18,1477,2629,260,30,rogagtrom
10077,mortify,140,2,19,1456,2702,260,106,yfitrom
10078,mortification,140,2,20,1517,2847,185,103,noitacifitrom
10079,mortuary,140,2,21,1439,2962,275,62,yrautrom
10080,mosaic,140,2,22,1419,3110,219,80,ciasom
10081,mosquito,140,2,23,1423,3237,264,58,otiuqsom
10082,mossiness,140,2,24,1406,3354,219,61,ssenissom
10083,most,140,2,25,1420,3479,151,24,tsom
10084,almost,140,3,1,2276,549,181,24,tsomla
10085,inmost,140,3,2,2253,672,236,24,tsomni
10086,mostly,140,3,3,2312,778,177,43,yltsom
10087,uppermost,140,3,4,2325,857,213,85,tsomreppu
10088,utmost,140,3,5,2290,997,213,60,tsomtu
10089,uttermost,140,3,6,2289,1116,217,70,tsomrettu
10090,motet,140,3,7,2280,1239,243,70,tetom
10091,mother,140,3,8,2262,1385,193,44,rehtom
10092,godmother,140,3,9,2304,1451,381,111,rehtomdog
10093,grandmother,140,3,10,2373,1586,240,96,rehtomdnarg
10094,motherhood,140,3,11,2352,1757,277,58,doohrehtom
10095,mother-in-law,140,3,12,2360,1872,312,54,wal-ni-rehtom
10096,motherland,140,3,13,2316,1948,386,104,dnalrehtom
10097,motherless,140,3,14,2305,2116,334,52,sselrehtom
10098,motherliness,140,3,15,2355,2219,296,72,ssenilrehtom
10099,mother-of-pearl,140,3,16,2405,2368,334,79,lraep-fo-rehtom
10100,stepmother,140,3,17,2345,2464,227,115,rehtompets
10101,motion,140,3,18,2302,2629,153,52,noitom
10102,motioned,140,3,19,2295,2714,272,89,denoitom
10103,motionless,140,3,20,2300,2872,287,63,sselnoitom
10104,motive,140,3,21,2249,2952,251,81,evitom
10105,motivate,140,3,22,2255,3064,313,126,etavitom
10106,motivation,140,3,23,2279,3178,264,130,noitavitom
10107,motley,140,3,24,2219,3326,347,60,yeltom
10108,motor,140,3,25,2241,3435,183,71,rotom
10109,motored,141,1,1,617,475,269,123,derotom
10110,motorist,141,1,2,621,647,223,68,tsirotom
10111,motorman,141,1,3,592,776,336,64,namrotom
10112,motto,141,1,4,599,896,199,58,ottom
10113,mound,141,1,5,575,957,348,118,dnuom
10114,mount,141,1,6,578,1149,226,49,tnuom
10115,dismount,141,1,7,562,1221,342,107,tnuomsid
10116,mountain,141,1,8,611,1357,305,92,niatnuom
10117,mountaineer,141,1,9,644,1477,378,93,reeniatnuom
10118,mountainous,141,1,10,674,1589,293,102,suoniatnuom
10119,mounted,141,1,11,574,1669,407,145,detnuom
10120,remount,141,1,12,562,1867,343,74,tnuomer
10121,surmount,141,1,13,626,2001,260,56,tnuomrus
10122,unmounted,141,1,14,612,2061,359,114,detnuomnu
10123,mountebank,141,1,15,659,2233,226,161,knabetnuom
10124,mourn,141,1,16,516,2398,206,20,nruom
10125,mourner,141,1,17,588,2514,224,24,renruom
10126,mournful,141,1,18,579,2639,207,72,lufnruom
10127,mouse,141,1,19,553,2750,169,54,esuom
10128,mice,141,1,20,552,2875,177,63,ecim
10129,mouser,141,1,21,563,2993,227,68,resuom
10130,mouth,141,1,22,548,3096,229,67,htuom
10131,mouthed,141,1,23,543,3145,320,147,dehtuom
10132,mouthful,141,1,24,602,3334,225,78,lufhtuom
10133,mouthpiece,141,1,25,613,3461,210,107,eceiphtuom
10134,move,141,2,1,1433,573,150,22,evom
10135,immovable,141,2,2,1457,687,199,128,elbavommi
10136,movability,141,2,3,1431,824,181,134,ytilibavom
10137,movable,141,2,4,1572,937,209,134,elbavom
10138,movement,141,2,5,1454,1072,266,20,tnemevom
10139,mover,141,2,6,1412,1179,218,49,revom
10140,movie,141,2,7,1435,1299,157,38,eivom
10141,remove,141,2,8,1421,1418,220,34,evomer
10142,mower,141,2,9,1390,1544,219,28,rewom
10143,much,141,2,10,1397,1671,162,66,hcum
10144,mucilage,141,2,11,1413,1795,304,138,egalicum
10145,mucilaginous,141,2,12,1491,1937,265,121,suonigalicum
10146,mucous,141,2,13,1361,2027,210,52,suocum
10147,mulatto,141,2,14,1344,2141,381,57,ottalum
10148,mulberry,141,2,15,1354,2277,292,124,yrreblum
10149,mulct,141,2,16,1224,2407,344,32,tclum
10150,mulcted,141,2,17,1336,2511,404,45,detclum
10151,mule,141,2,18,1308,2626,346,36,elum
10152,multifarious,141,2,19,1458,2694,195,111,suoirafitlum
10153,multiform,141,2,20,1457,2827,187,87,mrofitlum
10154,multiformity,141,2,21,1492,2948,214,99,ytimrofitlum
10155,multigraph,141,2,22,1468,3066,199,85,hpargitlum
10156,multimillionaire,141,2,23,1490,3201,302,79,erianoillimitlum
10157,multiply,141,2,24,1483,3299,211,111,ylpitlum
10158,multiple,141,2,25,1463,3427,207,112,elpitlum
10159,multiplex,141,3,1,2324,491,218,124,xelpitlum
10160,multiplicand,141,3,2,2334,631,305,112,dnacilpitlum
10161,multiplication,141,3,3,2387,759,244,110,noitacilpitlum
10162,multiplicative,141,3,4,2425,869,240,192,evitacilpitlum
10163,multiplicity,141,3,5,2320,997,175,118,yticilpitlum
10164,multiplier,141,3,6,2285,1104,230,109,reilpitlum
10165,multitude,141,3,7,2323,1257,134,70,edutitlum
10166,multitudinous,141,3,8,2350,1352,229,98,suonidutitlum
10167,mumble,141,3,9,2269,1551,244,109,elbmum
10168,mummer,141,3,10,2259,1668,242,21,remmum
10169,mummery,141,3,11,2288,1771,222,36,yremmum
10170,mummy,141,3,12,2282,1903,260,24,ymmum
10171,mummification,141,3,13,2379,2037,227,85,noitacifimmum
10172,mummify,141,3,14,2295,2147,246,64,yfimmum
10173,mumps,141,3,15,2270,2272,217,93,spmum
10174,mundane,141,3,16,2267,2302,306,118,enadnum
10175,municipal,141,3,17,2284,2507,234,103,lapicinum
10176,municipality,141,3,18,2293,2628,362,112,ytilapicinum
10177,municipally,141,3,19,2360,2752,234,138,yllapicinum
10178,munificent,141,3,20,2326,2892,220,91,tnecifinum
10179,munificence,141,3,21,2342,3006,190,101,ecnecifinum
10180,munition,141,3,22,2309,3126,190,42,noitinum
10181,mural,141,3,23,2185,3244,372,36,larum
10182,immure,141,3,24,2249,3357,247,34,erummi
10183,murder,141,3,25,2232,3416,222,112,redrum
10184,murdered,142,1,1,675,472,321,133,deredrum
10185,murderess,142,1,2,678,614,293,109,sseredrum
10186,murderous,142,1,3,660,742,308,105,suoredrum
10187,muriatic,142,1,4,603,943,233,69,citairum
10188,murk,142,1,5,599,1056,257,31,krum
10189,murkily,142,1,6,610,1180,289,31,ylikrum
10190,murkiness,142,1,7,634,1292,339,51,ssenikrum
10191,murmur,142,1,8,636,1423,273,31,rumrum
10192,murmurer,142,1,9,639,1543,345,49,rerumrum
10193,murmurous,142,1,10,672,1660,316,58,suorumrum
10194,muscadine,142,1,11,618,1793,305,79,enidacsum
10195,muscatel,142,1,12,578,1911,369,75,letacsum
10196,muscle,142,1,13,597,2040,262,57,elcsum
10197,muscular,142,1,14,591,2157,409,67,ralucsum
10198,muscularity,142,1,15,656,2280,414,83,ytiralucsum
10199,muscularly,142,1,16,632,2402,432,52,ylralucsum
10200,musculature,142,1,17,609,2541,484,69,erutalucsum
10201,muse,142,1,18,632,2639,158,50,esum
10202,museum,142,1,19,632,2774,225,58,muesum
10203,mush,142,1,20,640,2899,135,35,hsum
10204,mushroom,142,1,21,584,3017,303,41,moorhsum
10205,music,142,1,22,610,3138,188,62,cisum
10206,musical,142,1,23,612,3255,175,68,lacisum
10207,musicale,142,2,1,1448,568,318,65,elacisum
10208,musician,142,2,2,1489,694,146,77,naicisum
10209,musket,142,2,3,1445,820,216,56,teksum
10210,musketeer,142,2,4,1476,936,243,62,reeteksum
10211,musketry,142,2,5,1459,1065,289,68,yrteksum
10212,muskmelon,142,2,6,1410,1191,478,60,nolemksum
10213,muskrat,142,2,7,1375,1314,307,50,tarksum
10214,muslin,142,2,8,1355,1439,314,53,nilsum
10215,mussel,142,2,9,1357,1558,266,56,lessum
10216,must,142,2,10,1400,1681,143,26,tsum
10217,mustache,142,2,11,1396,1765,226,84,ehcatsum
10218,mustard,142,2,12,1377,1862,315,112,dratsum
10219,muster,142,2,13,1395,2032,193,67,retsum
10220,mutate,142,2,14,1414,2143,221,56,etatum
10221,immutable,142,2,15,1500,2271,214,125,elbatummi
10222,mutability,142,2,16,1532,2394,214,136,ytilibatum
10223,mutable,142,2,17,1428,2521,185,118,elbatum
10224,mutation,142,2,18,1475,2639,209,49,noitatum
10225,mutative,142,2,19,1487,2736,221,148,evitatum
10226,transmute,142,2,20,1472,2836,188,89,etumsnart
10227,mute,142,2,21,1430,2989,191,52,etum
10228,muteness,142,2,22,1430,3094,260,71,ssenetum
10229,mutilate,142,2,23,1398,3200,348,81,etalitum
10230,mutilation,142,3,1,2290,540,351,60,noitalitum
10231,mutilator,142,3,2,2263,653,390,68,rotalitum
10232,mutiny,142,3,3,2281,775,248,70,ynitum
10233,mutineer,142,3,4,2299,898,306,68,reenitum
10234,mutinous,142,3,5,2301,1022,252,65,suonitum
10235,mutton,142,3,6,2287,1148,244,64,nottum
10236,mutual,142,3,7,2236,1286,324,52,lautum
10237,mutually,142,3,8,2263,1409,337,52,yllautum
10238,muzzle,142,3,9,2240,1550,272,64,elzzum
10239,myopia,142,3,10,2226,1647,187,116,aipoym
10240,myriad,142,3,11,2207,1754,330,74,dairym
10241,myrtle,142,3,12,2190,1898,316,49,eltrym
10242,myself,142,3,13,2236,2041,170,48,flesym
10243,mystery,142,3,14,2243,2153,264,49,yretsym
10244,mysterious,142,3,15,2297,2278,253,64,suoiretsym
10245,mystic,142,3,16,2281,2414,197,44,citsym
10246,mystical,142,3,17,2285,2542,325,53,lacitsym
10247,mysticism,142,3,18,2337,2647,186,49,msicitsym
10248,mystification,142,3,19,2351,2757,193,113,noitacifitsym
10249,mystify,142,3,20,2293,2869,267,92,yfitsym
10250,myth,142,3,21,2287,3001,179,40,htym
10251,mythical,142,3,22,2281,3125,248,41,lacihtym
10252,mythology,142,3,23,2320,3245,192,41,ygolohtym
10253,nacre,143,1,2,565,673,215,56,ercan
10254,nacreous,143,1,3,566,800,217,55,suoercan
10255,nainsook,143,1,4,542,932,203,42,koosnian
10256,naive,143,1,5,490,1033,164,131,evian
10257,naivete,143,1,6,528,1145,152,139,etevian
10258,name,143,1,7,620,1309,105,37,eman
10259,misnamed,143,1,8,603,1431,246,62,demansim
10260,namable,143,1,9,603,1548,136,120,elbaman
10261,nameless,143,1,10,592,1677,249,45,sseleman
10262,namely,143,1,11,618,1788,104,63,yleman
10263,names,143,1,12,639,1910,109,49,seman
10264,namesake,143,1,13,607,2030,143,84,ekaseman
10265,nickname,143,1,14,614,2140,245,49,emankcin
10266,surname,143,1,15,643,2254,125,64,emanrus
10267,unnamed,143,1,16,628,2392,161,65,demannu
10268,napery,143,1,17,578,2507,109,87,yrepan
10269,napkin,143,1,18,578,2624,188,105,nikpan
10270,Napoleon,143,1,19,627,2749,246,109,noelopaN
10271,Napoleonic,143,1,20,589,2985,168,119,cinoelopaN
10272,narcissus,143,1,21,629,2870,339,141,sussicran
10273,narcotic,143,1,22,554,3112,210,102,citocran
10274,narcosis,143,1,23,562,3227,208,79,sisocran
10275,narcotism,143,1,24,564,3340,364,51,msitocran
10276,narcotize,143,1,25,582,3434,272,78,ezitocran
10277,narrate,143,2,1,1397,546,184,52,etarran
10278,narration,143,2,2,1390,667,203,74,noitarran
10279,narrative,143,2,3,1513,787,202,155,evitarran
10280,narrator,143,2,4,1410,900,260,71,rotarran
10281,narrow,143,2,5,1399,1022,187,54,worran
10282,narrowed,143,2,6,1400,1105,285,94,deworran
10283,narrower,143,2,7,1407,1275,266,52,reworran
10284,narrowest,143,2,8,1443,1394,212,68,tseworran
10285,narrowly,143,2,9,1476,1515,182,57,ylworran
10286,narrow-minded,143,2,10,1486,1679,402,71,dednim-worran
10287,narrowness,143,2,11,1475,1763,254,75,ssenworran
10288,narwhal,143,2,12,1409,1875,309,69,lahwran
10289,nasal,143,2,13,1400,2009,239,81,lasan
10290,nasality,143,2,14,1410,2131,249,67,ytilasan
10291,nasalize,143,2,15,1407,2249,273,87,ezilasan
10292,nasally,143,2,16,1422,2373,107,103,yllasan
10293,nascent,143,2,17,1392,2486,197,80,tnecsan
10294,nasty,143,2,18,1395,2617,138,67,ytsan
10295,nastier,143,2,19,1380,2749,197,63,reitsan
10296,nastiest,143,2,20,1392,2869,194,71,tseitsan
10297,nastily,143,2,21,1406,2993,157,65,ylitsan
10298,nastiness,143,2,22,1387,3109,203,66,ssenitsan
10299,natation,143,2,23,1419,3219,124,76,noitatan
10300,nation,143,2,24,1453,3345,128,70,noitan
10301,international,143,2,25,1492,3455,209,91,lanoitanretni
10302,national,143,3,1,2288,540,235,87,lanoitan
10303,nationalism,143,3,2,2262,667,338,82,msilanoitan
10304,nationalistic,143,3,3,2313,788,246,98,citsilanoitan
10305,nationality,143,3,4,2333,908,238,85,ytilanoitan
10306,nationalization,143,3,5,2369,1024,246,132,noitazilanoitan
10307,nationalize,143,3,6,2338,1160,235,100,ezilanoitan
10308,nationally,143,3,7,2331,1274,125,115,yllanoitan
10309,native,143,3,8,2296,1361,179,103,evitan
10310,nativity,143,3,9,2269,1487,205,108,ytivitan
10311,nature,143,3,10,2236,1632,198,79,erutan
10312,natural,143,3,11,2213,1753,350,80,larutan
10313,naturalism,143,3,12,2228,1880,448,70,msilarutan
10314,naturalist,143,3,13,2260,2001,353,80,tsilarutan
10315,naturalistic,143,3,14,2264,2119,374,87,citsilarutan
10316,naturalization,143,3,15,2321,2259,360,73,noitazilarutan
10317,naturalize,143,3,16,2266,2354,371,89,ezilarutan
10318,naturally,143,3,17,2280,2472,222,88,yllarutan
10319,naturalness,143,3,18,2246,2593,396,90,ssenlarutan
10320,preternatural,143,3,19,2282,2681,406,109,larutanreterp
10321,supernatural,143,3,20,2291,2832,344,100,larutanrepus
10322,unnatural,143,3,21,2255,2966,312,86,larutannu
10323,naughty,143,3,22,2258,3085,144,58,ythguan
10324,naughtiest,143,3,23,2275,3213,186,60,tseithguan
10325,naughtily,143,3,24,2287,3331,162,67,ylithguan
10326,naughtiness,143,3,25,2305,3435,205,75,ssenithguan
10327,nausea,144,1,1,668,573,86,81,aesuan
10328,nauseate,144,1,2,660,695,120,96,etaesuan
10329,nauseous,144,1,3,676,819,91,82,suoesuan
10330,nautical,144,1,4,632,930,197,45,lacituan
10331,aeronautic,144,1,5,655,1027,330,72,cituanorea
10332,nautilus,144,1,6,631,1152,274,63,sulituan
10333,navigate,144,1,7,783,1287,163,140,etagivan
10334,circumnavigate,144,1,8,932,1382,164,152,etagivanmucric
10335,navigability,144,1,9,658,1526,207,234,ytilibagivan
10336,navigable,144,1,10,813,1658,157,214,elbagivan
10337,navigation,144,1,11,633,1767,151,162,noitagivan
10338,navigator,144,1,12,705,1901,214,164,rotagivan
10339,navy,144,1,13,521,2020,162,135,yvan
10340,naval,144,1,14,555,2138,173,144,lavan
10341,near,144,1,15,646,2281,88,24,raen
10342,nearer,144,1,16,636,2399,160,46,reraen
10343,nearest,144,1,17,650,2530,132,60,tseraen
10344,nearly,144,1,18,641,2642,88,37,ylraen
10345,nearness,144,1,19,660,2761,186,39,ssenraen
10346,nearsighted,144,1,20,658,2862,301,107,dethgisraen
10347,neat,144,1,21,665,2995,127,51,taen
10348,neater,144,1,22,636,3083,117,77,retaen
10349,neatest,144,1,23,620,3210,139,77,tsetaen
10350,neatly,144,1,24,620,3342,133,60,yltaen
10351,neatness,144,1,25,613,3453,190,72,ssentaen
10352,nebula,144,2,1,1510,555,163,134,aluben
10353,nebulosity,144,2,2,1537,702,160,132,ytisoluben
10354,nebulous,144,2,3,1433,807,159,160,suoluben
10355,necessary,144,2,4,1635,935,95,61,yrassecen
10356,necessaries,144,2,5,1566,1062,87,87,seirassecen
10357,necessarily,144,2,6,1554,1180,96,73,ylirassecen
10358,necessitate,144,2,7,1541,1307,134,74,etatissecen
10359,necessitous,144,2,8,1530,1425,125,76,suotissecen
10360,necessity,144,2,9,1527,1542,116,61,ytissecen
10361,unnecessary,144,2,10,1539,1672,117,60,yrassecennu
10362,neck,144,2,11,1480,1792,156,37,kcen
10363,neckband,144,2,12,1510,1909,156,136,dnabkcen
10364,neckcloth,144,2,13,1456,2029,375,57,htolckcen
10365,neckerchief,144,2,14,1511,2166,218,82,feihcrekcen
10366,necklace,144,2,15,1444,2264,327,67,ecalkcen
10367,necktie,144,2,16,1453,2372,235,66,eitkcen
10368,neckwear,144,2,17,1471,2512,239,59,raewkcen
10369,necrology,144,2,18,1477,2641,211,43,ygolorcen
10370,necropolis,144,2,19,1488,2771,229,68,siloporcen
10371,necromancy,144,2,20,1440,2894,390,47,ycnamorcen
10372,nectar,144,2,21,1419,2958,213,87,ratcen
10373,need,144,2,22,1446,3062,176,104,deen
10374,needed,144,2,23,1441,3140,249,149,dedeen
10375,needful,144,2,24,1438,3308,194,100,lufdeen
10376,needfully,144,2,25,1440,3437,195,92,yllufdeen
10377,neediness,144,3,1,2319,488,253,119,ssenideen
10378,needless,144,3,2,2280,616,326,113,sseldeen
10379,nefarious,144,3,3,2262,814,156,101,suoirafen
10380,negative,144,3,4,2274,879,346,91,evitagen
10381,negation,144,3,5,2289,1041,226,72,noitagen
10382,neglect,144,3,6,2300,1171,236,50,tcelgen
10383,neglectful,144,3,7,2307,1295,234,105,luftcelgen
10384,negligence,144,3,8,2344,1420,232,133,ecnegilgen
10385,negligent,144,3,9,2278,1541,280,112,tnegilgen
10386,negligible,144,3,10,2396,1667,221,211,elbigilgen
10387,negotiate,144,3,11,2236,1789,231,72,etaitogen
10388,negotiability,144,3,12,2428,1910,234,173,ytilibaitogen
10389,negotiable,144,3,13,2293,2030,212,168,elbaitogen
10390,negotiation,144,3,14,2461,2148,233,72,noitaitogen
10391,negotiator,144,3,15,2311,2266,278,77,rotaitogen
10392,neighbor,144,3,16,2415,2386,124,137,robhgien
10393,neighborhood,144,3,17,2436,2504,184,151,doohrobhgien
10394,neighborly,144,3,18,2500,2636,119,137,ylrobhgien
10395,neither,144,3,19,2333,2755,117,48,rehtien
10396,Nemesis,144,3,20,2289,2891,230,72,sisemeN
10397,neolithic,144,3,21,2267,3002,236,60,cihtiloen
10398,neon,144,3,22,2281,3120,136,45,noen
10399,neophyte,144,3,23,2241,3244,123,125,etyhpoen
10400,nepenthe,144,3,24,2261,3367,133,95,ehtnepen
10401,nephew,144,3,25,2239,3487,121,117,wehpen
10402,nepotism,145,1,1,617,481,194,84,msitopen
10403,nerve,145,1,2,566,592,140,128,evren
10404,nerveless,145,1,3,555,714,178,140,sselevren
10405,nervous,145,1,4,612,838,166,158,suovren
10406,unnerved,145,1,5,669,964,162,140,devrennu
10407,nescient,145,1,6,489,1095,104,53,tneicsen
10408,nestle,145,1,7,493,1222,244,61,eltsen
10409,nether,145,1,8,507,1327,112,48,rehten
10410,network,145,1,9,498,1446,213,53,krowten
10411,neural,145,1,10,499,1588,324,32,laruen
10412,neuralgia,145,1,11,563,1710,306,139,aiglaruen
10413,neurasthenia,145,1,12,645,1837,262,72,ainehtsaruen
10414,neurosis,145,1,13,594,1962,168,64,sisoruen
10415,neurotic,145,1,14,580,2085,190,64,citoruen
10416,neuter,145,1,15,573,2165,127,65,retuen
10417,neutral,145,1,16,518,2285,335,70,lartuen
10418,neutrality,145,1,17,569,2410,352,58,ytilartuen
10419,neutralization,145,1,18,665,2544,364,77,noitazilartuen
10420,neutralize,145,1,19,615,2651,358,76,ezilartuen
10421,neutrally,145,1,20,586,2767,233,82,yllartuen
10422,never,145,1,21,568,2932,127,123,reven
10423,nevermore,145,1,22,645,3064,157,118,eromreven
10424,nevertheless,145,1,23,654,3191,150,117,sselehtreven
10425,new,145,1,24,587,3322,84,21,wen
10426,newcomer,145,1,25,574,3412,296,33,remocwen
10427,newer,145,2,1,1390,488,173,29,rewen
10428,newest,145,2,2,1405,612,136,52,tsewen
10429,newly,145,2,3,1419,729,79,42,ylwen
10430,newness,145,2,4,1424,856,167,41,ssenwen
10431,newsmonger,145,2,5,1470,981,282,55,regnomswen
10432,newspaper,145,2,6,1516,1104,72,87,repapswen
10433,renewable,145,2,7,1440,1213,197,132,elbawener
10434,New Year's,145,2,8,1446,1355,157,71,s'raeY weN
10435,next,145,2,9,1400,1465,105,47,txen
10436,nibble,145,2,10,1395,1578,99,130,elbbin
10437,nice,145,2,11,1414,1702,128,69,ecin
10438,nicely,145,2,12,1414,1820,144,78,ylecin
10439,niceness,145,2,13,1404,1935,174,86,ssenecin
10440,nicer,145,2,14,1386,2049,150,77,recin
10441,nicest,145,2,15,1387,2176,119,90,tsecin
10442,nicety,145,2,16,1371,2308,145,60,ytecin
10443,nickel,145,2,17,1334,2439,270,36,lekcin
10444,nickeliferous,145,2,18,1472,2558,274,83,suorefilekcin
10445,nickelodeon,145,2,19,1441,2663,372,61,noedolekcin
10446,nickname,145,2,20,1367,2806,252,49,emankcin
10447,nicotine,145,2,21,1337,2888,277,78,enitocin
10448,niggard,145,2,22,1313,2997,335,104,draggin
10449,night,145,2,23,1378,3177,105,39,thgin
10450,nightdress,145,2,24,1398,3227,283,123,sserdthgin
10451,nightfall,145,2,25,1427,3419,112,119,llafthgin
10452,nightgown,145,3,1,2304,472,287,58,nwogthgin
10453,nightingale,145,3,2,2252,597,428,58,elagnithgin
10454,nightly,145,3,3,2292,732,99,43,ylthgin
10455,nightmare,145,3,4,2251,843,259,52,eramthgin
10456,nights,145,3,5,2267,977,125,63,sthgin
10457,nighttime,145,3,6,2257,1038,233,111,emitthgin
10458,nihilism,145,3,7,2146,1206,349,50,msilihin
10459,nihilist,145,3,8,2181,1322,270,60,tsilihin
10460,nihilistic,145,3,9,2181,1439,289,78,citsilihin
10461,nimble,145,3,10,2163,1584,229,116,elbmin
10462,nimbus,145,3,11,2164,1707,207,129,submin
10463,niter,145,3,12,2247,1801,137,84,retin
10464,nitrate,145,3,13,2227,1897,240,99,etartin
10465,nitric,145,3,14,2229,2039,250,81,cirtin
10466,nitrification,145,3,15,2282,2162,223,94,noitacifirtin
10467,nitrify,145,3,16,2240,2290,219,77,yfirtin
10468,nitrogen,145,3,17,2264,2423,204,118,negortin
10469,nitrogenous,145,3,18,2312,2530,206,159,suonegortin
10470,nitroglycerin,145,3,19,2188,2699,431,84,nirecylgortin
10471,nitrous,145,3,20,2251,2774,213,85,suortin
10472,noble,145,3,21,2217,2934,94,127,elbon
10473,ignoble,145,3,22,2270,3041,243,146,elbongi
10474,nobility,145,3,23,2273,3178,108,135,ytilibon
10475,nobleman,145,3,24,2325,3304,197,149,namelbon
10476,nobler,145,3,25,2214,3418,109,137,relbon
10477,noblest,146,1,1,665,476,112,121,tselbon
10478,nobody,146,1,2,648,608,93,139,ydobon
10479,nocturne,146,1,3,738,693,253,62,enrutcon
10480,nocturnal,146,1,4,671,799,391,76,lanrutcon
10481,noise,146,1,5,668,951,119,70,esion
10482,noiseless,146,1,6,660,1078,264,69,sselesion
10483,noisily,146,1,7,694,1194,119,87,ylision
10484,noisiness,146,1,8,695,1325,164,83,ssenision
10485,noisome,146,1,9,670,1445,215,75,emosion
10486,nomad,146,1,10,640,1525,317,118,damon
10487,nomadic,146,1,11,644,1628,390,132,cidamon
10488,nomenclature,146,1,12,710,1818,321,36,erutalcnemon
10489,misnomer,146,1,13,690,1948,320,41,remonsim
10490,nominal,146,1,14,644,2074,399,27,lanimon
10491,nominally,146,1,15,724,2199,277,22,yllanimon
10492,nominate,146,1,16,682,2287,288,65,etanimon
10493,denominate,146,1,17,736,2349,319,106,etanimoned
10494,nomination,146,1,18,739,2549,294,32,noitanimon
10495,nominee,146,1,19,733,2681,281,26,eenimon
10496,nonagenarian,146,1,20,858,2792,201,130,nairaneganon
10497,nonagon,146,1,21,559,2909,344,65,noganon
10498,non-appearance,146,1,22,809,3025,227,89,ecnaraeppa-non
10499,nonchalant,146,1,23,719,3156,345,85,tnalahcnon
10500,nonchalance,146,1,24,752,3287,299,74,ecnalahcnon
10501,noncombatant,146,1,25,761,3393,240,161,tnatabmocnon
10502,non-commissioned,146,2,1,1601,466,388,70,denoissimmoc-non
10503,noncommittal,146,2,2,1468,605,508,49,lattimmocnon
10504,non-communicant,146,2,3,1577,748,378,50,tnacinummoc-non
10505,non-conductor,146,2,4,1634,781,412,99,rotcudnoc-non
10506,non-conformity,146,2,5,1652,943,319,100,ytimrofnoc-non
10507,non-conformist,146,2,6,1687,1085,329,97,tsimrofnoc-non
10508,nondescript,146,2,7,1494,1181,317,61,tpircsednon
10509,none,146,2,8,1531,1343,146,22,enon
10510,nonentity,146,2,9,1524,1408,297,89,ytitnenon
10511,nonesuch,146,2,10,1545,1586,145,95,hcusenon
10512,nonexistence,146,2,11,1581,1691,159,77,ecnetsixenon
10513,non-metallic,146,2,12,1494,1790,507,69,cillatem-non
10514,nonpareil,146,2,13,1576,1951,329,83,lierapnon
10515,non-participating,146,2,14,1676,2070,153,158,gnitapicitrap-non
10516,non-payment,146,2,15,1556,2194,210,116,tnemyap-non
10517,nonplus,146,2,16,1572,2320,253,100,sulpnon
10518,non-resident,146,2,17,1540,2436,312,67,tnediser-non
10519,non-resistant,146,2,18,1528,2544,348,69,tnatsiser-non
10520,nonsense,146,2,19,1570,2675,196,56,esnesnon
10521,nonsensical,146,2,20,1587,2794,260,82,lacisnesnon
10522,non-subscriber,146,2,21,1585,2927,315,72,rebircsbus-non
10523,non-suit,146,2,22,1566,3042,179,48,tius-non
10524,non-union,146,2,23,1541,3152,216,39,noinu-non
10525,noon,146,2,24,1552,3283,150,22,noon
10526,noonday,146,2,25,1518,3317,271,109,yadnoon
10527,noontide,146,3,1,2367,382,332,122,editnoon
10528,noontime,146,3,2,2352,526,268,106,emitnoon
10529,norm,146,3,3,2322,727,203,22,mron
10530,abnormal,146,3,4,2387,752,337,147,lamronba
10531,normal,146,3,5,2290,975,341,32,lamron
10532,normalcy,146,3,6,2307,1089,373,48,yclamron
10533,normality,146,3,7,2335,1214,355,47,ytilamron
10534,normally,146,3,8,2374,1329,267,26,yllamron
10535,subnormal,146,3,9,2350,1452,346,51,lamronbus
10536,Norman,146,3,10,2286,1583,290,62,namroN
10537,north,146,3,11,2405,1688,112,46,htron
10538,northeast,146,3,12,2442,1820,100,45,tsaehtron
10539,northeaster,146,3,13,2440,1944,144,62,retsaehtron
10540,northeasterly,146,3,14,2440,2064,149,63,ylretsaehtron
10541,northeastern,146,3,15,2437,2177,190,52,nretsaehtron
10542,northeastward,146,3,16,2478,2288,191,86,drawtsaehtron
10543,northerly,146,3,17,2451,2396,132,52,ylrehtron
10544,northern,146,3,18,2402,2520,189,49,nrehtron
10545,northerner,146,3,19,2397,2646,205,56,renrehtron
10546,northernmost,146,3,20,2426,2770,288,52,tsomnrehtron
10547,northland,146,3,21,2336,2832,316,105,dnalhtron
10548,northwest,146,3,22,2443,3025,75,28,tsewhtron
10549,northwesterly,146,3,23,2464,3145,166,36,ylretsewhtron
10550,northwestern,146,3,24,2459,3239,190,63,nretsewhtron
10551,nose,146,3,25,2370,3401,83,49,eson
10552,noseband,147,1,1,574,513,132,164,dnabeson
10553,nosebleed,147,1,2,763,638,231,148,deelbeson
10554,nosegay,147,1,3,536,764,243,65,yageson
10555,nostril,147,1,4,513,882,300,50,lirtson
10556,nostrum,147,1,5,479,1011,302,46,murtson
10557,not,147,1,6,560,1133,67,11,ton
10558,note,147,1,7,554,1220,122,55,eton
10559,annotate,147,1,8,565,1329,197,81,etatonna
10560,connote,147,1,9,568,1485,194,45,etonnoc
10561,denote,147,1,10,607,1542,142,99,etoned
10562,notability,147,1,11,588,1717,134,145,ytilibaton
10563,notable,147,1,12,594,1859,125,132,elbaton
10564,notarial,147,1,13,625,1942,343,85,lairaton
10565,notary,147,1,14,579,2075,220,63,yraton
10566,notation,147,1,15,609,2198,147,52,noitaton
10567,notebook,147,1,16,595,2320,127,139,koobeton
10568,noted,147,1,17,655,2371,230,133,deton
10569,noteworthy,147,1,18,647,2535,176,82,yhtroweton
10570,nothing,147,1,19,631,2706,80,28,gnihton
10571,nothingness,147,1,20,653,2822,172,44,ssengnihton
10572,notice,147,1,21,612,2907,148,73,eciton
10573,noticeable,147,1,22,609,3024,149,163,elbaeciton
10574,notify,147,1,23,661,3142,203,102,yfiton
10575,notification,147,1,24,651,3293,131,97,noitacifiton
10576,notion,147,1,25,603,3444,76,55,noiton
10577,notorious,147,2,1,1388,500,216,54,suoiroton
10578,notoriety,147,2,2,1411,600,242,71,yteiroton
10579,notwithstanding,147,2,3,1524,737,125,59,gnidnatshtiwton
10580,noun,147,2,4,1427,890,132,15,nuon
10581,pronoun,147,2,5,1412,952,191,81,nuonorp
10582,nourish,147,2,6,1409,1132,152,38,hsiruon
10583,nourishment,147,2,7,1483,1257,264,40,tnemhsiruon
10584,novel,147,2,8,1396,1377,109,111,levon
10585,novelette,147,2,9,1417,1499,129,143,ettelevon
10586,novelist,147,2,10,1406,1630,154,148,tsilevon
10587,novelize,147,2,11,1448,1753,154,157,ezilevon
10588,novelty,147,2,12,1499,1875,110,119,ytlevon
10589,novice,147,2,13,1368,1985,110,123,ecivon
10590,novitiate,147,2,14,1355,2109,150,193,etaitivon
10591,DOW,147,2,15,1475,2203,108,68,WOD
10592,nowadays,147,2,16,1438,2231,242,161,syadawon
10593,nowhere,147,2,17,1425,2421,190,65,erehwon
10594,noxious,147,2,18,1425,2582,160,81,suoixon
10595,innoxious,147,2,19,1425,2705,190,74,suoixonni
10596,obnoxious,147,2,20,1411,2722,159,204,suoixonbo
10597,nozzle,147,2,21,1363,2948,237,69,elzzon
10598,nucleate,147,2,22,1307,3053,313,45,etaelcun
10599,nuclear,147,2,23,1323,3170,337,50,raelcun
10600,nucleation,147,2,24,1410,3287,281,72,noitaelcun
10601,nucleus,147,2,25,1379,3424,303,51,suelcun
10602,nude,147,3,1,2154,461,197,90,edun
10603,nudity,147,3,2,2157,543,255,131,ytidun
10604,nudge,147,3,3,2145,769,85,127,egdun
10605,nugatory,147,3,4,2173,843,352,97,yrotagun
10606,nugget,147,3,5,2166,996,302,52,teggun
10607,nuisance,147,3,6,2200,1136,123,66,ecnasiun
10608,null,147,3,7,2211,1263,239,37,llun
10609,nullification,147,3,8,2292,1383,241,96,noitacifillun
10610,nullify,147,3,9,2241,1503,247,68,yfillun
10611,nullity,147,3,10,2220,1634,233,54,ytillun
10612,numb,147,3,11,2192,1754,222,22,bmun
10613,numbness,147,3,12,2230,1871,307,45,ssenbmun
10614,number,147,3,13,2248,1990,206,24,rebmun
10615,numberless,147,3,14,2253,2085,384,40,sselrebmun
10616,numeral,147,3,15,2192,2212,455,38,laremun
10617,enumerate,147,3,16,2269,2324,261,39,etaremune
10618,innumerable,147,3,17,2315,2435,251,129,elbaremunni
10619,numerate,147,3,18,2261,2554,323,56,etaremun
10620,numeration,147,3,19,2282,2676,325,64,noitaremun
10621,numerator,147,3,20,2235,2798,406,67,rotaremun
10622,numerical,147,3,21,2287,2933,275,48,laciremun
10623,numerous,147,3,22,2290,3055,215,36,suoremun
10624,numismatics,147,3,23,2237,3177,334,99,scitamsimun
10625,nuncio,147,3,24,2183,3302,160,50,oicnun
10626,nunnery,147,3,25,2123,3417,220,35,yrennun
10627,nuptial,148,1,1,657,503,76,117,laitpun
10628,nurse,148,1,2,667,624,156,45,esrun
10629,nursed,148,1,3,702,738,166,52,desrun
10630,nursemaid,148,1,4,679,822,326,126,diamesrun
10631,nursery,148,2,1,1526,495,220,67,yresrun
10632,nurseryman,148,2,2,1567,615,389,78,namyresrun
10633,nurture,148,2,3,1533,730,215,57,erutrun
10634,nutmeg,148,2,4,1461,822,411,87,gemtun
10635,nutriment,148,3,1,2293,470,327,69,tnemirtun
10636,nutrition,148,3,2,2349,593,213,67,noitirtun
10637,nutritious,148,3,3,2354,718,215,84,suoitirtun
10638,nutritive,148,3,4,2305,790,304,118,evitirtun
10639,oat,149,1,2,604,614,83,46,tao
10640,oaten,149,1,3,578,714,138,74,netao
10641,oatmeal,149,1,4,561,833,335,76,laemtao
10642,oath,149,1,5,592,982,63,41,htao
10643,obbligato,149,1,6,558,1036,337,151,otagilbbo
10644,obdurate,149,1,7,581,1169,200,137,etarudbo
10645,obduracy,149,1,8,604,1284,165,135,ycarudbo
10646,obedient,149,1,9,628,1402,131,128,tneidebo
10647,disobedient,149,1,10,618,1552,206,167,tneidebosid
10648,obedience,149,1,11,728,1642,119,136,ecneidebo
10649,obeisance,149,1,12,695,1771,87,179,ecnasiebo
10650,obelisk,149,1,13,559,1895,172,132,ksilebo
10651,obese,149,1,14,560,2020,89,144,esebo
10652,obesity,149,1,15,609,2132,72,155,ytisebo
10653,obey,149,1,16,631,2254,79,141,yebo
10654,disobey,149,1,17,578,2388,141,180,yebosid
10655,obituary,149,1,18,688,2501,137,120,yrautibo
10656,object,149,1,19,587,2612,82,126,tcejbo
10657,objectify,149,1,20,599,2720,111,197,yfitcejbo
10658,objection,149,1,21,686,2858,73,149,noitcejbo
10659,objectionable,149,1,22,658,2975,144,249,elbanoitcejbo
10660,objective,149,1,23,691,3089,155,234,evitcejbo
10661,objectivity,149,1,24,722,3230,139,206,ytivitcejbo
10662,objector,149,1,25,613,3350,107,166,rotcejbo
10663,unobjectionable,149,2,1,1518,523,169,241,elbanoitcejbonu
10664,objurgate,149,2,2,1613,535,184,240,etagrujbo
10665,oblation,149,2,3,1328,653,169,165,noitalbo
10666,oblige,149,2,4,1454,791,145,126,egilbo
10667,disoblige,149,2,5,1447,946,178,154,egilbosid
10668,obligate,149,2,6,1615,1045,257,128,etagilbo
10669,obligation,149,2,7,1504,1159,147,135,noitagilbo
10670,obligatory,149,2,8,1453,1272,322,161,yrotagilbo
10671,oblique,149,2,9,1463,1418,203,124,euqilbo
10672,obliquity,149,2,10,1461,1542,262,141,ytiuqilbo
10673,obliterate,149,2,11,1484,1663,177,129,etaretilbo
10674,obliteration,149,2,12,1542,1787,200,118,noitaretilbo
10675,transliterate,149,2,13,1542,1929,235,93,etaretilsnart
10676,oblivion,149,2,14,1441,2020,145,211,noivilbo
10677,oblivious,149,2,15,1557,2120,160,204,suoivilbo
10678,oblong,149,2,16,1406,2259,188,137,gnolbo
10679,obloquy,149,2,17,1460,2386,222,134,yuqolbo
10680,obnoxious,149,2,18,1367,2488,150,192,suoixonbo
10681,oboe,149,2,19,1347,2631,80,127,eobo
10682,obscene,149,2,20,1413,2743,105,181,enecsbo
10683,obscenity,149,2,21,1503,2856,122,180,ytinecsbo
10684,obscure,149,2,22,1551,2991,149,172,erucsbo
10685,obscureness,149,2,23,1648,3110,247,171,ssenerucsbo
10686,obscurity,149,2,24,1466,3231,160,178,ytirucsbo
10687,obsequious,149,2,25,1583,3335,123,189,suoiuqesbo
10688,obsequy,149,3,1,2221,409,128,184,yuqesbo
10689,observe,149,3,2,2330,535,98,181,evresbo
10690,observable,149,3,3,2306,655,151,256,elbavresbo
10691,observance,149,3,4,2417,770,100,205,ecnavresbo
10692,observant,149,3,5,2295,900,121,197,tnavresbo
10693,observation,149,3,6,2370,1037,98,183,noitavresbo
10694,observatory,149,3,7,2398,1155,116,174,yrotavresbo
10695,observer,149,3,8,2301,1278,125,169,revresbo
10696,unobservant,149,3,9,2354,1497,150,158,tnavresbonu
10697,obsess,149,3,10,2223,1504,110,195,ssesbo
10698,obsessed,149,3,11,2242,1630,110,196,dessesbo
10699,obsession,149,3,12,2297,1772,86,172,noissesbo
10700,obsidian,149,3,13,2338,1878,145,200,naidisbo
10701,obsolete,149,3,14,2202,2017,205,181,etelosbo
10702,obsolescence,149,3,15,2392,2120,220,215,ecnecselosbo
10703,obsolescent,149,3,16,2246,2244,263,200,tnecselosbo
10704,obsoletely,149,3,17,2457,2360,217,198,yletelosbo
10705,obsoleteness,149,3,18,2318,2495,286,180,ssenetelosbo
10706,obstacle,149,3,19,2212,2613,97,193,elcatsbo
10707,obstinate,149,3,20,2330,2737,174,173,etanitsbo
10708,obstinacy,149,3,21,2451,2838,126,168,ycanitsbo
10709,obstinately,149,3,22,2315,2975,184,173,yletanitsbo
10710,obstreperous,149,3,23,2402,3079,147,205,suorepertsbo
10711,obstruct,149,3,24,2252,3223,101,147,tcurtsbo
10712,obstruction,149,3,25,2336,3336,93,181,noitcurtsbo
10713,obstructionist,150,1,1,770,399,96,182,tsinoitcurtsbo
10714,obstructive,150,1,2,791,528,114,230,evitcurtsbo
10715,obstructor,150,1,3,876,650,135,143,rotcurtsbo
10716,unobstructed,150,1,4,805,867,138,162,detcurtsbonu
10717,obtain,150,1,5,586,902,109,114,niatbo
10718,obtainable,150,1,6,699,1010,116,179,elbaniatbo
10719,obtained,150,1,7,752,1125,200,141,deniatbo
10720,unobtainable,150,1,8,844,1346,113,219,elbaniatbonu
10721,obtrude,150,1,9,520,1386,227,141,edurtbo
10722,obtruder,150,1,10,644,1506,232,121,redurtbo
10723,obtrusion,150,1,11,647,1628,138,129,noisurtbo
10724,obtrusive,150,1,12,715,1752,152,217,evisurtbo
10725,unobtrusive,150,1,13,790,1965,144,274,evisurtbonu
10726,obtuse,150,1,14,609,1982,92,139,esutbo
10727,obverse,150,1,15,532,2123,178,249,esrevbo
10728,obviate,150,1,16,589,2227,165,246,etaivbo
10729,obviation,150,1,17,617,2352,191,247,noitaivbo
10730,obvious,150,1,18,631,2485,182,233,suoivbo
10731,occasion,150,1,19,682,2692,123,70,noisacco
10732,occasional,150,1,20,671,2814,242,94,lanoisacco
10733,occasionally,150,1,21,711,2934,117,114,yllanoisacco
10734,occasioned,150,1,22,721,3043,202,88,denoisacco
10735,occident,150,1,23,647,3198,231,75,tnedicco
10736,occidental,150,1,24,635,3289,403,88,latnedicco
10737,occiput,150,1,25,624,3419,108,113,tupicco
10738,occlude,150,2,1,1377,443,349,82,edulcco
10739,occlusion,150,2,2,1447,617,245,42,noisulcco
10740,occult,150,2,3,1402,722,295,53,tlucco
10741,occultation,150,2,4,1477,838,279,57,noitatlucco
10742,occultism,150,2,5,1448,966,417,60,msitlucco
10743,occupy,150,2,6,1520,1109,122,96,ypucco
10744,occupancy,150,2,7,1505,1229,115,119,ycnapucco
10745,occupant,150,2,8,1486,1355,168,105,tnapucco
10746,occupation,150,2,9,1541,1474,116,98,noitapucco
10747,occupational,150,2,10,1549,1599,258,92,lanoitapucco
10748,preoccupied,150,2,11,1522,1672,167,174,deipuccoerp
10749,unoccupied,150,2,12,1534,1850,194,109,deipucconu
10750,occur,150,2,13,1498,1966,166,25,rucco
10751,occurrence,150,2,14,1504,2092,239,37,ecnerrucco
10752,ocean,150,2,15,1520,2188,37,57,naeco
10753,oceanic,150,2,16,1488,2301,97,62,cinaeco
10754,oceanography,150,2,17,1587,2412,53,88,yhpargonaeco
10755,ocher,150,2,18,1444,2577,179,35,rehco
10756,ochlocracy,150,2,19,1414,2694,296,73,ycarcolhco
10757,octave,150,2,20,1369,2759,228,84,evatco
10758,octagon,150,2,21,1399,2897,387,77,nogatco
10759,octagonal,150,2,22,1447,3000,327,88,lanogatco
10760,octameter,150,2,23,1443,3092,297,115,retematco
10761,octangular,150,2,24,1492,3266,199,71,ralugnatco
10762,octavo,150,2,25,1441,3358,223,106,ovatco
10763,octopus,150,3,1,2285,475,146,127,supotco
10764,ocular,150,3,2,2217,621,320,36,raluco
10765,oculist,150,3,3,2229,733,271,50,tsiluco
10766,odd,150,3,4,2225,809,136,79,ddo
10767,oddity,150,3,5,2197,890,205,122,ytiddo
10768,oddness,150,3,6,2229,1025,200,103,ssenddo
10769,odium,150,3,7,2205,1162,211,96,muido
10770,odious,150,3,8,2244,1283,164,101,suoido
10771,odometer,150,3,9,2204,1396,307,105,retemodo
10772,odor,150,3,10,2257,1531,144,96,rodo
10773,deodorize,150,3,11,2298,1595,303,153,ezirodoed
10774,malodorous,150,3,12,2304,1776,447,108,suorodolam
10775,odoriferous,150,3,13,2348,1896,218,100,suorefirodo
10776,odorless,150,3,14,2247,2016,347,108,sselrodo
10777,odorous,150,3,15,2244,2125,182,102,suorodo
10778,of,150,3,16,2245,2318,36,25,fo
10779,off,150,3,17,2223,2399,72,81,ffo
10780,offal,150,3,18,2187,2514,197,102,laffo
10781,offcast,150,3,19,2230,2632,135,137,tsacffo
10782,off-color,150,3,20,2291,2763,254,95,roloc-ffo
10783,offend,150,3,21,2293,2877,131,93,dneffo
10784,inoffensive,150,3,22,2283,3069,144,189,evisneffoni
10785,offender,150,3,23,2428,3119,218,92,redneffo
10786,offense,150,3,24,2310,3230,99,115,esneffo
10787,offensive,150,3,25,2255,3349,130,191,evisneffo
10788,offer,151,1,1,566,419,83,94,reffo
10789,office,151,1,2,587,583,45,48,eciffo
10790,officeholder,151,1,3,662,699,269,63,redloheciffo
10791,officer,151,1,4,552,712,96,182,reciffo
10792,offices,151,1,5,582,940,43,72,seciffo
10793,official,151,1,6,543,1063,174,71,laiciffo
10794,officially,151,1,7,529,1178,78,93,yllaiciffo
10795,officiate,151,1,8,517,1297,98,105,etaiciffo
10796,officiation,151,1,9,545,1430,78,98,noitaiciffo
10797,officious,151,1,10,550,1559,57,86,suoiciffo
10798,often,151,1,11,532,1655,69,83,netfo
10799,oftener,151,1,12,519,1777,88,85,renetfo
10800,oftentimes,151,1,13,565,1867,200,116,semitnetfo
10801,ohm,151,1,14,516,2073,166,21,mho
10802,ohmmeter,151,1,15,562,2165,184,75,retemmho
10803,oil,151,1,16,484,2292,205,45,lio
10804,oilcloth,151,1,17,483,2420,372,59,htolclio
10805,oiler,151,1,18,447,2542,261,46,relio
10806,oilily,151,1,19,464,2668,230,41,ylilio
10807,oiliness,151,1,20,473,2788,292,48,ssenilio
10808,oilskin,151,1,21,490,2910,290,75,nikslio
10809,oilstone,151,1,22,505,3025,323,56,enotslio
10810,old,151,1,23,498,3131,208,79,dlo
10811,olden,151,1,24,490,3252,261,72,nedlo
10812,older,151,1,25,480,3372,276,80,redlo
10813,oldest,151,2,1,1439,428,230,88,tsedlo
10814,old-fashioned,151,2,2,1478,583,262,112,denoihsaf-dlo
10815,oldish,151,2,3,1456,693,210,70,hsidlo
10816,oldness,151,2,4,1411,812,296,67,ssendlo
10817,oleomargarine,151,2,5,1439,962,334,53,eniragramoelo
10818,olfactory,151,2,6,1423,1100,314,101,yrotcaflo
10819,oligarchy,151,2,7,1371,1219,319,38,yhcragilo
10820,olive,151,2,8,1382,1334,176,121,evilo
10821,omega,151,2,9,1301,1457,339,54,agemo
10822,omelet,151,2,10,1304,1596,291,44,telemo
10823,omen,151,2,11,1334,1712,221,23,nemo
10824,ominous,151,2,12,1346,1840,254,53,suonimo
10825,omit,151,2,13,1345,1930,199,64,timo
10826,omission,151,2,14,1358,2078,165,51,noissimo
10827,omnibus,151,2,15,1368,2192,263,147,subinmo
10828,omnipotent,151,2,16,1383,2336,261,80,tnetopinmo
10829,omnipotence,151,2,17,1460,2449,235,87,ecnetopinmo
10830,omnipresent,151,2,18,1400,2560,253,83,tneserpinmo
10831,omniscient,151,2,19,1370,2692,242,58,tneicsinmo
10832,nescient,151,2,20,1432,2798,104,56,tneicsen
10833,omniscience,151,2,21,1459,2922,252,69,ecneicsinmo
10834,prescient,151,2,22,1438,3001,115,108,tneicserp
10835,on,151,2,23,1388,3181,89,21,no
10836,onlooker,151,2,24,1343,3299,312,58,rekoolno
10837,onto,151,2,25,1310,3394,158,55,otno
10838,onward,151,3,1,2209,450,197,93,drawno
10839,thereon,151,3,2,2209,582,136,41,noereht
10840,one,151,3,3,2217,723,84,25,eno
10841,no one,151,3,4,2216,853,140,29,eno on
10842,oneness,151,3,5,2203,976,192,45,sseneno
10843,oneself,151,3,6,2244,1098,104,57,fleseno
10844,one-sided,151,3,7,2247,1225,156,79,dedis-eno
10845,only,151,3,8,2254,1347,89,26,ylno
10846,onomatopoeia,151,3,9,2264,1457,271,105,aieopotamono
10847,onus,151,3,10,2253,1595,102,56,suno
10848,onerous,151,3,11,2207,1706,193,56,suoreno
10849,onyx,151,3,12,2224,1828,111,42,xyno
10850,ooze,151,3,13,2216,1937,43,48,ezoo
10851,opal,151,3,14,2222,2005,188,104,lapo
10852,opalesce,151,3,15,2233,2129,182,117,ecselapo
10853,opalescence,151,3,16,2264,2257,243,130,ecnecselapo
10854,opalescent,151,3,17,2254,2382,266,118,tnecselapo
10855,opaque,151,3,18,2154,2498,148,143,euqapo
10856,opacity,151,3,19,2210,2615,59,118,yticapo
10857,open,151,3,20,2230,2737,60,96,nepo
10858,open-air,151,3,21,2222,2850,118,100,ria-nepo
10859,opener,151,3,22,2234,2985,87,94,renepo
10860,open-eyed,151,3,23,2230,3098,201,127,deye-nepo
10861,open-faced,151,3,24,2262,3215,102,192,decaf-nepo
10862,open-hearted,151,3,25,2336,3342,207,134,detraeh-nepo
10863,open-hearth,152,1,1,703,414,175,93,htraeh-nepo
10864,openly,152,1,2,668,543,84,95,ylnepo
10865,openness,152,1,3,652,656,153,109,ssennepo
10866,openwork,152,1,4,646,780,189,97,krownepo
10867,reopen,152,1,5,677,965,113,92,nepoer
10868,unopened,152,1,6,668,1093,185,111,deneponu
10869,opera,152,1,7,589,1148,121,99,arepo
10870,operetta,152,1,8,604,1273,179,95,atterepo
10871,operate,152,1,9,629,1401,132,95,etarepo
10872,cooperate,152,1,10,624,1579,121,110,etarepooc
10873,operable,152,1,11,580,1631,88,223,elbarepo
10874,operated,152,1,12,658,1763,156,108,detarepo
10875,operates,152,1,13,643,1881,122,118,setarepo
10876,operation,152,1,14,636,2011,114,111,noitarepo
10877,operative,152,1,15,730,2130,116,205,evitarepo
10878,operator,152,1,16,580,2252,175,125,rotarepo
10879,ophthalmology,152,1,17,671,2385,322,86,ygolomlahthpo
10880,opinion,152,1,18,667,2503,69,86,noinipo
10881,opinionated,152,1,19,668,2590,210,147,detanoinipo
10882,opinionative,152,1,20,691,2735,177,122,evitanoinipo
10883,opium,152,1,21,571,2866,185,104,muipo
10884,opiate,152,1,22,540,2969,132,148,etaipo
10885,opossum,152,1,23,597,3097,165,124,mussopo
10886,opponent,152,1,24,607,3229,87,105,tnenoppo
10887,opportune,152,1,25,581,3346,152,98,enutroppo
10888,opportunism,152,2,1,1536,407,297,105,msinutroppo
10889,opportunist,152,2,2,1528,530,181,101,tsinutroppo
10890,opportunity,152,2,3,1535,653,91,88,ytinutroppo
10891,oppose,152,2,4,1509,776,60,102,esoppo
10892,opposes,152,2,5,1499,903,54,113,sesoppo
10893,opposite,152,2,6,1519,1022,60,123,etisoppo
10894,opposition,152,2,7,1516,1146,61,123,noitisoppo
10895,unopposed,152,2,8,1487,1333,106,117,desopponu
10896,oppress,152,2,9,1423,1391,102,109,sserppo
10897,oppression,152,2,10,1482,1519,105,115,noisserppo
10898,oppressive,152,2,11,1472,1644,143,193,evisserppo
10899,oppressor,152,2,12,1552,1760,157,140,rosserppo
10900,opprobrious,152,2,13,1514,1881,89,236,suoirborppo
10901,opprobrium,152,2,14,1626,2001,218,230,muirborppo
10902,optic,152,2,15,1428,2126,149,100,citpo
10903,optical,152,2,16,1434,2243,141,98,lacitpo
10904,optician,152,2,17,1437,2367,76,103,naicitpo
10905,optimism,152,2,18,1398,2492,295,93,msimitpo
10906,optimist,152,2,19,1424,2597,190,108,tsimitpo
10907,optimistic,152,2,20,1453,2714,222,105,citsimitpo
10908,optimistical,152,2,21,1470,2854,367,100,lacitsimitpo
10909,optimum,152,2,22,1435,2971,306,104,mumitpo
10910,option,152,2,23,1427,3105,59,119,noitpo
10911,optional,152,2,24,1426,3219,182,141,lanoitpo
10912,optometry,152,2,25,1469,3303,287,152,yrtemotpo
10913,optometrist,152,3,1,2312,375,282,135,tsirtemotpo
10914,opulent,152,3,2,2270,535,244,97,tnelupo
10915,opulence,152,3,3,2261,670,224,87,ecnelupo
10916,opus,152,3,4,2251,773,94,133,supo
10917,opera,152,3,5,2275,897,118,92,arepo
10918,or,152,3,6,2258,1090,115,26,ro
10919,oracle,152,3,7,2267,1215,167,45,elcaro
10920,oracular,152,3,8,2232,1342,419,62,ralucaro
10921,oracularly,152,3,9,2256,1460,412,60,ylralucaro
10922,oral,152,3,10,2220,1587,283,41,laro
10923,orally,152,3,11,2230,1704,134,36,yllaro
10924,orange,152,3,12,2229,1809,146,135,egnaro
10925,orangeade,152,3,13,2307,1939,231,162,edaegnaro
10926,oration,152,3,14,2153,2055,126,69,noitaro
10927,orator,152,3,15,2219,2149,190,76,rotaro
10928,oratorical,152,3,16,2229,2288,305,57,lacirotaro
10929,oratorio,152,3,17,2229,2398,276,69,oirotaro
10930,oratory,152,3,18,2200,2528,254,67,yrotaro
10931,orb,152,3,19,2223,2675,109,127,bro
10932,orbit,152,3,20,2206,2800,103,126,tibro
10933,orchard,152,3,21,2292,2854,153,112,drahcro
10934,orchestra,152,3,22,2229,3034,261,83,artsehcro
10935,orchestral,152,3,23,2226,3169,379,58,lartsehcro
10936,orchestrate,152,3,24,2296,3275,252,72,etartsehcro
10937,orchestration,152,3,25,2339,3380,261,85,noitartsehcro
10938,orchid,153,1,1,520,494,206,92,dihcro
10939,ordain,153,1,2,566,598,157,107,niadro
10940,ordained,153,1,3,589,686,194,134,deniadro
10941,ordination,153,1,4,628,867,136,81,noitanidro
10942,ordeal,153,1,5,547,975,255,99,laedro
10943,order,153,1,6,566,1095,133,95,redro
10944,disorder,153,1,7,599,1199,220,117,redrosid
10945,orderliness,153,1,8,648,1329,195,106,ssenilredro
10946,reorder,153,1,9,599,1471,203,85,redroer
10947,ordinal,153,1,10,557,1586,298,93,lanidro
10948,ordinance,153,1,11,578,1716,233,91,ecnanidro
10949,ordinary,153,1,12,636,1851,143,76,yranidro
10950,extraordinary,153,1,13,710,1965,145,90,yranidroartxe
10951,ordinarily,153,1,14,662,2098,153,80,yliranidro
10952,ordinate,153,1,15,598,2170,181,121,etanidro
10953,coordinate,153,1,16,649,2307,247,120,etanidrooc
10954,inordinate,153,1,17,651,2448,247,100,etanidroni
10955,subordinate,153,1,18,684,2550,183,111,etanidrobus
10956,ordnance,153,1,19,587,2681,231,103,ecnandro
10957,organ,153,1,20,568,2868,230,43,nagro
10958,organic,153,1,21,585,2989,319,39,cinagro
10959,organically,153,1,22,633,3115,293,64,yllacinagro
10960,organism,153,1,23,578,3237,371,53,msinagro
10961,organist,153,1,24,569,3362,274,55,tsinagro
10962,organize,153,1,25,605,3472,201,37,ezinagro
10963,disorganize,153,2,1,1529,499,290,73,ezinagrosid
10964,organization,153,2,2,1574,671,183,33,noitazinagro
10965,reorganize,153,2,3,1518,784,229,34,ezinagroer
10966,unorganized,153,2,4,1512,915,253,55,dezinagronu
10967,orgy,153,2,5,1406,970,98,127,ygro
10968,orient,153,2,6,1397,1117,212,86,tneiro
10969,oriental,153,2,7,1386,1239,390,87,latneiro
10970,orientalism,153,2,8,1454,1350,449,91,msilatneiro
10971,orientalist,153,2,9,1446,1476,384,90,tsilatneiro
10972,orientate,153,2,10,1456,1585,229,109,etatneiro
10973,orientation,153,2,11,1482,1729,238,85,noitatneiro
10974,orifice,153,2,12,1440,1896,115,112,ecifiro
10975,origin,153,2,13,1435,2037,105,117,nigiro
10976,original,153,2,14,1516,2152,121,128,lanigiro
10977,originality,153,2,15,1473,2276,216,109,ytilanigiro
10978,originally,153,2,16,1467,2393,133,126,yllanigiro
10979,originate,153,2,17,1515,2513,133,143,etanigiro
10980,origination,153,2,18,1618,2632,115,150,noitanigiro
10981,originative,153,2,19,1482,2754,167,132,evitanigiro
10982,originator,153,2,20,1578,2883,125,140,rotanigiro
10983,oriole,153,2,21,1315,3001,294,49,eloiro
10984,Orion,153,2,22,1353,3098,186,74,noirO
10985,ormolu,153,2,23,1332,3245,317,32,ulomro
10986,ornate,153,2,24,1365,3337,166,80,etanro
10987,ornament,153,2,25,1411,3489,226,48,tnemanro
10988,ornamental,153,3,1,2369,558,209,40,latnemanro
10989,ornamentation,153,3,2,2399,681,233,51,noitatnemanro
10990,ornithology,153,3,3,2326,787,150,49,ygolohtinro
10991,orotund,153,3,4,2245,860,289,105,dnutoro
10992,orphan,153,3,5,2279,988,70,82,nahpro
10993,orphanage,153,3,6,2297,1097,100,188,eganahpro
10994,orphaned,153,3,7,2339,1235,141,89,denahpro
10995,orphanhood,153,3,8,2359,1352,172,110,doohnahpro
10996,orthochromatic,153,3,9,2320,1527,372,59,citamorhcohtro
10997,orthodox,153,3,10,2268,1581,218,99,xodohtro
10998,unorthodox,153,3,11,2306,1709,280,106,xodohtronu
10999,orthoepy,153,3,12,2313,1885,103,103,ypeohtro
11000,orthography,153,3,13,2318,2005,125,48,yhpargohtro
11001,orthopedic,153,3,14,2282,2120,245,117,cidepohtro
11002,oscillate,153,3,15,2257,2243,206,68,etallicso
11003,oscillation,153,3,16,2304,2363,205,90,noitallicso
11004,oscillator,153,3,17,2300,2495,260,87,rotallicso
11005,oscillatory,153,3,18,2294,2612,285,74,yrotallicso
11006,osculate,153,3,19,2246,2742,113,62,etalucso
11007,osier,153,3,20,2255,2860,40,63,reiso
11008,osmium,153,3,21,2166,2975,246,56,muimso
11009,osmosis,153,3,22,2178,3094,173,83,sisomso
11010,osprey,153,3,23,2162,3163,106,110,yerpso
11011,ossify,153,3,24,2203,3282,104,115,yfisso
11012,osseous,153,3,25,2229,3458,57,82,suoesso
11013,ostentation,154,1,1,651,439,168,122,noitatnetso
11014,ostensible,154,1,2,663,607,147,146,elbisnetso
11015,ostentatious,154,1,3,710,649,215,164,suoitatnetso
11016,osteopath,154,1,4,637,867,87,126,htapoetso
11017,ostracize,154,1,5,626,979,201,94,ezicartso
11018,ostracism,154,1,6,626,1087,197,92,msicartso
11019,ostrich,154,1,7,581,1237,162,84,hcirtso
11020,other,154,1,8,622,1379,88,43,rehto
11021,otherwise,154,1,9,618,1487,120,66,esiwrehto
11022,otiose,154,1,10,567,1613,58,119,esoito
11023,otter,154,1,11,567,1724,87,71,retto
11024,ourselves,154,1,12,548,1888,104,60,sevlesruo
11025,out,154,1,13,555,1989,86,66,tuo
11026,outcast,154,1,14,548,2090,203,82,tsactuo
11027,outclass,154,1,15,504,2233,333,66,ssalctuo
11028,outcome,154,1,16,521,2362,279,71,emoctuo
11029,outcrop,154,1,17,530,2492,229,75,porctuo
11030,outcry,154,1,18,547,2578,261,92,yrctuo
11031,outdistance,154,1,19,588,2648,290,159,ecnatsidtuo
11032,outdoors,154,1,20,570,2784,283,128,sroodtuo
11033,outer,154,1,21,559,2971,185,60,retuo
11034,outermost,154,1,22,520,3102,333,56,tsomretuo
11035,outfield,154,1,23,537,3216,241,100,dleiftuo
11036,outfit,154,1,24,599,3338,111,126,tiftuo
11037,outgeneral,154,1,25,605,3450,118,154,larenegtuo
11038,outgo,154,2,1,1394,499,232,76,ogtuo
11039,outgrowth,154,2,2,1379,630,333,75,htworgtuo
11040,outlandish,154,2,3,1371,750,359,86,hsidnaltuo
11041,outlaw,154,2,4,1372,893,245,61,waltuo
11042,outlet,154,2,5,1401,1014,233,62,teltuo
11043,outline,154,2,6,1379,1129,293,67,eniltuo
11044,outlined,154,2,7,1383,1212,315,109,deniltuo
11045,outlive,154,2,8,1371,1384,257,131,eviltuo
11046,outlook,154,2,9,1355,1509,259,61,kooltuo
11047,outnumber,154,2,10,1403,1626,272,64,rebmuntuo
11048,output,154,2,11,1423,1725,167,80,tuptuo
11049,outrage,154,2,12,1401,1866,176,142,egartuo
11050,outreach,154,2,13,1367,1987,153,109,hcaertuo
11051,outrigger,154,2,14,1361,2106,348,66,reggirtuo
11052,outside,154,2,15,1433,2232,86,110,edistuo
11053,outstanding,154,2,16,1452,2360,195,71,gnidnatstuo
11054,outtalk,154,2,17,1392,2437,214,109,klattuo
11055,outward,154,2,18,1388,2565,200,104,drawtuo
11056,outwear,154,2,19,1377,2732,171,73,raewtuo
11057,outwit,154,2,20,1356,2838,164,78,tiwtuo
11058,oval,154,2,21,1410,2890,161,137,lavo
11059,oven,154,2,22,1381,3030,95,123,nevo
11060,over,154,2,23,1353,3187,139,76,revo
11061,overalls,154,2,24,1403,3300,50,96,sllarevo
11062,overawe,154,2,25,1402,3429,45,69,ewarevo
11063,overbalance,154,3,1,2352,451,166,128,ecnalabrevo
11064,overboard,154,3,2,2269,569,156,144,draobrevo
11065,overburden,154,3,3,2372,708,143,124,nedrubrevo
11066,overcapitalize,154,3,4,2376,855,144,153,ezilatipacrevo
11067,overcharge,154,3,5,2264,950,104,243,egrahcrevo
11068,overcoat,154,3,6,2329,1103,151,82,taocrevo
11069,overcome,154,3,7,2264,1239,209,79,emocrevo
11070,overdevelop,154,3,8,2307,1335,304,121,polevedrevo
11071,overdo,154,3,9,2316,1449,135,99,odrevo
11072,overdraft,154,3,10,2313,1561,208,107,tfardrevo
11073,overdriven,154,3,11,2303,1675,201,148,nevirdrevo
11074,overdue,154,3,12,2261,1837,152,87,eudrevo
11075,overexpose,154,3,13,2305,1931,92,117,esopxerevo
11076,overflow,154,3,14,2265,2062,213,101,wolfrevo
11077,overhand,154,3,15,2273,2183,140,84,dnahrevo
11078,overhang,154,3,16,2272,2329,151,86,gnahrevo
11079,overhaul,154,3,17,2255,2436,200,95,luahrevo
11080,overhead,154,3,18,2272,2553,151,89,daehrevo
11081,overinfluence,154,3,19,2326,2698,84,125,ecneulfnirevo
11082,overlap,154,3,20,2250,2804,224,128,palrevo
11083,overlook,154,3,21,2261,2931,205,91,koolrevo
11084,overnight,154,3,22,2315,3052,106,100,thginrevo
11085,overpower,154,3,23,2312,3166,115,123,rewoprevo
11086,overproduction,154,3,24,2389,3259,296,126,noitcudorprevo
11087,overreach,154,3,25,2278,3416,126,142,hcaerrevo
11088,overrule,155,1,1,523,458,243,80,elurrevo
11089,overrun,155,1,2,552,582,153,72,nurrevo
11090,overseer,155,1,3,568,690,122,91,reesrevo
11091,overshadow,155,1,4,590,796,210,146,wodahsrevo
11092,overshoe,155,1,5,632,941,46,92,eohsrevo
11093,oversight,155,1,6,595,1066,132,90,thgisrevo
11094,oversize,155,1,7,621,1189,92,100,ezisrevo
11095,oversubscribe,155,1,8,642,1308,165,101,ebircsbusrevo
11096,overt,155,1,9,593,1434,74,76,trevo
11097,overtake,155,1,10,563,1548,178,92,ekatrevo
11098,overthrow,155,1,11,598,1678,165,72,worhtrevo
11099,overtime,155,1,12,589,1776,240,107,emitrevo
11100,overtone,155,2,1,1433,465,141,66,enotrevo
11101,overture,155,2,2,1418,586,156,70,erutrevo
11102,overturn,155,2,3,1430,713,150,66,nrutrevo
11103,overweight,155,2,4,1479,831,128,107,thgiewrevo
11104,overwhelm,155,2,5,1444,950,357,87,mlehwrevo
11105,overwhelmed,155,2,6,1504,1047,346,112,demlehwrevo
11106,overwrought,155,2,7,1501,1200,186,75,thguorwrevo
11107,owl,155,2,8,1397,1342,278,64,lwo
11108,owlet,155,2,9,1402,1472,244,60,telwo
11109,owlish,155,2,10,1393,1585,242,66,hsilwo
11110,own,155,2,11,1433,1742,87,22,nwo
11111,owner,155,2,12,1437,1853,113,32,renwo
11112,ownership,155,3,1,2358,506,121,59,pihsrenwo
11113,oxalic,155,3,2,2238,585,268,86,cilaxo
11114,oxygen,155,3,3,2274,681,95,157,negyxo
11115,dioxide,155,3,4,2264,800,245,103,edixoid
11116,hydroxide,155,3,5,2264,901,363,133,edixordyh
11117,monoxide,155,3,6,2293,1104,309,90,edixonom
11118,oxide,155,3,7,2223,1177,196,117,edixo
11119,oxidize,155,3,8,2275,1265,206,152,ezidixo
11120,oxyhydrogen,155,3,9,2329,1416,268,125,negordyhyxo
11121,protoxide,155,3,10,2282,1561,247,120,edixotorp
11122,oyster,155,3,11,2299,1706,99,67,retsyo
11123,ozone,155,3,12,2299,1825,90,68,enozo
11124,pabulum,156,1,2,563,616,263,169,mulubap
11125,pacemaker,156,1,3,823,731,274,140,rekamecap
11126,pachyderm,156,1,4,605,866,333,117,mredyhcap
11127,pacify,156,1,5,596,983,141,169,yficap
11128,pacific,156,1,6,709,1102,91,119,cificap
11129,pacifically,156,1,7,703,1225,96,113,yllacificap
11130,pacification,156,1,8,687,1352,110,174,noitacificap
11131,pacier,156,1,9,704,1477,130,170,reicap
11132,pacifism,156,1,10,772,1594,146,185,msificap
11133,pacifist,156,1,11,546,1710,142,186,tsificap
11134,pack,156,1,12,600,1848,132,106,kcap
11135,package,156,1,13,627,1957,120,185,egakcap
11136,packer,156,1,14,544,2092,216,109,rekcap
11137,packet,156,1,15,568,2203,174,106,tekcap
11138,pact,156,1,16,547,2322,128,105,tcap
11139,pad,156,1,17,503,2434,187,129,dap
11140,paddle,156,1,18,507,2549,328,120,elddap
11141,paddock,156,1,19,526,2658,267,127,kcoddap
11142,padlock,156,1,20,510,2784,374,131,kcoldap
11143,pagan,156,1,21,515,2928,281,113,nagap
11144,page,156,1,22,637,3047,119,164,egap
11145,pagination,156,1,23,639,3175,123,202,noitanigap
11146,pageant,156,1,24,744,3299,135,153,tnaegap
11147,pageantry,156,1,25,636,3410,210,151,yrtnaegap
11148,paid,156,2,1,1500,485,142,91,diap
11149,overpaid,156,2,2,1526,577,145,117,diaprevo
11150,repaid,156,2,3,1443,795,166,89,diaper
11151,unpaid,156,2,4,1461,917,146,91,diapnu
11152,pain,156,2,5,1441,984,136,112,niap
11153,painful,156,2,6,1423,1109,139,139,lufniap
11154,painless,156,2,7,1432,1231,307,101,sselniap
11155,painstaking,156,2,8,1482,1364,247,94,gnikatsniap
11156,paint,156,2,9,1487,1471,139,92,tniap
11157,painted,156,2,10,1459,1584,257,112,detniap
11158,painter,156,2,11,1442,1708,227,96,retniap
11159,pajama,156,2,12,1379,1839,148,195,amajap
11160,palace,156,2,13,1566,1957,221,109,ecalap
11161,palatial,156,2,14,1425,2083,191,107,laitalap
11162,palanquin,156,2,15,1416,2209,322,101,niuqnalap
11163,palate,156,2,16,1453,2318,229,101,etalap
11164,palatable,156,2,17,1466,2446,235,163,elbatalap
11165,paleography,156,2,18,1488,2581,240,94,yhpargoelap
11166,paleontology,156,2,19,1478,2691,323,93,ygolotnoelap
11167,palette,156,2,20,1390,2807,237,91,ettelap
11168,palfrey,156,2,21,1413,2936,227,132,yerflap
11169,palimpsest,156,2,22,1429,3051,304,182,tsespmilap
11170,palindrome,156,2,23,1428,3189,493,95,emordnilap
11171,palisade,156,2,24,1413,3293,306,153,edasilap
11172,pall,156,2,25,1414,3407,191,92,llap
11173,palladium,156,3,1,2252,491,339,112,muidallap
11174,palliate,156,3,2,2251,615,233,99,etaillap
11175,palliation,156,3,3,2313,743,197,97,noitaillap
11176,palliative,156,3,4,2269,863,307,106,evitaillap
11177,pallium,156,3,5,2247,979,291,101,muillap
11178,pallor,156,3,6,2209,1107,302,85,rollap
11179,palmetto,156,3,7,2210,1232,363,86,ottemlap
11180,palmist,156,3,8,2222,1354,220,97,tsimlap
11181,palmistry,156,3,9,2273,1472,272,96,yrtsimlap
11182,palpate,156,3,10,2282,1600,156,185,etaplap
11183,palpability,156,3,11,2467,1713,219,232,ytilibaplap
11184,palpable,156,3,12,2287,1842,188,236,elbaplap
11185,palpation,156,3,13,2472,1963,172,159,noitaplap
11186,palpitate,156,3,14,2271,2083,220,149,etatiplap
11187,palsy,156,3,15,2254,2209,177,103,yslap
11188,palsied,156,3,16,2266,2320,212,127,deislap
11189,paltry,156,3,17,2224,2435,299,101,yrtlap
11190,pampas,156,3,18,2224,2563,207,141,sapmap
11191,pamphlet,156,3,19,2200,2687,198,111,telhpmap
11192,panacea,156,3,20,2243,2799,151,124,aecanap
11193,panchromatic,156,3,21,2292,2932,387,97,citamorhcnap
11194,achromatic,156,3,22,2327,3103,306,62,citamorhca
11195,orthochromatic,156,3,23,2402,3211,312,62,citamorhcohtro
11196,pancreas,156,3,24,2297,3292,305,104,saercnap
11197,pancreatic,156,3,25,2309,3418,296,97,citaercnap
11198,pandemonium,157,1,1,668,479,323,83,muinomednap
11199,panegyric,157,1,2,596,605,157,162,cirygenap
11200,panegyrical,157,1,3,755,715,204,172,lacirygenap
11201,panegyrist,157,1,4,635,857,129,196,tsirygenap
11202,panegyrize,157,1,5,794,981,156,191,ezirygenap
11203,panel,157,1,6,490,1099,309,101,lenap
11204,pang,157,1,7,495,1223,155,95,gnap
11205,panic,157,1,8,500,1350,186,95,cinap
11206,pannier,157,1,9,510,1465,142,113,reinnap
11207,panoply,157,1,10,490,1606,271,130,ylponap
11208,panorama,157,1,11,646,1731,330,92,amaronap
11209,panoramic,157,1,12,565,1847,412,96,cimaronap
11210,pansy,157,1,13,563,1953,125,103,ysnap
11211,pant,157,1,14,570,2064,132,91,tnap
11212,pantaloon,157,1,15,540,2193,370,83,noolatnap
11213,pantheon,157,1,16,536,2319,216,96,noehtnap
11214,panther,157,1,17,545,2427,158,101,rehtnap
11215,pantograph,157,1,18,608,2551,168,85,hpargotnap
11216,pantomime,157,1,19,567,2673,374,92,emimotnap
11217,pantry,157,1,20,561,2786,209,83,yrtnap
11218,papacy,157,1,21,539,2918,95,163,ycapap
11219,papal,157,1,22,581,3039,171,142,lapap
11220,paper,157,1,23,748,3161,92,131,repap
11221,newspaper,157,1,24,674,3336,88,98,repapswen
11222,papoose,157,1,25,557,3398,107,162,esoopap
11223,paprika,157,2,1,1340,492,192,144,akirpap
11224,par,157,2,2,1248,605,114,94,rap
11225,parity,157,2,3,1331,746,94,107,ytirap
11226,parable,157,2,4,1411,838,93,160,elbarap
11227,parabola,157,2,5,1481,964,187,159,alobarap
11228,parabolic,157,2,6,1668,1082,222,172,cilobarap
11229,parabolical,157,2,7,1488,1199,233,168,lacilobarap
11230,parachute,157,2,8,1392,1316,88,114,etuhcarap
11231,parade,157,2,9,1360,1461,243,90,edarap
11232,paradigm,157,2,10,1395,1573,224,104,mgidarap
11233,paradise,157,2,11,1409,1674,159,111,esidarap
11234,paradox,157,2,12,1420,1808,170,102,xodarap
11235,paradoxical,157,2,13,1464,1922,239,106,lacixodarap
11236,paraffin,157,2,14,1413,2058,100,123,niffarap
11237,paragon,157,2,15,1408,2184,239,100,nogarap
11238,paragraph,157,2,16,1426,2299,184,98,hpargarap
11239,parallax,157,2,17,1399,2410,198,120,xallarap
11240,parallel,157,2,18,1400,2541,184,100,lellarap
11241,parallelogram,157,2,19,1509,2664,264,140,margolellarap
11242,unparalleled,157,2,20,1472,2790,240,104,delellarapnu
11243,paralyze,157,2,21,1428,2896,230,122,ezylarap
11244,paralysis,157,2,22,1415,3026,196,113,sisylarap
11245,paralytic,157,2,23,1440,3135,199,148,citylarap
11246,paralyzes,157,2,24,1441,3264,222,135,sezylarap
11247,paramount,157,2,25,1407,3392,269,87,tnuomarap
11248,paranoia,157,3,1,2276,464,136,119,aionarap
11249,paranoiac,157,3,2,2300,598,206,100,caionarap
11250,parapet,157,3,3,2310,734,76,130,teparap
11251,paraphernalia,157,3,4,2375,827,128,115,ailanrehparap
11252,paraphrase,157,3,5,2268,951,145,129,esarhparap
11253,parasite,157,3,6,2231,1086,122,123,etisarap
11254,parasitic,157,3,7,2320,1199,67,149,citisarap
11255,parcel,157,3,8,2215,1354,241,109,lecrap
11256,parchment,157,3,9,2236,1470,203,148,tnemhcrap
11257,pardon,157,3,10,2432,1598,168,84,nodrap
11258,pardonable,157,3,11,2336,1706,155,145,elbanodrap
11259,unpardonable,157,3,12,2413,1885,179,136,elbanodrapnu
11260,paregoric,157,3,13,2126,1974,424,95,cirogerap
11261,parent,157,3,14,2217,2068,194,89,tnerap
11262,parentage,157,3,15,2242,2191,208,127,egatnerap
11263,parental,157,3,16,2170,2324,367,84,latnerap
11264,parenthesis,157,3,17,2274,2437,216,86,sisehtnerap
11265,parentheses,157,3,18,2283,2558,213,94,sesehtnerap
11266,parish,157,3,19,2242,2676,114,105,hsirap
11267,parishioner,157,3,20,2330,2797,122,124,renoihsirap
11268,parliament,157,3,21,2253,2922,262,85,tnemailrap
11269,parliamentarian,157,3,22,2380,3051,284,120,nairatnemailrap
11270,parliamentary,157,3,23,2346,3168,309,102,yratnemailrap
11271,unparliamentary,157,3,24,2381,3343,275,108,yratnemailrapnu
11272,parlor,157,3,25,2228,3397,318,96,rolrap
11273,parochial,158,1,1,600,465,346,84,laihcorap
11274,parody,158,1,2,622,583,238,95,ydorap
11275,parole,158,1,3,575,710,288,99,elorap
11276,paroxysm,158,1,4,656,838,158,131,msyxorap
11277,paroxysmal,158,1,5,678,962,258,133,lamsyxorap
11278,parquet,158,1,6,623,1083,184,104,teuqrap
11279,parricide,158,1,7,656,1209,127,129,edicirrap
11280,parricidal,158,1,8,755,1326,236,156,ladicirrap
11281,parrot,158,1,9,608,1446,172,84,torrap
11282,parsley,158,1,10,573,1574,269,118,yelsrap
11283,parsnip,158,1,11,562,1685,172,155,pinsrap
11284,parsimony,158,1,12,688,1817,309,107,ynomisrap
11285,parsimonious,158,1,13,712,1937,311,135,suoinomisrap
11286,parson,158,1,14,642,2054,153,94,nosrap
11287,parsonage,158,1,15,665,2180,142,204,eganosrap
11288,part,158,1,16,597,2305,68,78,trap
11289,apart,158,1,17,640,2407,93,91,trapa
11290,apartment,158,1,18,653,2529,208,99,tnemtrapa
11291,compartment,158,1,19,740,2701,208,90,tnemtrapmoc
11292,department,158,1,20,735,2784,273,84,tnemtraped
11293,partake,158,1,21,690,2897,162,86,ekatrap
11294,parterre,158,1,22,658,3025,116,85,erretrap
11295,partial,158,1,23,666,3140,94,100,laitrap
11296,partiality,158,1,24,635,3263,246,121,ytilaitrap
11297,partially,158,1,25,598,3377,93,152,yllaitrap
11298,participate,158,2,1,1548,463,89,144,etapicitrap
11299,participant,158,2,2,1603,589,130,153,tnapicitrap
11300,participle,158,2,3,1487,720,83,133,elpicitrap
11301,participial,158,2,4,1561,832,187,149,laipicitrap
11302,particle,158,2,5,1470,951,144,87,elcitrap
11303,particular,158,2,6,1516,1069,115,115,ralucitrap
11304,particularity,158,2,7,1541,1177,188,111,ytiralucitrap
11305,particularize,158,2,8,1539,1315,160,115,eziralucitrap
11306,particularly,158,2,9,1519,1438,129,114,ylralucitrap
11307,partisan,158,2,10,1509,1561,133,86,nasitrap
11308,partisanship,158,2,11,1545,1687,125,115,pihsnasitrap
11309,partition,158,2,12,1484,1811,79,81,noititrap
11310,partner,158,2,13,1463,1929,140,83,rentrap
11311,partnership,158,2,14,1507,2055,120,76,pihsrentrap
11312,partridge,158,2,15,1447,2180,145,153,egdirtrap
11313,party,158,2,16,1377,2294,77,83,ytrap
11314,paschal,158,2,17,1387,2408,235,114,lahcsap
11315,pass,158,2,18,1460,2536,81,106,ssap
11316,impassable,158,2,19,1456,2711,149,208,elbassapmi
11317,passable,158,2,20,1586,2774,105,219,elbassap
11318,passage,158,2,21,1461,2897,111,220,egassap
11319,passageway,158,2,22,1471,3026,172,241,yawegassap
11320,passed,158,2,23,1379,3148,63,115,dessap
11321,past,158,2,24,1506,3250,71,119,tsap
11322,passenger,158,2,25,1444,3379,132,217,regnessap
11323,passion,158,3,1,2435,463,78,109,noissap
11324,dispassionate,158,3,2,2415,571,150,179,etanoissapsid
11325,impassioned,158,3,3,2418,765,236,110,denoissapmi
11326,passionate,158,3,4,2333,827,121,160,etanoissap
11327,passionless,158,3,5,2389,950,198,128,sselnoissap
11328,passive,158,3,6,2348,1080,152,200,evissap
11329,impassive,158,3,7,2419,1252,150,183,evissapmi
11330,passivity,158,3,8,2220,1320,159,191,ytivissap
11331,passover,158,3,9,2351,1440,144,122,revossap
11332,passport,158,3,10,2317,1571,102,167,tropssap
11333,password,158,3,11,2377,1691,154,119,drowssap
11334,paste,158,3,12,2379,1804,85,118,etsap
11335,pasteboard,158,3,13,2382,1920,152,216,draobetsap
11336,pastel,158,3,14,2242,2053,230,110,letsap
11337,pastern,158,3,15,2298,2172,137,123,nretsap
11338,pastime,158,3,16,2291,2302,205,111,emitsap
11339,pastor,158,3,17,2316,2410,95,118,rotsap
11340,pastoral,158,3,18,2262,2539,322,115,larotsap
11341,pastorate,158,3,19,2275,2665,200,110,etarotsap
11342,pastry,158,3,20,2289,2781,167,116,yrtsap
11343,pasture,158,3,21,2290,2902,156,109,erutsap
11344,pasturage,158,3,22,2282,3024,155,207,egarutsap
11345,patch,158,3,23,2408,3144,92,142,hctap
11346,patchwork,158,3,24,2404,3265,169,138,krowhctap
11347,patchy,158,3,25,2237,3374,119,148,yhctap
11348,patella,159,1,1,535,461,279,118,alletap
11349,patent,159,1,2,581,567,198,145,tnetap
11350,patentable,159,1,3,596,698,228,143,elbatnetap
11351,patented,159,1,4,626,755,329,213,detnetap
11352,patentee,159,1,5,606,948,242,129,eetnetap
11353,paternal,159,1,6,567,1070,350,133,lanretap
11354,paternalism,159,1,7,632,1183,444,135,msilanretap
11355,paternally,159,1,8,618,1316,213,128,yllanretap
11356,paternity,159,1,9,608,1439,225,129,ytinretap
11357,path,159,1,10,585,1584,115,108,htap
11358,pathfinder,159,1,11,606,1685,260,126,rednifhtap
11359,pathless,159,1,12,565,1811,260,122,sselhtap
11360,pathway,159,1,13,566,1930,128,115,yawhtap
11361,pathology,159,1,14,601,2066,76,83,ygolohtap
11362,pathos,159,1,15,598,2193,72,84,sohtap
11363,pathetic,159,1,16,596,2313,95,92,citehtap
11364,patient,159,1,17,602,2430,81,116,tneitap
11365,impatient,159,1,18,620,2605,150,114,tneitapmi
11366,patience,159,1,19,581,2671,85,133,ecneitap
11367,patio,159,1,20,612,2792,117,119,oitap
11368,patriarch,159,1,21,628,2914,256,87,hcrairtap
11369,patriarchal,159,1,22,623,3039,353,83,lahcrairtap
11370,patriarchate,159,1,23,687,3171,283,79,etahcrairtap
11371,patrician,159,1,24,640,3281,137,76,naicirtap
11372,patrimony,159,1,25,559,3411,350,70,ynomirtap
11373,patrimonial,159,2,1,1444,494,417,69,lainomirtap
11374,patriot,159,2,2,1413,612,186,74,toirtap
11375,patriotic,159,2,3,1441,738,145,97,citoirtap
11376,patriotism,159,2,4,1430,863,306,82,msitoirtap
11377,patrol,159,2,5,1396,983,291,75,lortap
11378,patrolman,159,2,6,1416,1100,462,78,namlortap
11379,patron,159,2,7,1421,1226,193,75,nortap
11380,patronage,159,2,8,1446,1346,191,162,eganortap
11381,patroness,159,2,9,1586,1469,203,77,ssenortap
11382,patronize,159,2,10,1518,1582,248,81,ezinortap
11383,patronymic,159,2,11,1418,1713,359,71,cimynortap
11384,pattern,159,2,12,1423,1810,177,121,nrettap
11385,patterned,159,2,13,1423,1898,292,161,denrettap
11386,paucity,159,2,14,1466,2072,63,107,yticuap
11387,pauper,159,2,15,1452,2194,98,141,repuap
11388,pauperism,159,2,16,1515,2319,191,134,msirepuap
11389,pauperization,159,2,17,1557,2451,115,197,noitazirepuap
11390,pauperize,159,2,18,1427,2557,121,158,ezirepuap
11391,pause,159,2,19,1526,2679,69,106,esuap
11392,pave,159,2,20,1413,2788,171,177,evap
11393,pavement,159,2,21,1406,2911,191,169,tnemevap
11394,pavilion,159,2,22,1502,3030,233,174,noilivap
11395,pawn,159,2,23,1363,3152,91,91,nwap
11396,pawnbroker,159,2,24,1525,3270,219,201,rekorbnwap
11397,pawnshop,159,2,25,1425,3406,88,172,pohsnwap
11398,pay,159,3,1,2262,476,76,103,yap
11399,paid,159,3,2,2232,605,153,94,diap
11400,payable,159,3,3,2195,740,117,180,elbayap
11401,payee,159,3,4,2267,851,93,100,eeyap
11402,payees,159,3,5,2294,958,103,103,seeyap
11403,paymaster,159,3,6,2252,1098,253,100,retsamyap
11404,payment,159,3,7,2233,1230,196,96,tnemyap
11405,repaid,159,3,8,2245,1387,171,99,diaper
11406,repay,159,3,9,2242,1509,112,102,yaper
11407,unpaid,159,3,10,2247,1631,158,99,diapnu
11408,peace,159,3,11,2278,1715,72,107,ecaep
11409,pacify,159,3,12,2241,1820,142,168,yficap
11410,peaceable,159,3,13,2249,1954,130,220,elbaecaep
11411,peaceful,159,3,14,2298,2071,133,155,lufecaep
11412,peacemaker,159,3,15,2375,2191,306,122,rekamecaep
11413,peacock,159,3,16,2209,2327,188,82,kcocaep
11414,peanut,159,3,17,2181,2430,157,93,tunaep
11415,pearl,159,3,18,2190,2558,246,74,lraep
11416,peasant,159,3,19,2232,2675,135,133,tnasaep
11417,peasantry,159,3,20,2307,2786,223,129,yrtnasaep
11418,pebble,159,3,21,2181,2918,91,168,elbbep
11419,pebbly,159,3,22,2216,3026,111,178,ylbbep
11420,pecan,159,3,23,2304,3152,184,84,nacep
11421,peccant,159,3,24,2254,3257,198,101,tnaccep
11422,peccadillo,159,3,25,2265,3372,344,120,ollidaccep
11423,peccancy,160,1,1,620,514,174,96,ycnaccep
11424,peccary,160,1,2,569,623,194,90,yraccep
11425,peck,160,1,3,579,749,116,84,kcep
11426,pectoral,160,1,4,506,883,366,77,larotcep
11427,peculate,160,1,5,532,1010,144,88,etalucep
11428,peculiar,160,1,6,624,1129,121,71,railucep
11429,peculiarity,160,1,7,657,1244,185,105,ytirailucep
11430,peculiarly,160,1,8,647,1377,128,88,ylrailucep
11431,pecuniary,160,1,9,611,1491,186,77,yrainucep
11432,pedagogue,160,1,10,584,1563,319,128,eugogadep
11433,pedagogic,160,1,11,628,1682,310,130,cigogadep
11434,pedagogical,160,1,12,644,1818,313,124,lacigogadep
11435,pedagogy,160,1,13,576,1942,299,139,ygogadep
11436,pedal,160,1,14,451,2072,305,94,ladep
11437,pedant,160,1,15,554,2175,193,113,tnadep
11438,pedantic,160,1,16,592,2271,241,138,citnadep
11439,pedantical,160,1,17,604,2378,314,155,lacitnadep
11440,pedantry,160,1,18,557,2526,293,130,yrtnadep
11441,peddle,160,1,19,550,2682,295,95,elddep
11442,peddler,160,1,20,548,2783,363,99,relddep
11443,pedestal,160,1,21,552,2910,352,108,latsedep
11444,pedestrian,160,1,22,589,3027,289,104,nairtsedep
11445,pedestrianism,160,1,23,681,3146,394,110,msinairtsedep
11446,pediatrics,160,1,24,613,3272,339,104,scirtaidep
11447,pedicular,160,1,25,543,3395,409,106,ralucidep
11448,pedigree,160,2,1,1383,479,278,100,eergidep
11449,pediment,160,2,2,1397,599,239,113,tnemidep
11450,pedometer,160,2,3,1403,697,278,131,retemodep
11451,peer,160,2,4,1401,873,105,80,reep
11452,peerage,160,2,5,1407,1000,87,161,egareep
11453,peeress,160,2,6,1470,1115,102,101,ssereep
11454,peerless,160,2,7,1389,1240,226,87,sselreep
11455,peevish,160,2,8,1278,1367,169,200,hsiveep
11456,peg,160,2,9,1398,1490,203,82,gep
11457,Pegasus,160,2,10,1367,1611,253,126,susageP
11458,pelican,160,2,11,1353,1728,306,106,nacilep
11459,pelisse,160,2,12,1371,1843,206,106,essilep
11460,pellagra,160,2,13,1335,1963,390,108,argallep
11461,pellet,160,2,14,1354,2093,185,81,tellep
11462,pellucid,160,2,15,1360,2208,251,143,dicullep
11463,peltry,160,2,16,1315,2343,310,77,yrtlep
11464,pelvis,160,2,17,1312,2453,188,181,sivlep
11465,pelvic,160,2,18,1469,2569,163,156,civlep
11466,pemmican,160,2,19,1355,2715,319,81,nacimmep
11467,pen,160,2,20,1408,2838,80,68,nep
11468,penholder,160,2,21,1443,2946,331,91,redlohnep
11469,penknife,160,2,22,1472,3049,112,132,efinknep
11470,penance,160,2,23,1493,3174,159,101,ecnanep
11471,penal,160,2,24,1455,3299,261,80,lanep
11472,penalization,160,2,25,1492,3420,271,121,noitazilanep
11473,penalize,160,3,1,2242,503,277,101,ezilanep
11474,penalty,160,3,2,2252,625,236,119,ytlanep
11475,penology,160,3,3,2282,761,100,96,ygolonep
11476,penchant,160,3,4,2215,881,179,160,tnahcnep
11477,pencil,160,3,5,2394,994,219,118,licnep
11478,pendant,160,3,6,2141,1057,215,143,tnadnep
11479,pendulous,160,3,7,2233,1226,302,95,suoludnep
11480,pendulum,160,3,8,2194,1359,395,88,muludnep
11481,penetrate,160,3,9,2280,1457,233,98,etartenep
11482,penetrability,160,3,10,2343,1591,227,149,ytilibartenep
11483,penetrable,160,3,11,2259,1712,194,149,elbartenep
11484,penetrant,160,3,12,2306,1798,306,146,tnartenep
11485,penetration,160,3,13,2308,1949,226,104,noitartenep
11486,penetrative,160,3,14,2292,2075,229,157,evitartenep
11487,penguin,160,3,15,2248,2213,283,101,niugnep
11488,peninsula,160,3,16,2238,2331,317,106,alusninep
11489,peninsular,160,3,17,2263,2445,341,116,ralusninep
11490,penitence,160,3,18,2239,2574,159,82,ecnetinep
11491,impenitent,160,3,19,2288,2746,253,93,tnetinepmi
11492,penitent,160,3,20,2193,2809,162,90,tnetinep
11493,penitential,160,3,21,2321,2928,160,87,laitnetinep
11494,penitentiary,160,3,22,2313,3048,254,87,yraitnetinep
11495,penitently,160,3,23,2313,3175,165,88,yltnetinep
11496,pennant,160,3,24,2272,3290,161,117,tnannep
11497,penny,160,3,25,2259,3422,78,79,ynnep
11498,penniless,161,1,1,638,446,239,97,sselinnep
11499,pension,161,1,2,656,568,72,91,noisnep
11500,pensionary,161,1,3,700,687,139,104,yranoisnep
11501,pensioner,161,1,4,697,811,69,116,renoisnep
11502,pensive,161,1,5,565,940,128,187,evisnep
11503,pent,161,1,6,695,1058,130,91,tnep
11504,pentagon,161,1,7,576,1173,343,93,nogatnep
11505,pentameter,161,1,8,600,1280,308,112,retematnep
11506,Pentecost,161,1,9,593,1426,233,105,tsocetneP
11507,penthouse,161,1,10,620,1552,168,94,esuohtnep
11508,penult,161,1,11,582,1677,153,87,tlunep
11509,antepenult,161,1,12,664,1784,170,103,tlunepetna
11510,penultimate,161,1,13,653,1887,272,131,etamitlunep
11511,penumbra,161,1,14,615,2038,217,178,arbmunep
11512,penury,161,1,15,595,2175,156,86,yrunep
11513,penurious,161,1,16,677,2287,168,124,suoirunep
11514,peon,161,1,17,629,2406,78,110,noep
11515,peony,161,1,18,629,2526,102,116,ynoep
11516,people,161,1,19,647,2654,101,131,elpoep
11517,pepper,161,1,20,669,2767,87,130,reppep
11518,peppermint,161,1,21,689,2896,309,131,tnimreppep
11519,pepsin,161,1,22,695,3019,112,160,nispep
11520,peradventure,161,1,23,773,3129,204,169,erutnevdarep
11521,perambulate,161,1,24,652,3260,226,165,etalubmarep
11522,percale,161,1,25,466,3383,304,79,elacrep
11523,perceive,161,2,1,1569,442,84,114,eviecrep
11524,imperceptible,161,2,2,1595,619,172,152,elbitpecrepmi
11525,perceptible,161,2,3,1509,693,91,157,elbitpecrep
11526,perception,161,2,4,1580,815,91,189,noitpecrep
11527,perceptive,161,2,5,1664,941,163,182,evitpecrep
11528,perceptual,161,2,6,1500,1073,225,158,lautpecrep
11529,percentage,161,2,7,1434,1189,182,155,egatnecrep
11530,perchance,161,2,8,1526,1310,113,155,ecnahcrep
11531,percolate,161,2,9,1409,1423,302,90,etalocrep
11532,percolation,161,2,10,1493,1555,313,107,noitalocrep
11533,percolator,161,2,11,1466,1683,391,98,rotalocrep
11534,percussion,161,2,12,1458,1808,145,94,noissucrep
11535,percussive,161,2,13,1472,1922,156,198,evissucrep
11536,perdition,161,2,14,1613,2036,149,79,noitidrep
11537,peregrination,161,2,15,1486,2166,323,86,noitanirgerep
11538,peremptory,161,2,16,1480,2258,333,109,yrotpmerep
11539,peremptorily,161,2,17,1541,2380,315,108,ylirotpmerep
11540,peremptoriness,161,2,18,1573,2501,372,109,ssenirotpmerep
11541,perennial,161,2,19,1448,2643,290,76,lainnerep
11542,perfect,161,2,20,1494,2769,82,126,tcefrep
11543,imperfect,161,2,21,1452,2938,177,124,tcefrepmi
11544,perfectible,161,2,22,1621,3020,99,218,elbitcefrep
11545,perfection,161,2,23,1479,3125,81,162,noitcefrep
11546,perfectly,161,2,24,1510,3253,91,138,yltcefrep
11547,pluperfect,161,2,25,1548,3381,192,156,tcefrepulp
11548,perfidy,161,3,1,2299,450,186,139,ydifrep
11549,perfidious,161,3,2,2306,587,205,137,suoidifrep
11550,perforate,161,3,3,2330,701,146,134,etarofrep
11551,perforates,161,3,4,2433,818,153,164,setarofrep
11552,perforation,161,3,5,2327,942,138,172,noitarofrep
11553,perforator,161,3,6,2485,1071,198,159,rotarofrep
11554,perforce,161,3,7,2247,1183,102,146,ecrofrep
11555,perform,161,3,8,2348,1306,166,119,mrofrep
11556,performable,161,3,9,2431,1430,186,210,elbamrofrep
11557,performance,161,3,10,2349,1554,240,144,ecnamrofrep
11558,performer,161,3,11,2269,1678,174,125,remrofrep
11559,perfume,161,3,12,2262,1807,197,150,emufrep
11560,perfumer,161,3,13,2459,1919,220,148,remufrep
11561,perfumery,161,3,14,2328,2038,219,141,yremufrep
11562,perfunctory,161,3,15,2371,2164,120,148,yrotcnufrep
11563,perfunctorily,161,3,16,2521,2280,143,164,ylirotcnufrep
11564,perfunctoriness,161,3,17,2433,2407,181,155,ssenirotcnufrep
11565,perhaps,161,3,18,2279,2524,136,145,spahrep
11566,peril,161,3,19,2230,2641,260,89,lirep
11567,imperiled,161,3,20,2258,2812,352,90,delirepmi
11568,perilous,161,3,21,2239,2888,250,115,suolirep
11569,perimeter,161,3,22,2233,3010,249,79,retemirep
11570,period,161,3,23,2273,3116,152,89,doirep
11571,periodic,161,3,24,2273,3224,223,102,cidoirep
11572,periodical,161,3,25,2289,3361,205,92,lacidoirep
11573,periodicity,162,1,1,681,417,172,80,yticidoirep
11574,peripatetic,162,1,2,675,540,145,146,citetapirep
11575,periphery,162,1,3,600,662,106,147,yrehpirep
11576,periphrastic,162,1,4,705,790,137,168,citsarhpirep
11577,periscope,162,1,5,576,914,126,149,epocsirep
11578,perish,162,1,6,723,1030,89,92,hsirep
11579,imperishable,162,1,7,711,1200,176,203,elbahsirepmi
11580,perishable,162,1,8,613,1273,110,204,elbahsirep
11581,peristyle,162,1,9,677,1407,270,112,elytsirep
11582,peritoneum,162,1,10,622,1519,274,86,muenotirep
11583,peritonitis,162,1,11,675,1634,166,82,sitinotirep
11584,periwinkle,162,1,12,603,1764,306,99,elkniwirep
11585,perjure,162,1,13,621,1885,88,165,erujrep
11586,perjured,162,1,14,646,2009,99,172,derujrep
11587,perjurer,162,1,15,720,2132,137,165,rerujrep
11588,perjures,162,1,16,555,2245,117,181,serujrep
11589,perjury,162,1,17,631,2361,81,168,yrujrep
11590,permanent,162,1,18,702,2488,296,79,tnenamrep
11591,permanence,162,1,19,691,2608,290,84,ecnenamrep
11592,permanently,162,1,20,681,2734,302,77,yltnenamrep
11593,permanganate,162,1,21,667,2859,285,88,etanagnamrep
11594,permeate,162,1,22,648,2983,252,88,etaemrep
11595,permeability,162,1,23,703,3099,224,162,ytilibaemrep
11596,permeable,162,1,24,629,3216,195,147,elbaemrep
11597,permeation,162,1,25,644,3342,241,80,noitaemrep
11598,permit,162,2,1,1457,415,225,78,timrep
11599,permissibility,162,2,2,1576,542,244,183,ytilibissimrep
11600,permissible,162,2,3,1478,666,232,173,elbissimrep
11601,permission,162,2,4,1498,791,213,82,noissimrep
11602,permutation,162,2,5,1478,905,267,84,noitatumrep
11603,pernicious,162,2,6,1481,1030,159,92,suoicinrep
11604,peroration,162,2,7,1480,1155,194,106,noitarorep
11605,peroxide,162,2,8,1475,1276,199,132,edixorep
11606,perpendicular,162,2,9,1533,1400,156,144,ralucidneprep
11607,perpetrate,162,2,10,1491,1515,190,136,etarteprep
11608,perpetrates,162,2,11,1526,1640,194,136,setarteprep
11609,perpetration,162,2,12,1552,1767,196,133,noitarteprep
11610,perpetrator,162,2,13,1559,1888,263,138,rotarteprep
11611,perpetual,162,2,14,1444,2005,248,129,lauteprep
11612,perpetually,162,2,15,1600,2129,239,139,yllauteprep
11613,perpetuate,162,2,16,1505,2250,175,128,etauteprep
11614,perpetuated,162,2,17,1574,2356,277,141,detauteprep
11615,perpetuation,162,2,18,1528,2485,109,124,noitauteprep
11616,perpetuator,162,2,19,1630,2602,173,147,rotauteprep
11617,perpetuity,162,2,20,1572,2737,185,123,ytiuteprep
11618,perplex,162,2,21,1403,2857,217,134,xelprep
11619,perplexed,162,2,22,1527,2983,254,134,dexelprep
11620,perplexedly,162,2,23,1491,3111,300,125,yldexelprep
11621,perplexity,162,2,24,1445,3217,270,144,ytixelprep
11622,perquisite,162,2,25,1382,3340,194,98,etisiuqrep
11623,persecute,162,3,1,2333,420,163,99,etucesrep
11624,persecution,162,3,2,2339,547,179,120,noitucesrep
11625,persecutor,162,3,3,2351,662,248,125,rotucesrep
11626,persevere,162,3,4,2342,788,159,194,erevesrep
11627,perseverance,162,3,5,2409,912,177,211,ecnarevesrep
11628,Persian,162,3,6,2312,1025,83,141,naisreP
11629,persiflage,162,3,7,2225,1153,193,196,egalfisrep
11630,persimmon,162,3,8,2423,1284,280,97,nommisrep
11631,persist,162,3,9,2301,1391,84,119,tsisrep
11632,persistence,162,3,10,2347,1522,103,123,ecnetsisrep
11633,persistency,162,3,11,2334,1650,123,132,ycnetsisrep
11634,persistent,162,3,12,2316,1764,177,121,tnetsisrep
11635,person,162,3,13,2333,1893,76,87,nosrep
11636,impersonal,162,3,14,2338,2053,152,87,lanosrepmi
11637,impersonate,162,3,15,2334,2173,219,110,etanosrepmi
11638,personable,162,3,16,2304,2246,92,199,elbanosrep
11639,personage,162,3,17,2379,2361,84,185,eganosrep
11640,personal,162,3,18,2413,2483,78,90,lanosrep
11641,personality,162,3,19,2325,2611,244,107,ytilanosrep
11642,personalize,162,3,20,2330,2732,93,132,ezilanosrep
11643,personally,162,3,21,2378,2851,84,107,yllanosrep
11644,personality,162,3,22,2272,2976,222,121,ytilanosrep
11645,personification,162,3,23,2428,3088,87,152,noitacifinosrep
11646,personify,162,3,24,2309,3210,105,148,yfinosrep
11647,personnel,162,3,25,2348,3338,275,104,lennosrep
11648,perspective,163,1,1,690,459,152,235,evitcepsrep
11649,perspicacious,163,1,2,843,587,140,179,suoicacipsrep
11650,perspicacity,163,1,3,721,713,111,191,yticacipsrep
11651,perspicuity,163,1,4,878,824,196,163,ytiucipsrep
11652,perspicuous,163,1,5,753,941,110,148,suoucipsrep
11653,perspire,163,1,6,682,1070,87,156,eripsrep
11654,perspiration,163,1,7,759,1192,141,172,noitaripsrep
11655,perspires,163,1,8,649,1310,77,182,seripsrep
11656,persuade,163,1,9,701,1449,202,149,edausrep
11657,dissuade,163,1,10,725,1521,259,129,edaussid
11658,persuaded,163,1,11,649,1674,246,153,dedausrep
11659,persuader,163,1,12,726,1792,186,162,redausrep
11660,persuades,163,1,13,837,1926,204,167,sedausrep
11661,persuasion,163,1,14,684,2048,92,149,noisausrep
11662,persuasive,163,1,15,719,2173,215,218,evisausrep
11663,persuasiveness,163,1,16,834,2291,192,248,ssenevisausrep
11664,suasion,163,1,17,742,2394,64,90,noisaus
11665,pert,163,1,18,614,2521,87,87,trep
11666,pertain,163,1,19,613,2639,166,75,niatrep
11667,pertained,163,1,20,653,2714,262,132,deniatrep
11668,pertinacious,163,1,21,708,2860,200,113,suoicanitrep
11669,pertinacity,163,1,22,697,3012,145,77,yticanitrep
11670,pertinence,163,1,23,678,3120,186,93,ecnenitrep
11671,pertinency,163,1,24,664,3253,198,82,ycnenitrep
11672,pertinent,163,1,25,666,3333,204,119,tnenitrep
11673,perturb,163,2,1,1473,463,88,164,brutrep
11674,disturb,163,2,2,1498,563,172,139,brutsid
11675,perturbation,163,2,3,1576,702,81,188,noitabrutrep
11676,perturbed,163,2,4,1625,830,127,183,debrutrep
11677,peruse,163,2,5,1439,946,94,111,esurep
11678,perusal,163,2,6,1408,1071,224,121,lasurep
11679,Peruvian,163,2,7,1377,1199,157,212,naivureP
11680,pervade,163,2,8,1492,1319,183,190,edavrep
11681,pervasion,163,2,9,1530,1447,139,186,noisavrep
11682,pervasive,163,2,10,1588,1552,145,195,evisavrep
11683,perverse,163,2,11,1440,1678,130,178,esrevrep
11684,perversely,163,2,12,1464,1796,137,197,ylesrevrep
11685,perversion,163,2,13,1495,1924,137,175,noisrevrep
11686,perversity,163,2,14,1598,2042,115,181,ytisrevrep
11687,perversive,163,2,15,1341,2161,224,262,evisrevrep
11688,pervert,163,2,16,1520,2285,96,179,trevrep
11689,perverted,163,2,17,1609,2400,198,187,detrevrep
11690,pervious,163,2,18,1621,2523,129,206,suoivrep
11691,impervious,163,2,19,1484,2694,148,187,suoivrepmi
11692,pessimism,163,2,20,1601,2775,256,116,msimissep
11693,pessimist,163,2,21,1490,2890,182,113,tsimissep
11694,pessimistic,163,2,22,1497,3016,196,136,citsimissep
11695,pest,163,2,23,1463,3134,72,106,tsep
11696,pesthouse,163,2,24,1507,3253,101,101,esuohtsep
11697,pestilence,163,2,25,1488,3378,242,100,ecnelitsep
11698,pestilent,163,3,1,2339,454,296,103,tnelitsep
11699,pestilential,163,3,2,2351,573,231,105,laitnelitsep
11700,pet,163,3,3,2280,693,86,89,tep
11701,petal,163,3,4,2240,805,276,103,latep
11702,petite,163,3,5,2230,944,124,81,etitep
11703,petition,163,3,6,2284,1082,82,82,noititep
11704,petitioner,163,3,7,2306,1186,103,96,renoititep
11705,petrel,163,3,8,2230,1321,271,77,lertep
11706,petrify,163,3,9,2315,1438,129,103,yfirtep
11707,petrifaction,163,3,10,2351,1547,173,158,noitcafirtep
11708,petrifactive,163,3,11,2388,1689,133,222,evitcafirtep
11709,petrol,163,3,12,2083,1790,282,85,lortep
11710,petroleum,163,3,13,2289,1927,407,76,muelortep
11711,petticoat,163,3,14,2270,2041,202,79,taocittep
11712,petty,163,3,15,2284,2160,71,84,yttep
11713,pettily,163,3,16,2277,2272,106,88,ylittep
11714,pettiness,163,3,17,2265,2402,148,81,ssenittep
11715,pettish,163,3,18,2263,2527,70,75,hsittep
11716,petulant,163,3,19,2215,2601,291,122,tnalutep
11717,petulance,163,3,20,2266,2771,282,76,ecnalutep
11718,petunia,163,3,21,2238,2898,159,74,ainutep
11719,pew,163,3,22,2208,3003,92,101,wep
11720,pewter,163,3,23,2184,3117,111,103,retwep
11721,phaeton,163,3,24,2229,3223,169,108,noteahp
11722,phalanx,163,3,25,2174,3370,370,99,xnalahp
11723,phantom,164,1,1,590,434,259,123,motnahp
11724,phantasm,164,1,2,586,572,304,92,msatnahp
11725,pharmacy,164,1,3,646,698,182,106,ycamrahp
11726,pharmaceutic,164,1,4,727,826,187,134,cituecamrahp
11727,pharmaceutical,164,1,5,775,951,182,130,lacituecamrahp
11728,pheasant,164,1,6,648,1071,124,107,tnasaehp
11729,phenol,164,1,7,573,1200,265,91,lonehp
11730,phenomenon,164,1,8,597,1324,335,85,nonemonehp
11731,phenomena,164,1,9,638,1457,319,82,anemonehp
11732,phenomenal,164,1,10,636,1571,429,84,lanemonehp
11733,phial,164,1,11,639,1691,263,90,laihp
11734,philanderer,164,1,12,592,1795,458,87,rerednalihp
11735,philanthropy,164,1,13,677,1925,257,77,yporhtnalihp
11736,philanthropic,164,1,14,692,2064,343,74,ciporhtnalihp
11737,philanthropical,164,1,15,721,2185,294,94,laciporhtnalihp
11738,philanthropist,164,1,16,712,2304,264,107,tsiporhtnalihp
11739,philatelic,164,1,17,523,2413,517,83,ciletalihp
11740,philharmonic,164,1,18,604,2547,458,80,cinomrahlihp
11741,philology,164,1,19,644,2672,216,85,ygololihp
11742,philosophy,164,1,20,652,2781,205,96,yhposolihp
11743,philosopher,164,1,21,673,2908,253,115,rehposolihp
11744,philosophic,164,1,22,663,3027,255,100,cihposolihp
11745,philosophical,164,1,23,677,3144,286,133,lacihposolihp
11746,philosophize,164,1,24,682,3261,238,153,ezihposolihp
11747,philter,164,1,25,655,3389,275,90,retlihp
11748,phlegm,164,2,1,1434,467,284,86,mgelhp
11749,phlegmatic,164,2,2,1441,599,391,104,citamgelhp
11750,phlox,164,2,3,1414,706,215,101,xolhp
11751,phonic,164,2,4,1436,822,165,100,cinohp
11752,phonetic,164,2,5,1498,947,87,132,citenohp
11753,phonetician,164,2,6,1546,1080,123,87,naicitenohp
11754,phonetics,164,2,7,1494,1196,89,135,scitenohp
11755,phonograph,164,2,8,1528,1319,88,106,hpargonohp
11756,phosphorus,164,2,9,1458,1430,127,192,surohpsohp
11757,phosphate,164,2,10,1510,1567,146,194,etahpsohp
11758,phosphide,164,2,11,1562,1676,159,209,edihpsohp
11759,phosphoresce,164,2,12,1677,1806,112,166,ecserohpsohp
11760,phosphorescence,164,2,13,1722,1924,133,191,ecnecserohpsohp
11761,phosphorescent,164,2,14,1572,2037,140,198,tnecserohpsohp
11762,photo-electric,164,2,15,1474,2177,272,99,cirtcele-otohp
11763,photograph,164,2,16,1519,2294,107,83,hpargotohp
11764,photogravure,164,2,17,1518,2411,280,156,eruvargotohp
11765,photolithograph,164,2,18,1579,2537,256,91,hpargohtilotohp
11766,photomicrograph,164,2,19,1624,2655,291,83,hpargorcimotohp
11767,photoplay,164,2,20,1540,2769,208,148,yalpotohp
11768,photostat,164,2,21,1479,2889,172,106,tatsotohp
11769,phrase,164,2,22,1490,3011,125,113,esarhp
11770,phraseology,164,2,23,1533,3133,128,121,ygoloesarhp
11771,phrenetic,164,2,24,1460,3251,151,122,citenerhp
11772,frantic,164,2,25,1457,3371,180,99,citnarf
11773,phrenology,164,3,1,2300,448,138,103,ygolonerhp
11774,phthisis,164,3,2,2293,597,96,79,sisihthp
11775,phylactery,164,3,3,2234,707,266,100,yretcalyhp
11776,physic,164,3,4,2263,822,105,104,cisyhp
11777,physical,164,3,5,2274,945,126,110,lacisyhp
11778,physician,164,3,6,2252,1062,124,143,naicisyhp
11779,physicist,164,3,7,2261,1196,116,157,tsicisyhp
11780,physics,164,3,8,2324,1315,101,121,scisyhp
11781,physiognomy,164,3,9,2330,1443,345,107,ymongoisyhp
11782,physiology,164,3,10,2335,1557,80,102,ygoloisyhp
11783,physique,164,3,11,2269,1685,111,117,euqisyhp
11784,piano,164,3,12,2224,1801,131,106,onaip
11785,pianist,164,3,13,2197,1925,154,105,tsinaip
11786,piazza,164,3,14,2207,2044,73,134,azzaip
11787,pica,164,3,15,2192,2168,172,105,acip
11788,picaresque,164,3,16,2247,2292,247,89,euqseracip
11789,piccolo,164,3,17,2175,2423,266,75,oloccip
11790,pick,164,3,18,2190,2540,113,92,kcip
11791,pickax,164,3,19,2192,2662,199,104,xakcip
11792,picker,164,3,20,2202,2778,209,86,rekcip
11793,picket,164,3,21,2194,2900,156,89,tekcip
11794,pickle,164,3,22,2152,3027,249,66,elkcip
11795,picnic,164,3,23,2174,3139,232,86,cincip
11796,picture,164,3,24,2192,3275,221,71,erutcip
11797,pictograph,164,3,25,2306,3392,157,67,hpargotcip
11798,pictorial,165,1,1,599,468,360,77,lairotcip
11799,pictorially,165,1,2,662,584,227,72,yllairotcip
11800,picturesque,165,1,3,666,711,271,80,euqserutcip
11801,piety,165,1,4,634,814,119,122,yteip
11802,pig,165,1,5,587,961,195,79,gip
11803,piggery,165,1,6,586,1085,249,78,yreggip
11804,piggish,165,1,7,624,1205,195,98,hsiggip
11805,pig-headed,165,1,8,627,1269,338,132,dedaeh-gip
11806,pigeon,165,1,9,500,1438,107,155,noegip
11807,pigment,165,1,10,623,1576,309,72,tnemgip
11808,pigmentation,165,1,11,680,1691,321,98,noitatnemgip
11809,pike,165,1,12,549,1797,142,104,ekip
11810,pikestaff,165,1,13,551,1926,221,133,ffatsekip
11811,pilaster,165,1,14,552,2051,240,91,retsalip
11812,pilchard,165,1,15,549,2182,257,157,drahclip
11813,pile,165,1,16,539,2292,200,87,elip
11814,piled,165,1,17,541,2397,217,86,delip
11815,pilgrim,165,1,18,562,2538,296,101,mirglip
11816,pilgrimage,165,1,19,647,2659,296,182,egamirglip
11817,pillage,165,1,20,549,2776,180,171,egallip
11818,pillar,165,1,21,512,2905,263,85,rallip
11819,pillion,165,1,22,537,3019,222,92,noillip
11820,pillory,165,1,23,529,3147,264,82,yrollip
11821,pillow,165,1,24,561,3266,189,81,wollip
11822,pillowcase,165,1,25,621,3383,290,108,esacwollip
11823,pilot,165,2,1,1341,462,252,96,tolip
11824,pimento,165,2,2,1324,594,326,83,otnemip
11825,pimple,165,2,3,1305,723,327,122,elpmip
11826,pin,165,2,4,1307,832,103,90,nip
11827,pinafore,165,2,5,1322,951,159,131,erofanip
11828,pincers,165,2,6,1348,1094,167,110,srecnip
11829,pinch,165,2,7,1316,1201,105,142,hcnip
11830,pine,165,2,8,1339,1321,134,105,enip
11831,pineapple,165,2,9,1353,1436,267,136,elppaenip
11832,ping-pong,165,2,10,1411,1580,138,150,gnop-gnip
11833,pink,165,2,11,1295,1687,161,93,knip
11834,pinnacle,165,2,12,1373,1820,151,84,elcannip
11835,pinnacle,165,2,13,1387,1936,163,86,elcannip
11836,pipe,165,2,14,1367,2056,88,145,epip
11837,pipage,165,2,15,1371,2171,142,235,egapip
11838,pipe clay,165,2,16,1459,2284,213,143,yalc epip
11839,piped,165,2,17,1349,2409,98,140,depip
11840,pipette,165,2,18,1391,2552,82,126,ettepip
11841,piquant,165,2,19,1398,2652,205,92,tnauqip
11842,piquancy,165,2,20,1397,2769,203,108,ycnauqip
11843,pique,165,2,21,1344,2899,114,85,euqip
11844,pirate,165,2,22,1358,3010,147,85,etarip
11845,piracy,165,2,23,1355,3135,114,108,ycarip
11846,piratic,165,2,24,1355,3260,117,119,citarip
11847,pirouette,165,2,25,1351,3388,138,89,etteuorip
11848,piscatorial,165,3,1,2235,472,349,119,lairotacsip
11849,pistachio,165,3,2,2212,595,99,114,oihcatsip
11850,pistol,165,3,3,2140,724,238,104,lotsip
11851,piston,165,3,4,2179,831,156,102,notsip
11852,pit,165,3,5,2171,930,94,102,tip
11853,pitfall,165,3,6,2175,1052,92,127,llaftip
11854,pitted,165,3,7,2169,1154,213,124,dettip
11855,pitch,165,3,8,2179,1319,84,131,hctip
11856,pitcher,165,3,9,2192,1449,77,141,rehctip
11857,pith,165,3,10,2202,1552,91,112,htip
11858,pittance,165,3,11,2197,1692,115,73,ecnattip
11859,pity,165,3,12,2206,1808,85,85,ytip
11860,piteous,165,3,13,2202,1930,81,92,suoetip
11861,pitiable,165,3,14,2215,2056,95,158,elbaitip
11862,pitied,165,3,15,2264,2158,176,101,deitip
11863,pitiful,165,3,16,2224,2285,105,132,lufitip
11864,pitiless,165,3,17,2221,2409,225,79,sselitip
11865,pitilessness,165,3,18,2271,2530,312,81,ssensselitip
11866,pivot,165,3,19,2150,2650,162,173,tovip
11867,pivotal,165,3,20,2182,2772,253,164,latovip
11868,placard,165,3,21,2211,2911,360,104,dracalp
11869,placate,165,3,22,2217,3027,241,100,etacalp
11870,placability,165,3,23,2261,3145,266,182,ytilibacalp
11871,placable,165,3,24,2200,3275,231,162,elbacalp
11872,place,165,3,25,2128,3392,197,89,ecalp
11873,placeman,166,1,1,712,480,355,111,namecalp
11874,placement,166,1,2,719,605,288,97,tnemecalp
11875,placer,166,1,3,718,728,230,107,recalp
11876,placid,166,1,4,696,849,283,97,dicalp
11877,placidity,166,1,5,681,945,343,120,ytidicalp
11878,plagiarism,166,1,6,772,1101,251,162,msiraigalp
11879,plagiarist,166,1,7,649,1220,183,161,tsiraigalp
11880,plagiarize,166,1,8,891,1328,188,188,eziraigalp
11881,plagiary,166,1,9,687,1449,178,171,yraigalp
11882,plague,166,1,10,597,1589,302,95,eugalp
11883,plain,166,1,11,610,1705,216,76,nialp
11884,plainer,166,1,12,608,1821,263,80,renialp
11885,plainly,166,1,13,626,1944,233,73,ylnialp
11886,plainness,166,1,14,662,2073,312,79,ssennialp
11887,plaint,166,1,15,650,2165,260,108,tnialp
11888,plaintiff,166,1,16,696,2312,150,84,ffitnialp
11889,plaintive,166,1,17,704,2426,263,108,evitnialp
11890,plan,166,1,18,664,2555,242,75,nalp
11891,planned,166,1,19,672,2636,275,114,dennalp
11892,planet,166,1,20,657,2789,282,80,tenalp
11893,planetoid,166,1,21,685,2899,320,88,diotenalp
11894,plangent,166,1,22,672,3042,306,126,tnegnalp
11895,plank,166,1,23,599,3162,252,85,knalp
11896,plant,166,1,24,644,3265,259,94,tnalp
11897,implant,166,1,25,597,3416,317,109,tnalpmi
11898,plantation,166,2,1,1539,455,270,99,noitatnalp
11899,planted,166,2,2,1500,551,375,131,detnalp
11900,planter,166,2,3,1507,719,333,85,retnalp
11901,supplant,166,2,4,1531,825,269,106,tnalppus
11902,transplant,166,2,5,1557,939,228,108,tnalpsnart
11903,plantain,166,2,6,1504,1071,283,86,niatnalp
11904,plaster,166,2,7,1493,1213,233,91,retsalp
11905,plastered,166,2,8,1503,1313,322,109,deretsalp
11906,plasterer,166,2,9,1497,1455,336,92,reretsalp
11907,plastic,166,2,10,1497,1585,216,95,citsalp
11908,plasticity,166,2,11,1510,1707,204,110,yticitsalp
11909,plate,166,2,12,1484,1826,234,80,etalp
11910,plateau,166,2,13,1466,1950,264,78,uaetalp
11911,plated,166,2,14,1456,2019,354,126,detalp
11912,plateful,166,2,15,1471,2189,232,88,lufetalp
11913,platen,166,2,16,1466,2303,274,88,netalp
11914,plater,166,2,17,1467,2427,260,83,retalp
11915,platform,166,2,18,1472,2563,338,76,mroftalp
11916,platinum,166,2,19,1490,2666,377,96,munitalp
11917,platinate,166,2,20,1500,2753,321,133,etanitalp
11918,platinic,166,2,21,1502,2885,324,128,cinitalp
11919,platitude,166,2,22,1510,3037,278,78,edutitalp
11920,platitudinize,166,2,23,1545,3118,463,121,ezinidutitalp
11921,platitudinous,166,2,24,1554,3245,417,130,suonidutitalp
11922,platoon,166,2,25,1471,3401,296,69,nootalp
11923,plaudit,166,3,1,2296,422,340,133,tidualp
11924,plausible,166,3,2,2355,606,167,193,elbisualp
11925,plausibility,166,3,3,2525,716,199,191,ytilibisualp
11926,play,166,3,4,2347,843,197,81,yalp
11927,player,166,3,5,2343,980,253,77,reyalp
11928,playful,166,3,6,2336,1085,202,117,lufyalp
11929,playgoer,166,3,7,2327,1217,357,98,reogyalp
11930,playground,166,3,8,2350,1344,381,93,dnuorgyalp
11931,playhouse,166,3,9,2388,1460,205,103,esuohyalp
11932,playmate,166,3,10,2349,1584,343,90,etamyalp
11933,plaything,166,3,11,2372,1707,246,97,gnihtyalp
11934,playtime,166,3,12,2362,1804,354,119,emityalp
11935,playwright,166,3,13,2380,1950,259,78,thgirwyalp
11936,please,166,3,14,2374,2068,181,80,esaelp
11937,displease,166,3,15,2314,2161,257,97,esaelpsid
11938,peasant,166,3,16,2373,2309,201,86,tnasaep
11939,pleasantly,166,3,17,2390,2434,189,100,yltnasaelp
11940,pleasantness,166,3,18,2414,2549,234,104,ssentnasaelp
11941,pleasantry,166,3,19,2384,2680,271,91,yrtnasaelp
11942,pleasurable,166,3,20,2380,2794,183,187,elbarusaelp
11943,pleasure,166,3,21,2491,2920,181,88,erusaelp
11944,unpleasant,166,3,22,2391,3084,195,86,tnasaelpnu
11945,plebeian,166,3,23,2322,3159,169,158,naiebelp
11946,plebiscite,166,3,24,2326,3280,204,167,eticsibelp
11947,plectrum,166,3,25,2247,3410,475,82,murtcelp
11948,pledge,167,1,1,517,459,179,158,egdelp
11949,pledgee,167,1,2,528,562,168,152,eegdelp
11950,pledger,167,1,3,593,702,171,159,regdelp
11951,pledgor,167,1,4,544,814,186,187,rogdelp
11952,plenty,167,1,5,556,941,258,98,ytnelp
11953,plenarily,167,1,6,602,1071,333,74,yliranelp
11954,plenary,167,1,7,585,1197,283,68,yranelp
11955,plenipotentiary,167,1,8,719,1324,259,118,yraitnetopinelp
11956,plenitude,167,1,9,621,1450,293,70,edutinelp
11957,plenteous,167,1,10,607,1554,290,89,suoetnelp
11958,plentiful,167,1,11,602,1647,279,103,lufitnelp
11959,pleonasm,167,1,12,564,1805,342,66,msanoelp
11960,plethora,167,1,13,565,1924,314,81,arohtelp
11961,plethoric,167,1,14,565,2047,362,78,cirohtelp
11962,pleura,167,1,15,563,2179,277,72,aruelp
11963,pleurisy,167,1,16,543,2293,246,89,ysiruelp
11964,pliant,167,1,17,531,2385,300,99,tnailp
11965,pliability,167,1,18,568,2533,198,156,ytilibailp
11966,pliable,167,1,19,584,2652,210,168,elbailp
11967,pliancy,167,1,20,595,2779,260,74,ycnailp
11968,plight,167,1,21,563,2900,224,77,thgilp
11969,plow,167,1,22,544,3023,220,97,wolp
11970,plowshare,167,1,23,573,3148,240,136,erahswolp
11971,pluck,167,1,24,554,3258,245,85,kculp
11972,pluckily,167,1,25,559,3382,267,75,ylikculp
11973,plucky,167,2,1,1361,452,230,72,ykculp
11974,plug,167,2,2,1333,578,321,77,gulp
11975,plumb,167,2,3,1351,705,266,67,bmulp
11976,plumbed,167,2,4,1405,764,285,137,debmulp
11977,plumber,167,2,5,1433,955,263,74,rebmulp
11978,plumbic,167,2,6,1414,1067,265,125,cibmulp
11979,plumbago,167,2,7,1375,1199,353,157,ogabmulp
11980,plume,167,2,8,1369,1320,314,83,emulp
11981,plumage,167,2,9,1380,1440,311,154,egamulp
11982,plump,167,2,10,1396,1565,284,110,pmulp
11983,plunder,167,2,11,1377,1678,360,95,rednulp
11984,plunderer,167,2,12,1394,1808,377,87,rerednulp
11985,plunge,167,2,13,1377,1932,221,152,egnulp
11986,plunger,167,2,14,1397,2051,215,153,regnulp
11987,pluperfect,167,2,15,1372,2174,212,162,tcefrepulp
11988,plural,167,2,16,1390,2306,402,76,larulp
11989,plurality,167,2,17,1404,2416,410,91,ytilarulp
11990,pluralize,167,2,18,1398,2540,402,92,ezilarulp
11991,plus,167,2,19,1405,2664,175,105,sulp
11992,plutocrat,167,2,20,1384,2784,308,80,tarcotulp
11993,plutocracy,167,2,21,1415,2897,321,84,ycarcotulp
11994,plutocratic,167,2,22,1428,3022,337,97,citarcotulp
11995,pneumatic,167,2,23,1437,3194,242,60,citamuenp
11996,pneumatics,167,2,24,1446,3309,238,76,scitamuenp
11997,pneumonia,167,2,25,1400,3428,297,35,ainomuenp
11998,pocket,167,3,1,2327,458,155,84,tekcop
11999,pocketbook,167,3,2,2269,579,161,169,koobtekcop
12000,pocketknife,167,3,3,2429,692,251,95,efinktekcop
12001,poem,167,3,4,2249,822,182,85,meop
12002,poet,167,3,5,2278,932,91,94,teop
12003,poetaster,167,3,6,2246,1063,161,86,retsateop
12004,poetic,167,3,7,2239,1177,73,137,citeop
12005,poetry,167,3,8,2287,1298,177,90,yrteop
12006,poignant,167,3,9,2264,1409,187,131,tnangiop
12007,poignancy,167,3,10,2296,1548,156,105,ycnangiop
12008,poinciana,167,3,11,2260,1675,157,125,anaicniop
12009,poinsettia,167,3,12,2250,1797,183,120,aittesniop
12010,point,167,3,13,2261,1955,46,41,tniop
12011,pointer,167,3,14,2256,2068,140,61,retniop
12012,pointless,167,3,15,2231,2187,209,41,sseltniop
12013,points,167,3,16,2257,2316,67,64,stniop
12014,poise,167,3,17,2258,2405,65,94,esiop
12015,poison,167,3,18,2242,2533,86,95,nosiop
12016,poisoned,167,3,19,2246,2645,136,125,denosiop
12017,poisoner,167,3,20,2287,2764,92,108,renosiop
12018,poisonous,167,3,21,2304,2883,103,139,suonosiop
12019,poke,167,3,22,2225,3014,113,77,ekop
12020,poker,167,3,23,2218,3142,198,71,rekop
12021,pole,167,3,24,2207,3254,182,84,elop
12022,polar,167,3,25,2192,3376,252,89,ralop
12023,polarity,168,1,1,759,450,264,91,ytiralop
12024,polarization,168,1,2,775,580,264,116,noitaziralop
12025,polarize,168,1,3,707,702,287,89,eziralop
12026,polarizer,168,1,4,697,825,306,99,reziralop
12027,polecat,168,1,5,663,950,272,92,tacelop
12028,polemic,168,1,6,637,1067,353,86,cimelop
12029,polemical,168,1,7,668,1203,351,81,lacimelop
12030,police,168,1,8,676,1308,207,97,ecilop
12031,policeman,168,1,9,677,1431,355,126,namecilop
12032,policy,168,1,10,667,1556,189,78,ycilop
12033,policyholder,168,1,11,739,1677,412,86,redlohycilop
12034,polish,168,1,12,682,1797,182,95,hsilop
12035,polisher,168,1,13,647,1916,200,119,rehsilop
12036,polite,168,1,14,617,2049,203,76,etilop
12037,politely,168,1,15,669,2167,205,85,yletilop
12038,politeness,168,1,16,713,2291,254,78,ssenetilop
12039,politic,168,1,17,669,2411,199,114,citilop
12040,political,168,1,18,688,2530,198,126,lacitilop
12041,politician,168,1,19,686,2648,230,97,naicitilop
12042,politicly,168,1,20,690,2784,200,111,ylcitilop
12043,politics,168,1,21,685,2902,204,126,scitilop
12044,polity,168,1,22,675,3027,183,107,ytilop
12045,polka,168,1,23,610,3136,269,102,aklop
12046,pollen,168,1,24,607,3263,237,78,nellop
12047,pollute,168,1,25,611,3384,214,73,etullop
12048,polluted,168,2,1,1523,428,375,117,detullop
12049,pollution,168,2,2,1542,589,181,83,noitullop
12050,polonaise,168,2,3,1514,700,298,101,esianolop
12051,polonium,168,2,4,1475,825,337,86,muinolop
12052,poltroon,168,2,5,1473,939,352,88,noortlop
12053,polyandry,168,2,6,1507,1050,334,105,yrdnaylop
12054,polygamy,168,2,7,1496,1192,290,89,ymagylop
12055,polyglot,168,2,8,1419,1318,445,74,tolgylop
12056,polygon,168,2,9,1482,1448,367,81,nogylop
12057,polygonal,168,2,10,1575,1559,305,84,lanogylop
12058,polyp,168,2,11,1517,1672,196,140,pylop
12059,pomade,168,2,12,1521,1786,267,112,edamop
12060,pomegranate,168,2,13,1508,1932,429,76,etanargemop
12061,pommel,168,2,14,1515,2047,342,81,lemmop
12062,pomology,168,2,15,1537,2167,169,91,ygolomop
12063,pompadour,168,2,16,1506,2281,341,123,ruodapmop
12064,pompous,168,2,17,1518,2411,156,155,suopmop
12065,pomposity,168,2,18,1514,2538,172,114,ytisopmop
12066,poncho,168,2,19,1494,2642,85,147,ohcnop
12067,pond,168,2,20,1546,2758,123,86,dnop
12068,ponder,168,2,21,1528,2888,218,81,rednop
12069,ponderable,168,2,22,1565,3012,205,133,elbarednop
12070,ponderous,168,2,23,1600,3143,222,71,suorednop
12071,pongee,168,2,24,1492,3259,105,185,eegnop
12072,poniard,168,2,25,1570,3372,203,123,drainop
12073,pontiff,168,3,1,2337,440,178,91,ffitnop
12074,pontifical,168,3,2,2342,561,226,129,lacifitnop
12075,pontificate,168,3,3,2363,692,202,94,etacifitnop
12076,pontoon,168,3,4,2356,822,211,82,nootnop
12077,pony,168,3,5,2347,937,88,87,ynop
12078,poor,168,3,6,2351,1062,71,75,roop
12079,poorest,168,3,7,2382,1189,76,115,tseroop
12080,poorhouse,168,3,8,2429,1306,66,98,esuohroop
12081,poorly,168,3,9,2413,1439,70,100,ylroop
12082,poorness,168,3,10,2392,1554,109,96,ssenroop
12083,poplar,168,3,11,2308,1675,246,145,ralpop
12084,poplin,168,3,12,2197,1804,218,147,nilpop
12085,popular,168,3,13,2424,1928,77,124,ralupop
12086,depopulate,168,3,14,2423,2016,150,129,etalupoped
12087,populace,168,3,15,2483,2167,193,160,ecalupop
12088,popularity,168,3,16,2371,2288,129,146,ytiralupop
12089,popularize,168,3,17,2446,2414,118,183,eziralupop
12090,popularly,168,3,18,2471,2537,102,146,ylralupop
12091,populate,168,3,19,2356,2656,87,144,etalupop
12092,populous,168,3,20,2385,2782,108,171,suolupop
12093,unpopular,168,3,21,2419,2948,81,146,ralupopnu
12094,porcelain,168,3,22,2320,3012,220,127,nialecrop
12095,porch,168,3,23,2372,3136,110,148,hcrop
12096,porcupine,168,3,24,2311,3252,167,168,enipucrop
12097,porphyry,168,3,25,2504,3378,123,149,yryhprop
12098,porpoise,169,1,1,646,503,102,162,esioprop
12099,porridge,169,1,2,695,632,110,169,egdirrop
12100,porringer,169,1,3,733,758,150,183,regnirrop
12101,port,169,1,4,630,867,79,96,trop
12102,portable,169,1,5,616,1003,91,182,elbatrop
12103,portage,169,1,6,648,1121,93,174,egatrop
12104,portal,169,1,7,663,1251,237,79,latrop
12105,portcullis,169,1,8,621,1367,284,85,silluctrop
12106,porter,169,1,9,647,1484,93,86,retrop
12107,porterhouse,169,1,10,677,1578,184,107,esuohretrop
12108,portfolio,169,1,11,626,1734,213,142,oiloftrop
12109,porthole,169,1,12,631,1875,243,88,elohtrop
12110,portico,169,1,13,606,1975,161,88,ocitrop
12111,portiere,169,1,14,625,2085,98,96,ereitrop
12112,portend,169,1,15,585,2158,247,138,dnetrop
12113,portent,169,1,16,601,2320,172,103,tnetrop
12114,portentous,169,1,17,610,2432,219,109,suotnetrop
12115,portion,169,1,18,630,2579,104,99,noitrop
12116,apportioned,169,1,19,668,2698,186,118,denoitroppa
12117,portray,169,1,20,614,2828,179,79,yartrop
12118,portrait,169,1,21,610,2942,188,88,tiartrop
12119,portraiture,169,1,22,626,3065,314,91,erutiartrop
12120,portrayal,169,1,23,599,3194,270,81,layartrop
12121,Portuguese,169,1,24,583,3304,259,136,eseugutroP
12122,pose,169,1,25,570,3435,71,108,esop
12123,depose,169,2,1,1391,496,153,89,esoped
12124,expose,169,2,2,1416,614,82,105,esopxe
12125,impose,169,2,3,1397,811,153,79,esopmi
12126,poses,169,2,4,1370,878,87,119,sesop
12127,propose,169,2,5,1395,1000,96,143,esoporp
12128,suppose,169,2,6,1483,1101,73,104,esoppus
12129,position,169,2,7,1466,1235,70,114,noitisop
12130,deposition,169,2,8,1462,1340,141,119,noitisoped
12131,exposition,169,2,9,1520,1459,68,141,noitisopxe
12132,imposition,169,2,10,1470,1666,163,102,noitisopmi
12133,preposition,169,2,11,1576,1735,99,171,noitisoperp
12134,proposition,169,2,12,1471,1860,82,164,noitisoporp
12135,supposition,169,2,13,1574,1956,61,129,noitisoppus
12136,positive,169,2,14,1442,2093,138,119,evitisop
12137,possess,169,2,15,1480,2216,94,113,ssessop
12138,dispossess,169,2,16,1452,2327,127,156,ssessopsid
12139,possession,169,2,17,1504,2454,80,120,noissessop
12140,possessive,169,2,18,1382,2581,210,224,evissessop
12141,possessor,169,2,19,1499,2701,94,131,rossessop
12142,possessorship,169,2,20,1561,2823,107,145,pihsrossessop
12143,possible,169,2,21,1454,2951,65,98,elbissop
12144,impossible,169,2,22,1455,3123,160,103,elbissopmi
12145,possibility,169,2,23,1583,3192,90,195,ytilibissop
12146,possibly,169,2,24,1422,3318,79,118,ylbissop
12147,possum,169,2,25,1440,3444,144,105,mussop
12148,post,169,3,1,2268,516,73,109,tsop
12149,postage,169,3,2,2244,640,80,161,egatsop
12150,postal,169,3,3,2312,761,222,85,latsop
12151,postcard,169,3,4,2278,886,233,100,dractsop
12152,postdate,169,3,5,2274,980,263,103,etadtsop
12153,posthaste,169,3,6,2303,1118,159,90,etsahtsop
12154,postman,169,3,7,2273,1254,264,97,namtsop
12155,postmark,169,3,8,2256,1374,314,77,kramtsop
12156,postmaster,169,3,9,2298,1498,254,83,retsamtsop
12157,poster,169,3,10,2258,1620,79,103,retsop
12158,posterior,169,3,11,2264,1741,164,74,roiretsop
12159,posterity,169,3,12,2252,1846,107,139,ytiretsop
12160,postern,169,3,13,2283,1982,114,81,nretsop
12161,postgraduate,169,3,14,2269,2054,427,127,etaudargtsop
12162,posthumous,169,3,15,2290,2225,218,90,suomuhtsop
12163,postilion,169,3,16,2222,2348,293,76,noilitsop
12164,postlude,169,3,17,2222,2459,345,86,edultsop
12165,postpone,169,3,18,2366,2591,89,125,enoptsop
12166,postponement,169,3,19,2390,2718,281,130,tnemenoptsop
12167,postscript,169,3,20,2251,2827,70,79,tpircstsop
12168,postulate,169,3,21,2311,2941,88,114,etalutsop
12169,postulant,169,3,22,2289,3071,309,110,tnalutsop
12170,postulation,169,3,23,2323,3199,101,127,noitalutsop
12171,posture,169,3,24,2269,3322,160,104,erutsop
12172,pot,169,3,25,2269,3432,84,91,top
12173,potter,170,1,1,657,515,80,91,rettop
12174,pottery,170,1,2,648,640,101,93,yrettop
12175,potable,170,1,3,636,767,84,172,elbatop
12176,potation,170,1,4,704,890,87,85,noitatop
12177,potassium,170,1,5,619,1020,225,81,muissatop
12178,potash,170,1,6,630,1136,115,88,hsatop
12179,potato,170,1,7,602,1260,161,89,otatop
12180,potent,170,1,8,616,1350,190,103,tnetop
12181,impotent,170,1,9,669,1526,274,102,tnetopmi
12182,omnipotent,170,1,10,727,1678,263,89,tnetopinmo
12183,plenipotentiary,170,1,11,805,1760,262,120,yraitnetopinelp
12184,potency,170,1,12,751,1878,151,80,ycnetop
12185,potentate,170,1,13,733,1959,209,112,etatnetop
12186,potential,170,1,14,742,2098,132,78,laitnetop
12187,potentiality,170,1,15,696,2229,308,87,ytilaitnetop
12188,potentially,170,1,16,719,2365,158,77,yllaitnetop
12189,potion,170,1,17,682,2474,70,102,noitop
12190,pottage,170,1,18,654,2600,85,149,egattop
12191,pouch,170,1,19,649,2707,120,160,hcuop
12192,poultice,170,1,20,589,2851,250,84,ecitluop
12193,poultry,170,1,21,572,2973,284,83,yrtluop
12194,pounce,170,1,22,634,3086,79,101,ecnuop
12195,pound,170,1,23,680,3199,76,87,dnuop
12196,poundage,170,1,24,713,3330,78,186,egadnuop
12197,poundcake,170,1,25,776,3454,228,94,ekacdnuop
12198,pout,170,2,1,1409,503,136,119,tuop
12199,poverty,170,2,2,1378,645,166,172,ytrevop
12200,powder,170,2,3,1429,729,203,149,redwop
12201,powdery,170,2,4,1458,842,188,162,yredwop
12202,power,170,2,5,1472,1002,117,124,rewop
12203,empower,170,2,6,1525,1187,146,111,rewopme
12204,powerful,170,2,7,1584,1251,118,131,lufrewop
12205,powerless,170,2,8,1527,1384,246,98,sselrewop
12206,practical,170,2,9,1540,1505,182,106,lacitcarp
12207,practicability,170,2,10,1678,1650,205,166,ytilibacitcarp
12208,practicable,170,2,11,1587,1758,204,179,elbacitcarp
12209,practicality,170,2,12,1553,1890,270,106,ytilacitcarp
12210,practically,170,2,13,1541,2004,204,93,yllacitcarp
12211,practicalness,170,2,14,1586,2121,267,136,ssenlacitcarp
12212,practice,170,2,15,1529,2239,183,69,ecitcarp
12213,practitioner,170,2,16,1547,2363,211,69,renoititcarp
12214,pragmatism,170,2,17,1458,2481,475,101,msitamgarp
12215,pragmatic,170,2,18,1507,2612,363,112,citamgarp
12216,pragmatist,170,2,19,1498,2730,405,106,tsitamgarp
12217,prairie,170,2,20,1506,2851,180,82,eiriarp
12218,praise,170,2,21,1502,2977,124,92,esiarp
12219,praised,170,2,22,1501,3089,189,105,desiarp
12220,pray,170,2,23,1507,3208,115,85,yarp
12221,prayer,170,2,24,1495,3321,162,88,reyarp
12222,prayerful,170,2,25,1491,3450,166,110,lufreyarp
12223,preamble,170,3,1,2324,525,231,171,elbmaerp
12224,prearrange,170,3,2,2363,657,192,87,egnarraerp
12225,prebendary,170,3,3,2287,766,209,193,yradneberp
12226,precarious,170,3,4,2396,900,265,93,suoiracerp
12227,precaution,170,3,5,2369,1023,176,102,noituacerp
12228,precautionary,170,3,6,2457,1149,234,108,yranoituacerp
12229,precede,170,3,7,2408,1265,113,117,edecerp
12230,precedence,170,3,8,2401,1390,186,92,ecnedecerp
12231,precedent,170,3,9,2368,1511,177,91,tnedecerp
12232,precedes,170,3,10,2411,1632,106,124,sedecerp
12233,unprecedented,170,3,11,2452,1808,235,98,detnedecerpnu
12234,precept,170,3,12,2330,1876,104,155,tpecerp
12235,preceptor,170,3,13,2405,1994,142,148,rotpecerp
12236,preceptress,170,3,14,2517,2126,156,161,ssertpecerp
12237,precinct,170,3,15,2352,2238,119,104,tcnicerp
12238,precious,170,3,16,2367,2364,95,123,suoicerp
12239,precipitate,170,3,17,2360,2489,120,151,etatipicerp
12240,precipice,170,3,18,2457,2594,91,186,ecipicerp
12241,precipitancy,170,3,19,2531,2725,153,161,ycnatipicerp
12242,precipitant,170,3,20,2413,2847,144,153,tnatipicerp
12243,precipitately,170,3,21,2463,2972,136,145,yletatipicerp
12244,precipitateness,170,3,22,2571,3093,162,149,ssenetatipicerp
12245,precipitation,170,3,23,2431,3205,101,152,noitatipicerp
12246,precipitous,170,3,24,2523,3334,118,147,suotipicerp
12247,precise,170,3,25,2381,3453,93,117,esicerp
12248,precision,171,1,1,639,538,90,127,noisicerp
12249,preclude,171,1,2,525,656,426,92,edulcerp
12250,preclusion,171,1,3,602,783,309,94,noisulcerp
12251,precocious,171,1,4,585,913,168,105,suoicocerp
12252,precosity,171,1,5,599,1033,158,103,ytisocerp
12253,preconceive,171,1,6,646,1158,170,102,eviecnocerp
12254,preconception,171,1,7,729,1281,149,166,noitpecnocerp
12255,precursor,171,1,8,546,1408,313,102,rosrucerp
12256,precursory,171,1,9,593,1518,292,105,yrosrucerp
12257,predacious,171,1,10,701,1610,241,121,suoicaderp
12258,depredation,171,1,11,639,1743,265,89,noitaderped
12259,predacity,171,1,12,628,1877,189,86,yticaderp
12260,predatory,171,1,13,589,1975,344,116,yrotaderp
12261,predecease,171,1,14,583,2117,215,102,esaecederp
12262,predecessor,171,1,15,596,2248,189,85,rossecederp
12263,predestine,171,1,16,604,2361,296,96,enitsederp
12264,predestination,171,1,17,706,2450,289,126,noitanitsederp
12265,predetermine,171,1,18,631,2629,316,65,enimretederp
12266,predicament,171,1,19,626,2718,295,100,tnemaciderp
12267,predicate,171,1,20,555,2831,318,106,etaciderp
12268,predict,171,1,21,565,2960,302,106,tciderp
12269,predictable,171,1,22,585,3085,296,128,elbatciderp
12270,prediction,171,1,23,628,3197,282,112,noitciderp
12271,unpredictable,171,1,24,654,3385,294,134,elbatciderpnu
12272,predigest,171,1,25,565,3473,205,133,tsegiderp
12273,predigestion,171,2,1,1496,540,195,118,noitsegiderp
12274,predilection,171,2,2,1419,656,400,91,noitceliderp
12275,predispose,171,2,3,1477,777,211,99,esopsiderp
12276,predisposition,171,2,4,1535,901,220,124,noitisopsiderp
12277,predominate,171,2,5,1399,1010,428,107,etanimoderp
12278,predominance,171,2,6,1512,1137,434,94,ecnanimoderp
12279,predominant,171,2,7,1470,1202,412,157,tnanimoderp
12280,preeminent,171,2,8,1394,1405,330,70,tnenimeerp
12281,preempt,171,2,9,1420,1473,202,125,tpmeerp
12282,preemption,171,2,10,1463,1645,212,87,noitpmeerp
12283,preface,171,2,11,1371,1755,129,155,ecaferp
12284,prefatory,171,2,12,1424,1878,189,152,yrotaferp
12285,prefect,171,2,13,1470,2009,107,123,tceferp
12286,prefer,171,2,14,1461,2129,113,132,referp
12287,preferability,171,2,15,1484,2245,117,207,ytilibareferp
12288,preferable,171,2,16,1567,2383,98,197,elbareferp
12289,preference,171,2,17,1464,2498,85,138,ecnereferp
12290,preferential,171,2,18,1540,2617,98,153,laitnereferp
12291,preferentially,171,2,19,1611,2753,92,166,yllaitnereferp
12292,preferment,171,2,20,1465,2861,107,127,tnemreferp
12293,prefix,171,2,21,1334,2986,101,158,xiferp
12294,prehistoric,171,2,22,1450,3100,237,114,cirotsiherp
12295,prejudge,171,2,23,1365,3235,129,203,egdujerp
12296,prejudice,171,2,24,1461,3348,95,175,ecidujerp
12297,prejudicial,171,2,25,1516,3481,191,150,laicidujerp
12298,prelate,171,3,1,2248,542,249,73,etalerp
12299,preliminary,171,3,2,2253,665,334,75,yranimilerp
12300,prelude,171,3,3,2225,776,350,96,edulerp
12301,premature,171,3,4,2217,913,326,87,erutamerp
12302,premeditate,171,3,5,2223,966,414,153,etatidemerp
12303,premeditation,171,3,6,2320,1118,360,120,noitatidemerp
12304,premier,171,3,7,2224,1283,206,74,reimerp
12305,premise,171,3,8,2219,1403,236,76,esimerp
12306,premium,171,3,9,2220,1529,304,74,muimerp
12307,premonition,171,3,10,2268,1646,283,83,noitinomerp
12308,premonitory,171,3,11,2282,1765,376,83,yrotinomerp
12309,preoccupation,171,3,12,2337,1885,174,154,noitapuccoerp
12310,preoccupied,171,3,13,2335,2009,183,168,deipuccoerp
12311,prepare,171,3,14,2292,2127,103,139,eraperp
12312,preparedness,171,3,15,2363,2253,180,127,ssenderaperp
12313,unprepared,171,3,16,2322,2424,123,165,deraperpnu
12314,prepay,171,3,17,2188,2494,95,151,yaperp
12315,prepaid,171,3,18,2296,2619,183,137,diaperp
12316,prepayment,171,3,19,2290,2744,199,160,tnemyaperp
12317,preponderate,171,3,20,2362,2864,259,153,etarednoperp
12318,preponderance,171,3,21,2437,2993,150,145,ecnarednoperp
12319,preponderant,171,3,22,2380,3107,143,135,tnarednoperp
12320,preposition,171,3,23,2300,3225,95,162,noitisoperp
12321,prepositional,171,3,24,2365,3347,215,185,lanoitisoperp
12322,prepossess,171,3,25,2255,3463,86,179,ssessoperp
12323,prepossession,172,1,1,784,471,94,193,noissessoperp
12324,preposterous,172,1,2,846,604,90,165,suoretsoperp
12325,prerequisite,172,1,3,669,731,233,110,etisiuqererp
12326,prerogative,172,1,4,613,848,298,84,evitagorerp
12327,presage,172,1,5,645,965,100,211,egaserp
12328,presbyterian,172,1,6,716,1105,89,188,nairetybserp
12329,prescient,172,1,7,791,1225,116,102,tneicserp
12330,nescient,172,1,8,728,1377,108,59,tneicsen
12331,omniscient,172,1,9,646,1513,222,51,tneicsinmo
12332,prescience,172,1,10,688,1592,112,112,ecneicserp
12333,prescribe,172,1,11,654,1718,221,98,ebircserp
12334,prescription,172,1,12,689,1844,198,98,noitpircserp
12335,prescriptive,172,1,13,706,1960,177,179,evitpircserp
12336,present,172,1,14,604,2083,87,75,tneserp
12337,presence,172,1,15,738,2199,89,79,ecneserp
12338,presentability,172,1,16,745,2318,108,194,ytilibatneserp
12339,presentable,172,1,17,835,2440,91,187,elbatneserp
12340,presentation,172,1,18,698,2569,82,103,noitatneserp
12341,presently,172,1,19,717,2697,90,78,yltneserp
12342,presentiment,172,1,20,661,2820,295,106,tnemitneserp
12343,preserve,172,1,21,669,2932,166,187,evreserp
12344,preservation,172,1,22,704,3053,167,209,noitavreserp
12345,preservative,172,1,23,783,3173,147,230,evitavreserp
12346,preserver,172,1,24,558,3300,144,205,revreserp
12347,preside,172,1,25,727,3417,116,131,ediserp
12348,presidency,172,2,1,1539,481,178,101,ycnediserp
12349,president,172,2,2,1537,600,183,92,tnediserp
12350,presidential,172,2,3,1530,729,187,105,laitnediserp
12351,press,172,2,4,1511,852,102,103,sserp
12352,pressman,172,2,5,1441,984,280,114,namsserp
12353,pressure,172,2,6,1505,1103,86,114,erusserp
12354,presswork,172,2,7,1516,1232,213,104,krowsserp
12355,prestige,172,2,8,1492,1349,130,179,egitserp
12356,prestidigitator,172,2,9,1565,1442,301,163,rotatigiditserp
12357,presume,172,2,10,1505,1603,198,86,emuserp
12358,presumable,172,2,11,1515,1720,198,182,elbamuserp
12359,presumedly,172,2,12,1517,1846,242,109,yldemuserp
12360,presumer,172,2,13,1526,1956,209,91,remuserp
12361,presumption,172,2,14,1557,2084,196,116,noitpmuserp
12362,presumptive,172,2,15,1547,2204,282,102,evitpmuserp
12363,presumptuous,172,2,16,1582,2326,261,95,suoutpmuserp
12364,pretend,172,2,17,1513,2448,196,84,dneterp
12365,pretended,172,2,18,1501,2567,244,87,dedneterp
12366,pretender,172,2,19,1488,2683,244,85,redneterp
12367,pretense,172,2,20,1492,2823,178,79,esneterp
12368,pretension,172,2,21,1482,2935,185,86,noisneterp
12369,pretentious,172,2,22,1514,3055,171,83,suoitneterp
12370,preterit,172,2,23,1467,3179,284,82,tireterp
12371,preternatural,172,2,24,1448,3276,446,114,larutanreterp
12372,supernatural,172,2,25,1538,3409,305,98,larutanrepus
12373,pretext,172,3,1,2244,482,159,77,txeterp
12374,pretty,172,3,2,2258,607,150,80,ytterp
12375,prettily,172,3,3,2258,727,175,78,ylitterp
12376,prettiness,172,3,4,2268,857,224,75,ssenitterp
12377,pretzel,172,3,5,2209,975,300,76,lezterp
12378,prevail,172,3,6,2293,1094,135,168,liaverp
12379,prevalence,172,3,7,2440,1223,204,184,ecnelaverp
12380,prevalent,172,3,8,2229,1334,258,198,tnelaverp
12381,prevaricate,172,3,9,2529,1471,189,170,etaciraverp
12382,prevarication,172,3,10,2329,1588,177,186,noitaciraverp
12383,prevaricator,172,3,11,2449,1698,221,173,rotaciraverp
12384,prevent,172,3,12,2309,1834,122,159,tneverp
12385,preventability,172,3,13,2361,1947,134,234,ytilibatneverp
12386,preventable,172,3,14,2459,2064,130,232,elbatneverp
12387,prevention,172,3,15,2292,2195,136,194,noitneverp
12388,preventive,172,3,16,2360,2322,146,210,evitneverp
12389,previous,172,3,17,2171,2435,171,203,suoiverp
12390,prevision,172,3,18,2256,2557,146,202,noisiverp
12391,price,172,3,19,2347,2678,118,117,ecirp
12392,priced,172,3,20,2291,2808,136,109,decirp
12393,priceless,172,3,21,2314,2923,246,127,sselecirp
12394,prices,172,3,22,2302,3063,121,108,secirp
12395,prickle,172,3,23,2208,3177,312,84,elkcirp
12396,prickly,172,3,24,2235,3299,175,80,ylkcirp
12397,pride,172,3,25,2236,3400,229,106,edirp
12398,priest,173,1,1,556,496,118,97,tseirp
12399,priestess,173,1,2,571,629,148,92,ssetseirp
12400,priesthood,173,1,3,601,753,224,109,doohtseirp
12401,priestly,173,1,4,576,868,132,102,yltseirp
12402,primal,173,1,5,488,998,355,83,lamirp
12403,primary,173,1,6,497,1116,277,73,yramirp
12404,primarily,173,1,7,554,1237,298,77,yliramirp
12405,primate,173,1,8,518,1359,255,89,etamirp
12406,primacy,173,1,9,534,1482,226,84,ycamirp
12407,primeval,173,1,10,546,1610,229,136,lavemirp
12408,primitive,173,1,11,637,1723,354,89,evitimirp
12409,primogeniture,173,1,12,669,1855,305,162,erutinegomirp
12410,primordial,173,1,13,588,1979,483,101,laidromirp
12411,prince,173,1,14,628,2096,139,89,ecnirp
12412,princeliness,173,1,15,630,2223,228,93,ssenilecnirp
12413,princely,173,1,16,598,2351,132,88,ylecnirp
12414,princess,173,1,17,613,2460,130,118,ssecnirp
12415,principal,173,1,18,806,2590,130,70,lapicnirp
12416,principality,173,1,19,672,2709,242,95,ytilapicnirp
12417,principally,173,1,20,664,2825,127,71,yllapicnirp
12418,unprincipled,173,1,21,679,2995,173,91,delpicnirpnu
12419,print,173,1,22,512,3060,178,86,tnirp
12420,printable,173,1,23,520,3188,196,133,elbatnirp
12421,printed,173,1,24,540,3242,309,146,detnirp
12422,printer,173,1,25,541,3419,265,85,retnirp
12423,printery,173,2,1,1371,491,252,96,yretnirp
12424,prior,173,2,2,1366,637,156,82,roirp
12425,priority,173,2,3,1383,751,166,107,ytiroirp
12426,prism,173,2,4,1364,873,214,102,msirp
12427,prismatic,173,2,5,1392,1006,210,147,citamsirp
12428,prison,173,2,6,1400,1132,110,92,nosirp
12429,imprisoned,173,2,7,1431,1292,263,105,denosirpmi
12430,prisoner,173,2,8,1401,1368,153,100,renosirp
12431,pristine,173,2,9,1372,1489,184,91,enitsirp
12432,private,173,2,10,1372,1605,102,78,etavirp
12433,privacy,173,2,11,1336,1719,149,192,ycavirp
12434,privateer,173,2,12,1386,1845,146,177,reetavirp
12435,privately,173,2,13,1471,1981,96,73,yletavirp
12436,privateness,173,2,14,1459,2090,162,86,ssenetavirp
12437,privation,173,2,15,1328,2207,138,185,noitavirp
12438,deprive,173,2,16,1382,2313,160,84,evirped
12439,privet,173,2,17,1288,2460,143,166,tevirp
12440,privilege,173,2,18,1307,2583,163,165,egelivirp
12441,privy,173,2,19,1345,2698,151,165,yvirp
12442,privily,173,2,20,1349,2821,149,175,ylivirp
12443,privity,173,2,21,1361,2937,153,171,ytivirp
12444,probable,173,2,22,1462,3050,93,194,elbaborp
12445,improbable,173,2,23,1439,3235,143,150,elbaborpmi
12446,probability,173,2,24,1583,3308,109,173,ytilibaborp
12447,probably,173,2,25,1419,3424,83,186,ylbaborp
12448,probate,173,3,1,2236,505,121,204,etaborp
12449,probation,173,3,2,2332,622,93,191,noitaborp
12450,probity,173,3,3,2167,747,89,182,ytiborp
12451,problem,173,3,4,2276,873,152,185,melborp
12452,problematic,173,3,5,2474,996,153,229,citamelborp
12453,proceed,173,3,6,2273,1114,87,104,deecorp
12454,procedure,173,3,7,2299,1239,163,113,erudecorp
12455,procession,173,3,8,2330,1357,89,129,noissecorp
12456,processional,173,3,9,2367,1483,197,143,lanoissecorp
12457,process,173,3,10,2245,1614,84,104,ssecorp
12458,processes,173,3,11,2293,1727,84,132,sessecorp
12459,proclaim,173,3,12,2188,1851,416,87,mialcorp
12460,proclamation,173,3,13,2323,1970,359,84,noitamalcorp
12461,proclivity,173,3,14,2179,2091,311,144,ytivilcorp
12462,procrastinate,173,3,15,2403,2211,270,104,etanitsarcorp
12463,procrastination,173,3,16,2401,2334,246,139,noitanitsarcorp
12464,procrastinator,173,3,17,2362,2454,255,137,rotanitsarcorp
12465,proctor,173,3,18,2193,2576,203,78,rotcorp
12466,procure,173,3,19,2220,2705,213,75,erucorp
12467,procurable,173,3,20,2264,2817,209,168,elbarucorp
12468,procuration,173,3,21,2413,2947,268,103,noitarucorp
12469,procurement,173,3,22,2316,3057,330,85,tnemerucorp
12470,prodigal,173,3,23,2252,3168,358,97,lagidorp
12471,prodigality,173,3,24,2230,3291,417,94,ytilagidorp
12472,prodigy,173,3,25,2219,3411,185,117,ygidorp
12473,prodigious,174,1,1,652,500,183,133,suoigidorp
12474,produce,174,1,2,616,625,207,84,ecudorp
12475,by-product,174,1,3,635,727,270,171,tcudorp-yb
12476,produced,174,1,4,745,864,260,97,decudorp
12477,producer,174,1,5,633,985,264,95,recudorp
12478,produces,174,1,6,605,1111,225,93,secudorp
12479,product,174,1,7,599,1230,281,95,tcudorp
12480,production,174,1,8,639,1352,272,81,noitcudorp
12481,productive,174,1,9,652,1470,285,119,evitcudorp
12482,productivity,174,1,10,660,1611,269,117,ytivitcudorp
12483,profane,174,1,11,635,1737,108,144,enaforp
12484,profanation,174,1,12,659,1859,132,148,noitanaforp
12485,profanity,174,1,13,761,1980,156,121,ytinaforp
12486,profess,174,1,14,630,2098,100,140,sseforp
12487,professed,174,1,15,658,2221,87,140,desseforp
12488,profession,174,1,16,687,2343,91,157,noisseforp
12489,professional,174,1,17,729,2461,181,166,lanoisseforp
12490,professionalism,174,1,18,792,2623,218,150,msilanoisseforp
12491,professionally,174,1,19,648,2712,130,193,yllanoisseforp
12492,professor,174,1,20,722,2834,101,153,rosseforp
12493,professorial,174,1,21,809,2959,240,154,lairosseforp
12494,professorship,174,1,22,698,3074,96,184,pihsrosseforp
12495,proffer,174,1,23,575,3195,109,125,refforp
12496,proficient,174,1,24,637,3320,93,145,tneiciforp
12497,proficiency,174,1,25,643,3439,121,183,ycneiciforp
12498,profile,174,2,1,1324,501,201,140,eliforp
12499,profit,174,2,2,1471,622,74,128,tiforp
12500,profitable,174,2,3,1451,755,80,209,elbatiforp
12501,profitless,174,2,4,1526,878,222,127,sseltiforp
12502,profligate,174,2,5,1471,1017,328,150,etagilforp
12503,profligacy,174,2,6,1416,1136,341,147,ycagilforp
12504,profound,174,2,7,1361,1243,119,118,dnuoforp
12505,profoundness,174,2,8,1532,1372,198,124,ssendnuoforp
12506,profundity,174,2,9,1564,1502,199,119,ytidnuforp
12507,profuse,174,2,10,1407,1619,96,143,esuforp
12508,profusely,174,2,11,1495,1732,98,161,ylesuforp
12509,profuseness,174,2,12,1582,1851,143,148,ssenesuforp
12510,profusion,174,2,13,1457,1981,89,161,noisuforp
12511,progeny,174,2,14,1488,2102,122,175,ynegorp
12512,progenitor,174,2,15,1613,2205,131,181,rotinegorp
12513,prognosis,174,2,16,1455,2354,312,114,sisongorp
12514,prognostic,174,2,17,1469,2476,330,102,citsongorp
12515,prognosticate,174,2,18,1520,2595,351,106,etacitsongorp
12516,program,174,2,19,1408,2707,205,98,margorp
12517,progress,174,2,20,1451,2842,260,67,ssergorp
12518,progression,174,2,21,1466,2957,258,97,noissergorp
12519,progressive,174,2,22,1480,3069,235,173,evissergorp
12520,prohibit,174,2,23,1454,3201,106,150,tibihorp
12521,prohibition,174,2,24,1529,3316,93,201,noitibihorp
12522,prohibitionist,174,2,25,1578,3439,153,228,tsinoitibihorp
12523,prohibitive,174,3,1,2438,505,133,197,evitibihorp
12524,prohibitory,174,3,2,2305,629,144,180,yrotibihorp
12525,project,174,3,3,2415,757,105,171,tcejorp
12526,projectile,174,3,4,2262,880,269,170,elitcejorp
12527,projection,174,3,5,2472,1005,106,201,noitcejorp
12528,projector,174,3,6,2271,1115,161,182,rotcejorp
12529,proletarian,174,3,7,2211,1249,397,93,nairatelorp
12530,proletariat,174,3,8,2269,1377,378,80,tairatelorp
12531,prolific,174,3,9,2196,1495,261,128,cifilorp
12532,prolix,174,3,10,2206,1616,285,84,xilorp
12533,prolixity,174,3,11,2234,1737,288,85,ytixilorp
12534,prologue,174,3,12,2176,1858,404,77,eugolorp
12535,prolong,174,3,13,2214,1983,311,77,gnolorp
12536,prolongate,174,3,14,2297,2102,352,95,etagnolorp
12537,prolongation,174,3,15,2362,2223,283,88,noitagnolorp
12538,promenade,174,3,16,2253,2348,345,87,edanemorp
12539,prominent,174,3,17,2242,2465,322,71,tnenimorp
12540,prominence,174,3,18,2324,2582,316,86,ecnenimorp
12541,promiscuous,174,3,19,2315,2711,288,81,suoucsimorp
12542,promiscuity,174,3,20,2328,2829,363,90,ytiucsimorp
12543,promiscuously,174,3,21,2396,2959,270,75,ylsuoucsimorp
12544,promiscuousness,174,3,22,2442,3077,308,71,ssensuoucsimorp
12545,promise,174,3,23,2305,3194,209,78,esimorp
12546,promised,174,3,24,2299,3318,261,84,desimorp
12547,promissory,174,3,25,2295,3441,261,88,yrossimorp
12548,promontory,175,1,1,570,486,354,74,yrotnomorp
12549,promote,175,1,2,568,621,266,73,etomorp
12550,promoted,175,1,3,569,706,388,111,detomorp
12551,promoter,175,1,4,582,866,256,76,retomorp
12552,promotion,175,1,5,622,989,215,94,noitomorp
12553,prompt,175,1,6,630,1078,223,114,tpmorp
12554,prompted,175,1,7,604,1156,356,156,detpmorp
12555,prompter,175,1,8,594,1331,292,105,retpmorp
12556,promptitude,175,1,9,654,1455,274,99,edutitpmorp
12557,promptly,175,1,10,650,1581,225,104,yltpmorp
12558,promptness,175,1,11,621,1695,319,110,ssentpmorp
12559,promulgate,175,1,12,591,1846,366,74,etaglumorp
12560,promulgation,175,1,13,655,1974,319,70,noitaglumorp
12561,pronoun,175,1,14,563,2092,181,73,nuonorp
12562,pronounce,175,1,15,606,2216,205,77,ecnuonorp
12563,pronounceable,175,1,16,744,2329,196,161,elbaecnuonorp
12564,pronounced,175,1,17,703,2464,226,82,decnuonorp
12565,pronouncement,175,1,18,736,2589,303,73,tnemecnuonorp
12566,pronunciation,175,1,19,729,2704,224,112,noitaicnunorp
12567,proof,175,1,20,609,2821,86,115,foorp
12568,propagate,175,1,21,613,2944,189,128,etagaporp
12569,propaganda,175,1,22,645,3069,296,150,adnagaporp
12570,propagandist,175,1,23,670,3184,280,158,tsidnagaporp
12571,propagation,175,1,24,661,3320,192,146,noitagaporp
12572,propel,175,1,25,660,3446,210,136,leporp
12573,propellant,175,2,1,1443,489,278,146,tnalleporp
12574,propeller,175,2,2,1508,636,252,140,relleporp
12575,propulsion,175,2,3,1437,740,185,158,noisluporp
12576,propensity,175,2,4,1374,869,84,171,ytisneporp
12577,proper,175,2,5,1525,988,105,137,reporp
12578,property,175,2,6,1477,1115,89,132,ytreporp
12579,prophet,175,2,7,1399,1230,98,148,tehporp
12580,prophecy,175,2,8,1409,1361,117,161,ycehporp
12581,prophesy,175,2,9,1448,1477,140,189,ysehporp
12582,prophetic,175,2,10,1549,1606,88,151,citehporp
12583,prophylactic,175,2,11,1415,1737,256,145,citcalyhporp
12584,propinquity,175,2,12,1359,1863,117,134,ytiuqniporp
12585,propitiate,175,2,13,1462,1969,110,188,etaitiporp
12586,propitiation,175,2,14,1589,2092,109,201,noitaitiporp
12587,propitiatory,175,2,15,1433,2218,185,189,yrotaitiporp
12588,propitious,175,2,16,1625,2333,78,159,suoitiporp
12589,proportion,175,2,17,1545,2450,106,144,noitroporp
12590,disproportionate,175,2,18,1597,2557,173,98,etanoitroporpsid
12591,proportionable,175,2,19,1523,2693,114,268,elbanoitroporp
12592,proportional,175,2,20,1630,2819,235,167,lanoitroporp
12593,proportionate,175,2,21,1537,2949,126,196,etanoitroporp
12594,propose,175,2,22,1429,3075,74,142,esoporp
12595,proposal,175,2,23,1516,3184,212,142,lasoporp
12596,proposition,175,2,24,1436,3308,83,163,noitisoporp
12597,propound,175,2,25,1520,3426,80,143,dnuoporp
12598,proponent,175,3,1,2325,493,102,141,tnenoporp
12599,proprietor,175,3,2,2259,621,121,130,roteirporp
12600,proprietary,175,3,3,2356,740,200,157,yrateirporp
12601,propriety,175,3,4,2212,862,121,133,yteirporp
12602,prorate,175,3,5,2284,992,217,81,etarorp
12603,pro rata,175,3,6,2236,1116,253,80,atar orp
12604,prorogue,175,3,7,2185,1244,312,71,eugororp
12605,prosaic,175,3,8,2221,1355,144,112,ciasorp
12606,proscenium,175,3,9,2232,1476,283,97,muinecsorp
12607,proscribe,175,3,10,2234,1608,203,87,ebircsorp
12608,proscription,175,3,11,2303,1728,202,109,noitpircsorp
12609,proscriptive,175,3,12,2295,1858,197,161,evitpircsorp
12610,prosecute,175,3,13,2242,1969,145,96,etucesorp
12611,prosecution,175,3,14,2285,2096,155,122,noitucesorp
12612,prosecutor,175,3,15,2286,2215,197,116,rotucesorp
12613,proselyte,175,3,16,2208,2335,266,110,etylesorp
12614,prosody,175,3,17,2155,2456,210,96,ydosorp
12615,prospect,175,3,18,2260,2570,85,136,tcepsorp
12616,prospective,175,3,19,2287,2697,113,218,evitcepsorp
12617,prospector,175,3,20,2422,2816,146,136,rotcepsorp
12618,prospectus,175,3,21,2279,2943,83,165,sutcepsorp
12619,prosper,175,3,22,2359,3060,117,140,repsorp
12620,prospered,175,3,23,2277,3188,149,153,derepsorp
12621,prosperity,175,3,24,2447,3307,149,152,ytirepsorp
12622,prosperous,175,3,25,2298,3425,124,186,suorepsorp
12623,prostrate,176,1,1,619,465,204,96,etartsorp
12624,prostration,176,1,2,634,598,208,100,noitartsorp
12625,protagonist,176,1,3,549,715,372,84,tsinogatorp
12626,protect,176,1,4,583,843,231,83,tcetorp
12627,protection,176,1,5,609,959,232,78,noitcetorp
12628,protectionist,176,1,6,639,1087,233,95,tsinoitcetorp
12629,protective,176,1,7,623,1206,240,153,evitcetorp
12630,protector,176,1,8,591,1338,286,74,rotcetorp
12631,protectorate,176,1,9,623,1440,333,90,etarotcetorp
12632,unprotected,176,1,10,660,1626,274,80,detcetorpnu
12633,protege,176,1,11,547,1701,159,98,egetorp
12634,protein,176,1,12,536,1824,180,78,nietorp
12635,protest,176,1,13,565,1940,163,81,tsetorp
12636,Protestant,176,1,14,599,2058,234,118,tnatsetorP
12637,Protestantism,176,1,15,660,2191,369,123,msitnatsetorP
12638,protestation,176,1,16,647,2308,154,94,noitatsetorp
12639,protocol,176,1,17,529,2437,360,80,locotorp
12640,protoplasm,176,1,18,551,2552,336,132,msalpotorp
12641,prototype,176,1,19,543,2683,216,103,epytotorp
12642,protoxide,176,1,20,535,2806,261,108,edixotorp
12643,protract,176,1,21,522,2926,273,77,tcartorp
12644,protraction,176,1,22,616,3034,246,74,noitcartorp
12645,protractive,176,1,23,595,3162,275,164,evitcartorp
12646,protractor,176,1,24,618,3298,294,74,rotcartorp
12647,protrude,176,1,25,571,3382,301,93,edurtorp
12648,protrusion,176,2,1,1466,470,205,74,noisurtorp
12649,protrusive,176,2,2,1466,587,229,191,evisurtorp
12650,protuberance,176,2,3,1616,722,132,165,ecnarebutorp
12651,protuberant,176,2,4,1493,840,141,182,tnarebutorp
12652,proud,176,2,5,1378,961,128,100,duorp
12653,prouder,176,2,6,1392,1082,214,105,reduorp
12654,proudest,176,2,7,1401,1209,166,103,tseduorp
12655,proudly,176,2,8,1388,1326,138,114,ylduorp
12656,prove,176,2,9,1338,1461,124,173,evorp
12657,provable,176,2,10,1412,1567,109,215,elbavorp
12658,proved,176,2,11,1470,1692,147,164,devorp
12659,proven,176,2,12,1270,1819,112,173,nevorp
12660,proverb,176,2,13,1393,1942,118,257,brevorp
12661,proverbial,176,2,14,1500,2067,191,253,laibrevorp
12662,provide,176,2,15,1687,2186,148,188,edivorp
12663,improvident,176,2,16,1471,2349,183,159,tnedivorpmi
12664,providence,176,2,17,1664,2437,128,166,ecnedivorp
12665,provident,176,2,18,1468,2551,132,149,tnedivorp
12666,providential,176,2,19,1475,2681,130,163,laitnedivorp
12667,provider,176,2,20,1543,2795,162,172,redivorp
12668,provision,176,2,21,1433,2915,102,183,noisivorp
12669,provisional,176,2,22,1452,3036,180,192,lanoisivorp
12670,province,176,2,23,1624,3158,146,196,ecnivorp
12671,provincial,176,2,24,1468,3283,146,187,laicnivorp
12672,provincialism,176,2,25,1540,3408,249,201,msilaicnivorp
12673,provinciality,176,3,1,2273,459,256,203,ytilaicnivorp
12674,provincially,176,3,2,2481,602,157,211,yllaicnivorp
12675,proviso,176,3,3,2262,720,116,191,osivorp
12676,provisory,176,3,4,2305,839,130,212,yrosivorp
12677,provoke,176,3,5,2430,958,122,178,ekovorp
12678,provocation,176,3,6,2281,1089,118,217,noitacovorp
12679,provocative,176,3,7,2386,1213,239,200,evitacovorp
12680,provost,176,3,8,2227,1329,88,188,tsovorp
12681,proximate,176,3,9,2327,1455,117,80,etamixorp
12682,approximate,176,3,10,2337,1571,112,97,etamixorppa
12683,proximity,176,3,11,2258,1696,222,112,ytimixorp
12684,proximo,176,3,12,2247,1831,112,74,omixorp
12685,proxy,176,3,13,2233,1945,113,100,yxorp
12686,prudent,176,3,14,2225,2066,219,83,tnedurp
12687,imprudently,176,3,15,2272,2240,297,90,yltnedurpmi
12688,prudence,176,3,16,2280,2322,201,76,ecnedurp
12689,prudential,176,3,17,2261,2438,207,79,laitnedurp
12690,prurient,176,3,18,2217,2549,223,89,tneirurp
12691,Prussian,176,3,19,2206,2684,107,124,naissurP
12692,psalm,176,3,20,2167,2833,212,67,mlasp
12693,psalmist,176,3,21,2200,2948,216,60,tsimlasp
12694,psalmody,176,3,22,2199,3035,302,91,ydomlasp
12695,pseudonym,176,3,23,2213,3150,268,93,mynoduesp
12696,psychic,176,3,24,2243,3303,209,71,cihcysp
12697,psychiatrist,176,3,25,2252,3408,272,92,tsirtaihcysp
12698,psychiatry,177,1,1,665,462,278,91,yrtaihcysp
12699,psychical,177,1,2,685,602,177,73,lacihcysp
12700,psychoanalysis,177,1,3,689,754,346,74,sisylanaohcysp
12701,psychology,177,1,4,716,853,142,76,ygolohcysp
12702,psychopathic,177,1,5,715,973,255,113,cihtapohcysp
12703,ptomaine,177,1,6,621,1108,274,48,eniamotp
12704,public,177,1,7,661,1207,114,161,cilbup
12705,publication,177,1,8,662,1324,107,191,noitacilbup
12706,publicist,177,1,9,635,1458,136,206,tsicilbup
12707,publicity,177,1,10,677,1585,96,152,yticilbup
12708,publicly,177,1,11,693,1707,101,153,ylcilbup
12709,publish,177,1,12,687,1827,101,161,hsilbup
12710,publisher,177,1,13,697,1945,115,155,rehsilbup
12711,pucker,177,1,14,508,2062,155,72,rekcup
12712,pudding,177,1,15,585,2172,143,91,gniddup
12713,puddle,177,1,16,531,2285,256,94,elddup
12714,pueblo,177,1,17,513,2426,138,163,olbeup
12715,pugilism,177,1,18,693,2545,261,190,msiligup
12716,pugilist,177,1,19,582,2659,189,204,tsiligup
12717,pugilistic,177,1,20,803,2782,225,222,citsiligup
12718,pugnacity,177,1,21,578,2911,216,107,yticangup
12719,pugnacious,177,1,22,682,3040,259,88,suoicangup
12720,puissant,177,1,23,613,3149,147,96,tnassiup
12721,puissance,177,1,24,656,3272,95,119,ecnassiup
12722,pullet,177,1,25,589,3391,202,98,tellup
12723,pulmonary,177,2,1,1402,471,468,78,yranomlup
12724,pulmotor,177,2,2,1404,590,321,81,rotomlup
12725,pulpit,177,2,3,1378,718,169,125,tiplup
12726,pulse,177,2,4,1382,843,168,82,eslup
12727,pulsate,177,2,5,1443,957,178,107,etaslup
12728,pulsation,177,2,6,1451,1080,191,124,noitaslup
12729,pulsator,177,2,7,1455,1202,270,138,rotaslup
12730,pulsatory,177,2,8,1460,1330,266,125,yrotaslup
12731,pulverize,177,2,9,1483,1448,177,203,ezirevlup
12732,pulverization,177,2,10,1683,1569,168,220,noitazirevlup
12733,pulverize,177,2,11,1489,1689,211,205,ezirevlup
12734,pumice,177,2,12,1358,1815,177,93,ecimup
12735,pump,177,2,13,1377,1938,164,117,pmup
12736,pumpkin,177,2,14,1393,2070,244,122,nikpmup
12737,punch,177,2,15,1395,2174,67,147,hcnup
12738,punctilio,177,2,16,1459,2305,298,89,oilitcnup
12739,punctilious,177,2,17,1481,2423,268,85,suoilitcnup
12740,punctual,177,2,18,1470,2538,138,92,lautcnup
12741,punctuality,177,2,19,1510,2664,269,143,ytilautcnup
12742,punctually,177,2,20,1482,2797,132,92,yllautcnup
12743,unpunctual,177,2,21,1487,2958,134,104,lautcnupnu
12744,punctuate,177,2,22,1645,3022,172,100,etautcnup
12745,punctuation,177,2,23,1579,3143,129,132,noitautcnup
12746,puncture,177,2,24,1468,3271,219,92,erutcnup
12747,pungent,177,2,25,1460,3389,126,168,tnegnup
12748,pungency,177,3,1,2322,460,113,211,ycnegnup
12749,punish,177,3,2,2438,594,66,98,hsinup
12750,punishable,177,3,3,2336,709,132,196,elbahsinup
12751,punished,177,3,4,2425,842,101,100,dehsinup
12752,punishment,177,3,5,2365,960,196,98,tnemhsinup
12753,punitive,177,3,6,2213,1075,224,99,evitinup
12754,puny,177,3,7,2192,1193,125,102,ynup
12755,pupil,177,3,8,2184,1320,179,148,lipup
12756,purblind,177,3,9,2368,1448,237,172,dnilbrup
12757,purchase,177,3,10,2243,1566,87,134,esahcrup
12758,purchaser,177,3,11,2342,1674,140,137,resahcrup
12759,pure,177,3,12,2217,1792,83,92,erup
12760,impure,177,3,13,2219,1972,138,92,erupmi
12761,purely,177,3,14,2311,2040,99,104,ylerup
12762,purification,177,3,15,2300,2167,104,161,noitacifirup
12763,purifier,177,3,16,2328,2281,109,152,reifirup
12764,purify,177,3,17,2388,2395,106,145,yfirup
12765,purism,177,3,18,2262,2538,169,96,msirup
12766,purist,177,3,19,2281,2647,111,108,tsirup
12767,Puritan,177,3,20,2308,2771,178,128,natiruP
12768,purity,177,3,21,2234,2896,101,115,ytirup
12769,purge,177,3,22,2258,3029,89,175,egrup
12770,purgatory,177,3,23,2306,3151,328,101,yrotagrup
12771,purlieu,177,3,24,2201,3275,253,74,ueilrup
12772,purloin,177,3,25,2184,3401,324,83,niolrup
12773,purloined,178,1,1,561,434,340,88,deniolrup
12774,purple,178,1,2,507,569,203,134,elprup
12775,purplish,178,1,3,510,714,194,145,hsilprup
12776,purport,178,1,4,741,805,89,151,troprup
12777,purported,178,1,5,624,933,231,141,detroprup
12778,purpose,178,1,6,687,1054,81,116,esoprup
12779,purposeful,178,1,7,625,1182,89,171,lufesoprup
12780,purposeless,178,1,8,688,1310,187,136,sselesoprup
12781,purposely,178,1,9,577,1429,83,137,ylesoprup
12782,purse,178,1,10,501,1558,85,82,esrup
12783,purser,178,1,11,491,1677,145,97,resrup
12784,pursue,178,1,12,525,1790,84,100,eusrup
12785,pursuance,178,1,13,586,1910,122,118,ecnausrup
12786,pursuant,178,1,14,559,2042,171,101,tnausrup
12787,pursued,178,2,1,1381,450,181,99,deusrup
12788,pursuit,178,2,2,1364,565,134,99,tiusrup
12789,purulent,178,2,3,1278,685,366,95,tnelurup
12790,purvey,178,2,4,1377,809,141,191,yevrup
12791,purveyance,178,2,5,1418,929,165,189,ecnayevrup
12792,purveyor,178,2,6,1490,1059,176,181,royevrup
12793,purview,178,2,7,1364,1180,99,183,weivrup
12794,pusillanimity,178,2,8,1406,1301,358,126,ytiminallisup
12795,pusillanimous,178,2,9,1470,1427,252,112,suominallisup
12796,pustule,178,2,10,1343,1545,232,104,elutsup
12797,put,178,2,11,1347,1661,52,74,tup
12798,putative,178,2,12,1275,1740,251,133,evitatup
12799,putrefy,178,2,13,1314,1889,162,111,yfertup
12800,putrefaction,178,2,14,1428,2018,201,144,noitcafertup
12801,putrefactive,178,3,1,2237,423,210,217,evitcafertup
12802,putrescence,178,3,2,2395,557,227,98,ecnecsertup
12803,putrescent,178,3,3,2241,668,262,109,tnecsertup
12804,putrid,178,3,4,2146,750,318,149,dirtup
12805,putty,178,3,5,2193,928,91,85,yttup
12806,puzzle,178,3,6,2134,1050,203,123,elzzup
12807,pygmy,178,3,7,2093,1191,327,67,ymgyp
12808,pyorrhea,178,3,8,2159,1298,143,91,aehrroyp
12809,pyramid,178,3,9,2163,1416,268,96,dimaryp
12810,pyramidal,178,3,10,2180,1532,389,95,ladimaryp
12811,pyre,178,3,11,2219,1658,124,92,eryp
12812,pyrography,178,3,12,2226,1774,129,93,yhpargoryp
12813,pyrometer,178,3,13,2210,1899,258,89,retemoryp
12814,pyrotechnics,178,3,14,2243,2023,248,87,scinhcetoryp
12815,quackery,179,1,2,553,637,216,84,yrekcauq
12816,quadrangle,179,1,3,562,687,314,139,elgnardauq
12817,quadrant,179,1,4,541,769,368,180,tnardauq
12818,quadruped,179,1,5,558,944,391,121,depurdauq
12819,quadruple,179,1,6,563,1084,393,105,elpurdauq
12820,quadruplex,179,1,7,589,1203,424,113,xelpurdauq
12821,quadruplicate,179,1,8,675,1312,265,122,etacilpurdauq
12822,quagmire,179,1,9,515,1484,395,91,erimgauq
12823,quail,179,1,10,524,1610,252,63,liauq
12824,quaint,179,1,11,534,1693,214,132,tniauq
12825,quaker,179,1,12,519,1869,243,75,rekauq
12826,qualify,179,1,13,569,1991,119,88,yfilauq
12827,disqualify,179,1,14,579,2055,239,93,yfilauqsid
12828,qualification,179,1,15,663,2239,114,99,noitacifilauq
12829,qualified,179,1,16,649,2363,119,93,deifilauq
12830,qualitative,179,1,17,638,2439,234,87,evitatilauq
12831,quality,179,1,18,646,2602,107,34,ytilauq
12832,unqualified,179,1,19,621,2723,148,106,deifilauqnu
12833,qualm,179,1,20,575,2847,241,78,mlauq
12834,quantity,179,1,21,629,2958,107,45,ytitnauq
12835,quantitative,179,1,22,627,3038,201,92,evitatitnauq
12836,quarantine,179,1,23,565,3154,305,101,enitnarauq
12837,quarrel,179,1,24,573,3331,335,56,lerrauq
12838,quarrelsome,179,1,25,602,3458,450,51,emoslerrauq
12839,quarry,179,2,1,1360,526,205,47,yrrauq
12840,quart,179,2,2,1371,616,156,80,trauq
12841,quarter,179,2,3,1385,730,155,96,retrauq
12842,quartered,179,2,4,1400,788,265,151,deretrauq
12843,quarterly,179,2,5,1458,978,159,91,ylretrauq
12844,quartermaster,179,2,6,1510,1088,321,95,retsamretrauq
12845,quartile,179,2,7,1390,1226,334,82,elitrauq
12846,quartz,179,2,8,1395,1349,162,86,ztrauq
12847,quatrain,179,2,9,1391,1444,289,114,niartauq
12848,quaver,179,2,10,1391,1624,126,145,revauq
12849,quay,179,2,11,1490,1758,102,32,yauq
12850,quayage,179,2,12,1535,1877,95,155,egayauq
12851,queen,179,2,13,1355,1998,140,57,neeuq
12852,queer,179,2,14,1370,2116,197,54,reeuq
12853,quench,179,2,15,1442,2235,151,91,hcneuq
12854,quenchless,179,2,16,1517,2356,273,100,sselhcneuq
12855,unquenchable,179,2,17,1631,2480,195,189,elbahcneuqnu
12856,querulous,179,2,18,1317,2600,323,63,suolureuq
12857,query,179,2,19,1367,2724,176,46,yreuq
12858,quest,179,2,20,1372,2850,150,57,tseuq
12859,question,179,2,21,1431,2972,109,60,noitseuq
12860,questionable,179,2,22,1475,3093,116,163,elbanoitseuq
12861,questioned,179,2,23,1557,3179,200,96,denoitseuq
12862,questioner,179,2,24,1516,3339,106,67,renoitseuq
12863,questionnaire,179,2,25,1530,3450,133,97,eriannoitseuq
12864,unquestionable,179,3,1,2355,521,142,158,elbanoitseuqnu
12865,unquestioned,179,3,2,2434,628,254,91,denoitseuqnu
12866,quibble,179,3,3,2270,780,113,123,elbbiuq
12867,quick,179,3,4,2290,900,165,53,kciuq
12868,quicken,179,3,5,2277,1026,236,57,nekciuq
12869,quicklime,179,3,6,2206,1123,434,72,emilkciuq
12870,quickness,179,3,7,2272,1260,267,55,ssenkciuq
12871,quicksand,179,3,8,2298,1370,230,91,dnaskciuq
12872,quicksilver,179,3,9,2274,1502,289,139,revliskciuq
12873,quick-witted,179,3,10,2355,1560,312,142,dettiw-kciuq
12874,quiescent,179,3,11,2291,1737,197,82,tnecseiuq
12875,quiet,179,3,12,2285,1839,164,74,teiuq
12876,quieted,179,3,13,2271,1898,264,150,deteiuq
12877,quietly,179,3,14,2278,2084,184,79,ylteiuq
12878,quietness,179,3,15,2267,2184,243,100,ssenteiuq
12879,quietude,179,3,16,2279,2318,197,85,eduteiuq
12880,quietus,179,3,17,2269,2445,191,84,suteiuq
12881,quill,179,3,18,2195,2602,249,52,lliuq
12882,quilt,179,3,19,2179,2701,284,70,tliuq
12883,quinine,179,3,20,2256,2839,273,68,eniniuq
12884,quinquennial,179,3,21,2250,2965,420,66,lainneuqniuq
12885,quintessence,179,3,22,2265,3022,220,128,ecnessetniuq
12886,quintet,179,3,23,2229,3147,271,117,tetniuq
12887,quire,179,3,24,2230,3321,198,70,eriuq
12888,quirk,179,3,25,2222,3456,243,50,kriuq
12889,quit,180,1,1,603,479,149,75,tiuq
12890,quitclaim,180,1,2,618,559,455,122,mialctiuq
12891,quitrent,180,1,3,623,662,320,145,tnertiuq
12892,quittance,180,1,4,623,836,208,90,ecnattiuq
12893,quitter,180,1,5,619,951,154,95,rettiuq
12894,quite,180,1,6,584,1088,158,79,etiuq
12895,quiver,180,1,7,556,1230,130,140,reviuq
12896,quixotic,180,2,1,1426,493,174,117,citoxiuq
12897,quiz,180,2,2,1461,632,112,53,ziuq
12898,quizzical,180,2,3,1449,756,167,63,lacizziuq
12899,quoin,180,2,4,1415,856,190,46,niouq
12900,quoit,180,2,5,1425,962,186,65,tiouq
12901,quondam,180,2,6,1407,1056,287,117,madnouq
12902,quorum,180,2,7,1388,1238,261,52,murouq
12903,quota,180,3,1,2289,448,214,102,atouq
12904,quote,180,3,2,2285,595,153,69,etouq
12905,quotable,180,3,3,2310,726,160,147,elbatouq
12906,quotation,180,3,4,2375,847,155,79,noitatouq
12907,quoth,180,3,5,2318,979,145,60,htouq
12908,quotidian,180,3,6,2284,1006,269,161,naiditouq
12909,quotient,180,3,7,2263,1238,133,64,tneitouq
12910,rabbi,181,1,2,518,622,140,159,ibbar
12911,rabbit,181,1,3,597,746,128,131,tibbar
12912,rabble,181,1,4,577,866,134,146,elbbar
12913,rabid,181,1,5,556,1000,182,139,dibar
12914,rabies,181,1,6,648,1110,129,159,seibar
12915,raccoon,181,1,7,598,1265,241,56,nooccar
12916,race,181,1,8,562,1359,131,63,ecar
12917,raced,181,1,9,561,1489,156,65,decar
12918,racer,181,1,10,559,1608,174,85,recar
12919,racial,181,1,11,529,1725,259,91,laicar
12920,racially,181,1,12,537,1846,139,102,yllaicar
12921,racily,181,1,13,524,1970,143,100,ylicar
12922,raciness,181,1,14,535,2093,162,81,ssenicar
12923,racket,181,1,15,530,2219,241,77,tekcar
12924,raconteur,181,1,16,537,2320,240,96,ruetnocar
12925,radiate,181,1,17,545,2400,290,115,etaidar
12926,radiance,181,1,18,572,2537,189,105,ecnaidar
12927,radiancy,181,1,19,577,2667,192,108,ycnaidar
12928,radiant,181,1,20,557,2771,247,135,tnaidar
12929,radiated,181,1,21,554,2836,362,165,detaidar
12930,radiation,181,1,22,569,3003,225,118,noitaidar
12931,radiator,181,1,23,546,3092,284,153,rotaidar
12932,radical,181,1,24,528,3265,247,93,lacidar
12933,eradicate,181,1,25,554,3379,313,106,etacidare
12934,radicalism,181,2,1,1426,462,353,91,msilacidar
12935,radically,181,2,2,1426,591,312,87,yllacidar
12936,radio,181,2,3,1423,677,255,117,oidar
12937,radioactive,181,2,4,1457,809,270,141,evitcaoidar
12938,radiogram,181,2,5,1464,945,355,102,margoidar
12939,radiophone,181,2,6,1499,1052,232,112,enohpoidar
12940,radiotelegraphy,181,2,7,1570,1151,374,144,yhpargeletoidar
12941,radiotelephone,181,2,8,1547,1289,345,116,enohpeletoidar
12942,radish,181,2,9,1432,1435,216,98,hsidar
12943,radium,181,2,10,1387,1564,294,115,muidar
12944,radius,181,2,11,1387,1672,248,104,suidar
12945,radial,181,2,12,1347,1806,384,96,laidar
12946,radially,181,2,13,1369,1909,265,113,yllaidar
12947,radii,181,2,14,1359,2034,271,112,iidar
12948,radiuses,181,2,15,1371,2158,234,109,sesuidar
12949,raffle,181,2,16,1371,2323,226,123,elffar
12950,raft,181,2,17,1383,2454,140,102,tfar
12951,ragamuffin,181,2,18,1379,2581,417,77,niffumagar
12952,raglan,181,2,19,1331,2707,438,67,nalgar
12953,ragout,181,2,20,1360,2838,287,64,tuogar
12954,raid,181,2,21,1333,2900,232,96,diar
12955,rail,181,2,22,1317,3062,265,65,liar
12956,railhead,181,2,23,1354,3155,359,94,daehliar
12957,raillery,181,2,24,1358,3303,310,59,yrelliar
12958,railroad,181,2,25,1415,3450,153,25,daorliar
12959,railway,181,3,1,2198,521,249,28,yawliar
12960,raiment,181,3,2,2149,606,348,69,tnemiar
12961,rain,181,3,3,2188,745,149,51,niar
12962,rainbow,181,3,4,2199,871,168,149,wobniar
12963,raindrop,181,3,5,2232,955,339,102,pordniar
12964,rained,181,3,6,2229,1077,182,94,deniar
12965,rainfall,181,3,7,2221,1230,152,101,llafniar
12966,rainier,181,3,8,2192,1360,256,53,reiniar
12967,rainiest,181,3,9,2205,1480,225,83,tseiniar
12968,raisin,181,3,10,2197,1596,145,62,nisiar
12969,ramble,181,3,11,2143,1718,249,137,elbmar
12970,rambler,181,3,12,2184,1849,275,119,relbmar
12971,ramify,181,3,13,2218,1967,215,80,yfimar
12972,ramification,181,3,14,2305,2089,210,91,noitacifimar
12973,ramp,181,3,15,2203,2216,256,88,pmar
12974,rampage,181,3,16,2370,2338,231,194,egapmar
12975,rampant,181,3,17,2188,2453,284,115,tnapmar
12976,rampart,181,3,18,2198,2579,222,109,trapmar
12977,ranch,181,3,19,2197,2698,151,96,hcnar
12978,rancher,181,3,20,2234,2812,151,105,rehcnar
12979,ranchero,181,3,21,2245,2945,189,107,orehcnar
12980,ranchman,181,3,22,2261,3071,288,129,namhcnar
12981,rancho,181,3,23,2210,3193,141,99,ohcnar
12982,rancid,181,3,24,2217,3300,272,101,dicnar
12983,rancidly,181,3,25,2200,3424,287,97,yldicnar
12984,rancor,182,1,1,534,488,225,54,rocnar
12985,rancorous,182,1,2,566,609,301,92,suorocnar
12986,random,182,1,3,465,683,309,107,modnar
12987,rank,182,1,4,460,851,225,73,knar
12988,rankle,182,1,5,441,985,380,75,elknar
12989,ransack,182,1,6,453,1096,216,89,kcasnar
12990,ransom,182,1,7,438,1228,282,53,mosnar
12991,rapacity,182,1,8,531,1350,142,102,yticapar
12992,rapacious,182,1,9,569,1468,132,123,suoicapar
12993,rapid,182,1,10,538,1607,202,95,dipar
12994,rapidity,182,1,11,500,1696,279,131,ytidipar
12995,rapidly,182,1,12,501,1841,200,102,yldipar
12996,rapier,182,1,13,486,1966,138,101,reipar
12997,rapport,182,1,14,481,2078,149,116,troppar
12998,rapture,182,1,15,532,2203,203,104,erutpar
12999,rapturous,182,1,16,558,2331,194,107,suorutpar
13000,rare,182,1,17,542,2452,187,51,erar
13001,rarefaction,182,1,18,587,2561,176,133,noitcaferar
13002,rarefy,182,1,19,535,2688,185,98,yferar
13003,rarely,182,1,20,518,2804,168,50,ylerar
13004,rareness,182,1,21,515,2944,275,47,ssenerar
13005,rarer,182,1,22,525,3050,231,52,rerar
13006,rarest,182,1,23,527,3172,196,71,tserar
13007,rarity,182,1,24,516,3308,190,44,ytirar
13008,rascal,182,1,25,483,3421,306,61,lacsar
13009,rascality,182,2,1,1388,498,298,92,ytilacsar
13010,rascally,182,2,2,1386,618,179,60,yllacsar
13011,rash,182,2,3,1376,722,128,76,hsar
13012,rasher,182,2,4,1363,868,142,91,rehsar
13013,rashest,182,2,5,1368,975,152,118,tsehsar
13014,rashly,182,2,6,1366,1101,155,109,ylhsar
13015,rashness,182,2,7,1371,1225,149,88,ssenhsar
13016,raspberry,182,2,8,1311,1349,136,186,yrrebpsar
13017,rate,182,2,9,1424,1473,155,53,etar
13018,rated,182,2,10,1323,1523,283,116,detar
13019,rather,182,2,11,1320,1694,149,71,rehtar
13020,ratify,182,2,12,1305,1798,202,104,yfitar
13021,ratification,182,2,13,1421,1945,180,90,noitacifitar
13022,ratio,182,2,14,1399,2077,148,87,oitar
13023,ratiocination,182,2,15,1412,2196,140,137,noitanicoitar
13024,ration,182,2,16,1436,2317,143,73,noitar
13025,rational,182,2,17,1368,2433,267,95,lanoitar
13026,irrational,182,2,18,1397,2558,270,88,lanoitarri
13027,rationalism,182,2,19,1411,2679,332,75,msilanoitar
13028,rationalist,182,2,20,1428,2798,243,105,tsilanoitar
13029,rationalistic,182,2,21,1443,2927,295,109,citsilanoitar
13030,rationalization,182,2,22,1506,3052,258,133,noitazilanoitar
13031,rationalize,182,2,23,1476,3173,273,104,ezilanoitar
13032,rationally,182,2,24,1445,3287,137,122,yllanoitar
13033,rattan,182,2,25,1407,3392,189,93,nattar
13034,rattle,182,3,1,2123,483,306,60,elttar
13035,rattler,182,3,2,2153,609,418,61,relttar
13036,rattlesnake,182,3,3,2237,728,442,67,ekanselttar
13037,rattly,182,3,4,2206,847,191,69,ylttar
13038,raucous,182,3,5,2133,1002,190,52,suocuar
13039,ravage,182,3,6,2005,1100,235,238,egavar
13040,ravel,182,3,7,2117,1212,183,162,levar
13041,raven,182,3,8,2207,1351,157,143,nevar
13042,ravenous,182,3,9,2262,1466,146,172,suonevar
13043,ravine,182,3,10,2043,1587,176,145,enivar
13044,ravish,182,3,11,2088,1706,196,166,hsivar
13045,raw,182,3,12,2193,1847,115,26,war
13046,rawboned,182,3,13,2214,1971,130,140,denobwar
13047,rawhide,182,3,14,2293,2013,279,115,edihwar
13048,rawness,182,3,15,2189,2217,211,47,ssenwar
13049,ray,182,3,16,2182,2315,125,51,yar
13050,rayless,182,3,17,2147,2432,258,67,sselyar
13051,react,182,3,18,2134,2574,175,63,tcaer
13052,reaction,182,3,19,2217,2704,195,62,noitcaer
13053,reactionary,182,3,20,2262,2828,271,63,yranoitcaer
13054,reenact,182,3,21,2167,2930,234,59,tcaneer
13055,read,182,3,22,2176,3000,229,100,daer
13056,readability,182,3,23,2238,3137,202,133,ytilibadaer
13057,readable,182,3,24,2227,3262,213,125,elbadaer
13058,reader,182,3,25,2233,3359,204,106,redaer
13059,readjust,183,1,1,660,453,139,160,tsujdaer
13060,readjustment,183,1,2,675,582,167,162,tnemtsujdaer
13061,readmission,183,1,3,759,740,257,54,noissimdaer
13062,ready,183,1,4,542,791,221,98,ydaer
13063,readily,183,1,5,585,909,268,93,ylidaer
13064,readiness,183,1,6,572,1015,279,116,ssenidaer
13065,reaffirm,183,1,7,541,1198,173,108,mriffaer
13066,reagent,183,1,8,517,1326,177,112,tnegaer
13067,real,183,1,9,524,1456,107,34,laer
13068,realism,183,1,10,515,1576,241,59,msilaer
13069,realist,183,1,11,522,1704,166,62,tsilaer
13070,realistic,183,1,12,556,1823,160,58,citsilaer
13071,reality,183,1,13,540,1947,280,64,ytilaer
13072,realizable,183,1,14,590,2059,241,165,elbazilaer
13073,realization,183,1,15,593,2201,249,86,noitazilaer
13074,realize,183,1,16,556,2317,277,62,ezilaer
13075,really,183,1,17,572,2439,119,39,yllaer
13076,realty,183,1,18,514,2544,300,65,ytlaer
13077,unreal,183,1,19,519,2690,165,34,laernu
13078,reanimate,183,1,20,502,2782,360,70,etaminaer
13079,reappear,183,1,21,639,2924,124,95,raeppaer
13080,reappearance,183,1,22,664,3048,194,105,ecnaraeppaer
13081,reappoint,183,1,23,608,3169,117,37,tnioppaer
13082,reargue,183,1,24,528,3291,283,60,eugraer
13083,rearrange,183,1,25,558,3410,196,54,egnarraer
13084,reason,183,2,1,1423,481,146,33,nosaer
13085,reasonable,183,2,2,1436,601,148,144,elbanosaer
13086,reasoned,183,2,3,1470,693,188,82,denosaer
13087,unreasonable,183,2,4,1494,863,173,141,elbanosaernu
13088,reassemble,183,2,5,1375,950,181,92,elbmessaer
13089,reassert,183,2,6,1375,1080,141,78,tressaer
13090,reassume,183,2,7,1356,1204,193,75,emussaer
13091,reassure,183,2,8,1378,1321,143,82,erussaer
13092,rebate,183,2,9,1314,1465,117,152,etaber
13093,rebel,183,2,10,1395,1585,173,129,leber
13094,rebellion,183,2,11,1476,1720,220,146,noilleber
13095,rebellious,183,2,12,1376,1838,178,149,suoilleber
13096,rebind,183,2,13,1269,1950,115,144,dniber
13097,rebirth,183,2,14,1359,2067,151,139,htriber
13098,reborn,183,2,15,1429,2208,86,125,nrober
13099,rebound,183,2,16,1323,2317,95,130,dnuober
13100,rebuff,183,2,17,1350,2446,129,160,ffuber
13101,rebuild,183,2,18,1433,2570,202,121,dliuber
13102,rebus,183,2,19,1289,2684,111,160,suber
13103,rebut,183,2,20,1385,2813,92,121,tuber
13104,rebuttal,183,2,21,1413,2938,222,122,lattuber
13105,rebutter,183,2,22,1384,3064,103,135,rettuber
13106,recalcitrant,183,2,23,1415,3170,374,56,tnarticlacer
13107,recall,183,2,24,1348,3298,177,40,llacer
13108,recant,183,2,25,1341,3417,213,48,tnacer
13109,recapitulate,183,3,1,2251,486,235,85,etalutipacer
13110,recapture,183,3,2,2232,610,280,93,erutpacer
13111,recast,183,3,3,2234,730,227,75,tsacer
13112,recede,183,3,4,2198,820,210,89,edecer
13113,recession,183,3,5,2234,972,101,77,noissecer
13114,receipt,183,3,6,2209,1094,127,66,tpiecer
13115,receive,183,3,7,2216,1220,98,46,eviecer
13116,receivability,183,3,8,2286,1333,123,157,ytilibaviecer
13117,receivable,183,3,9,2385,1459,95,140,elbaviecer
13118,receiver,183,3,10,2205,1587,160,52,reviecer
13119,receivership,183,3,11,2290,1711,170,85,pihsreviecer
13120,receives,183,3,12,2267,1834,109,68,seviecer
13121,recent,183,3,13,2195,1946,87,45,tnecer
13122,reception,183,3,14,2230,2078,114,134,noitpecer
13123,receptacle,183,3,15,2301,2199,132,98,elcatpecer
13124,receptive,183,3,16,2228,2320,163,142,evitpecer
13125,receptivity,183,3,17,2395,2441,185,117,ytivitpecer
13126,recipient,183,3,18,2230,2565,143,116,tneipicer
13127,recess,183,3,19,2249,2685,101,59,ssecer
13128,recession,183,3,20,2263,2799,103,67,noissecer
13129,recessional,183,3,21,2255,2928,240,87,lanoissecer
13130,recessive,183,3,22,2160,3052,187,154,evissecer
13131,recharge,183,3,23,2246,3170,127,152,egrahcer
13132,recharged,183,3,24,2314,3304,155,157,degrahcer
13133,recipe,183,3,25,2149,3416,107,129,epicer
13134,reciprocate,184,1,1,688,485,103,104,etacorpicer
13135,reciprocal,184,1,2,695,595,269,96,lacorpicer
13136,reciprocation,184,1,3,742,727,91,108,noitacorpicer
13137,reciprocative,184,1,4,698,856,143,182,evitacorpicer
13138,reciprocator,184,1,5,825,983,169,94,rotacorpicer
13139,reciprocity,184,1,6,695,1089,108,121,yticorpicer
13140,recite,184,1,7,621,1228,142,75,eticer
13141,recital,184,1,8,606,1352,312,86,laticer
13142,recitation,184,1,9,648,1471,144,69,noitaticer
13143,recitative,184,1,10,604,1543,284,113,evitaticer
13144,recited,184,1,11,606,1668,280,125,deticer
13145,reck,184,1,12,562,1841,182,42,kcer
13146,reckless,184,1,13,564,1951,298,41,sselkcer
13147,reckon,184,1,14,588,2076,210,37,nokcer
13148,reckoned,184,1,15,606,2141,260,99,denokcer
13149,reckoner,184,1,16,602,2325,247,38,renokcer
13150,reclaim,184,1,17,618,2401,199,72,mialcer
13151,irreclaimable,184,1,18,727,2513,168,176,elbamialcerri
13152,reclaimable,184,1,19,661,2646,173,171,elbamialcer
13153,reclaimed,184,1,20,842,2746,208,91,demialcer
13154,reclamation,184,1,21,748,2887,179,94,noitamalcer
13155,recline,184,1,22,705,3023,97,60,enilcer
13156,reclination,184,1,23,686,3136,114,89,noitanilcer
13157,reclined,184,1,24,657,3264,167,62,denilcer
13158,recluse,184,1,25,628,3387,95,63,esulcer
13159,recognize,184,2,1,1477,476,233,64,ezingocer
13160,recognition,184,2,2,1515,615,193,43,noitingocer
13161,recognizable,184,2,3,1539,706,228,166,elbazingocer
13162,recognizance,184,2,4,1564,869,252,65,ecnazingocer
13163,unrecognized,184,2,5,1564,968,351,74,dezingocernu
13164,recoil,184,2,6,1440,1091,336,45,liocer
13165,recoiled,184,2,7,1420,1167,350,90,deliocer
13166,recollect,184,2,8,1400,1349,314,33,tcellocer
13167,recollection,184,2,9,1485,1474,320,58,noitcellocer
13168,recommence,184,2,10,1457,1599,355,36,ecnemmocer
13169,recommend,184,2,11,1476,1716,323,28,dnemmocer
13170,recommendation,184,2,12,1629,1839,296,42,noitadnemmocer
13171,recommendatory,184,2,13,1557,2002,351,42,yrotadnemmocer
13172,recommit,184,2,14,1498,2069,282,47,timmocer
13173,recommitted,184,2,15,1493,2121,440,133,dettimmocer
13174,reconcile,184,2,16,1501,2328,280,65,elicnocer
13175,irreconcilable,184,2,17,1544,2446,302,162,elbalicnocerri
13176,reconcilability,184,2,18,1561,2569,294,162,ytilibalicnocer
13177,reconcilable,184,2,19,1538,2700,290,168,elbalicnocer
13178,reconcilement,184,2,20,1554,2829,429,75,tnemelicnocer
13179,reconciliation,184,2,21,1568,2934,271,67,noitailicnocer
13180,reconciliatory,184,2,22,1531,3053,367,60,yrotailicnocer
13181,recondite,184,2,23,1497,3128,258,75,etidnocer
13182,reconnaissance,184,2,24,1530,3297,238,73,ecnassiannocer
13183,reconnoiter,184,2,25,1536,3423,213,39,retionnocer
13184,reconquer,184,3,1,2266,490,283,27,reuqnocer
13185,reconsider,184,3,2,2286,604,171,51,redisnocer
13186,reconstruct,184,3,3,2338,681,142,80,tcurtsnocer
13187,reconstruction,184,3,4,2404,807,150,100,noitcurtsnocer
13188,reconstructive,184,3,5,2425,933,137,176,evitcurtsnocer
13189,record,184,3,6,2201,1023,228,96,drocer
13190,recorded,184,3,7,2248,1128,274,125,dedrocer
13191,recorder,184,3,8,2269,1257,226,110,redrocer
13192,recount,184,3,9,2238,1404,254,95,tnuocer
13193,recounted,184,3,10,2265,1473,380,145,detnuocer
13194,recoup,184,3,11,2323,1711,170,99,puocer
13195,recoupment,184,3,12,2331,1831,278,87,tnempuocer
13196,recourse,184,3,13,2226,1956,233,37,esruocer
13197,recover,184,3,14,2345,2059,156,129,revocer
13198,irrecoverable,184,3,15,2464,2191,163,183,elbarevocerri
13199,recoverable,184,3,16,2308,2309,167,163,elbarevocer
13200,recovery,184,3,17,2420,2439,154,113,yrevocer
13201,recreant,184,3,18,2129,2510,306,98,tnaercer
13202,recreation,184,3,19,2241,2672,246,61,noitaercer
13203,recriminate,184,3,20,2228,2792,451,73,etanimircer
13204,recrimination,184,3,21,2273,2975,408,45,noitanimircer
13205,recriminative,184,3,22,2169,3048,525,112,evitanimircer
13206,recriminatory,184,3,23,2181,3187,519,85,yrotanimircer
13207,recrudescence,184,3,24,2290,3246,402,107,ecnecsedurcer
13208,recruit,184,3,25,2231,3405,271,60,tiurcer
13209,recruited,185,1,1,574,425,385,129,detiurcer
13210,recrystallize,185,1,2,550,616,414,77,ezillatsyrcer
13211,rectangle,185,1,3,565,708,231,82,elgnatcer
13212,rectangular,185,1,4,610,834,264,79,ralugnatcer
13213,rectify,185,1,5,564,957,276,91,yfitcer
13214,rectification,185,1,6,636,1108,192,101,noitacifitcer
13215,rectifier,185,1,7,612,1203,287,100,reifitcer
13216,rectilinear,185,1,8,482,1331,508,95,raenilitcer
13217,rectitude,185,1,9,567,1464,255,79,edutitcer
13218,rectilinear,185,1,10,546,1596,199,73,raenilitcer
13219,rectory,185,1,11,550,1726,288,69,yrotcer
13220,recumbent,185,1,12,593,1874,337,134,tnebmucer
13221,recumbency,185,1,13,647,2006,256,146,ycnebmucer
13222,recuperate,185,1,14,583,2120,168,94,etarepucer
13223,recuperation,185,1,15,733,2254,198,132,noitarepucer
13224,recuperative,185,1,16,781,2384,181,171,evitarepucer
13225,recuperatory,185,1,17,651,2501,262,102,yrotarepucer
13226,recur,185,1,18,610,2624,220,35,rucer
13227,recurrence,185,1,19,612,2731,268,40,ecnerrucer
13228,recurrent,185,1,20,595,2822,326,92,tnerrucer
13229,recusant,185,1,21,577,2960,259,91,tnasucer
13230,red,185,1,22,587,3068,215,84,der
13231,redden,185,1,23,586,3201,180,73,nedder
13232,reddened,185,1,24,571,3269,301,140,denedder
13233,reddish,185,1,25,574,3431,215,88,hsidder
13234,redness,185,2,1,1374,433,263,111,ssender
13235,redeem,185,2,2,1396,564,245,99,meeder
13236,irredeemable,185,2,3,1486,701,270,136,elbameederri
13237,redeemer,185,2,4,1346,830,311,99,remeeder
13238,redemption,185,2,5,1454,939,223,107,noitpmeder
13239,redemptory,185,2,6,1434,1050,376,121,yrotpmeder
13240,unredeemed,185,2,7,1436,1136,369,172,demeedernu
13241,redirect,185,2,8,1385,1338,298,85,tcerider
13242,redistribute,185,2,9,1410,1403,205,165,etubirtsider
13243,redolent,185,2,10,1343,1591,331,71,tneloder
13244,redolence,185,2,11,1385,1718,342,74,ecneloder
13245,redouble,185,2,12,1356,1819,246,147,elbuoder
13246,redoubt,185,2,13,1360,1938,273,105,tbuoder
13247,redoubtable,185,2,14,1457,2053,258,108,elbatbuoder
13248,redound,185,2,15,1390,2142,307,138,dnuoder
13249,reduce,185,2,16,1368,2325,217,80,ecuder
13250,reduced,185,2,17,1372,2440,260,92,decuder
13251,reducer,185,2,18,1380,2568,276,91,recuder
13252,reduces,185,2,19,1381,2678,234,99,secuder
13253,reducible,185,2,20,1384,2804,251,166,elbicuder
13254,reduction,185,2,21,1404,2928,316,99,noitcuder
13255,redundant,185,2,22,1388,3030,291,123,tnadnuder
13256,redundance,185,2,23,1452,3156,286,114,ecnadnuder
13257,redundancy,185,2,24,1460,3266,304,126,ycnadnuder
13258,reecho,185,2,25,1403,3480,237,43,ohceer
13259,reelect,185,3,1,2209,514,316,43,tceleer
13260,reelection,185,3,2,2211,640,327,56,noitceleer
13261,reembark,185,3,3,2217,762,294,117,krabmeer
13262,reenact,185,3,4,2189,894,251,57,tcaneer
13263,reenacted,185,3,5,2224,989,289,73,detcaneer
13264,reenforce,185,3,6,2319,1132,145,90,ecrofneer
13265,reenforcement,185,3,7,2350,1261,215,92,tnemecrofneer
13266,reengage,185,3,8,2207,1383,334,56,egagneer
13267,reengrave,185,3,9,2190,1485,381,137,evargneer
13268,reenlist,185,3,10,2233,1646,315,36,tsilneer
13269,reenlistment,185,3,11,2267,1763,388,38,tnemtsilneer
13270,reenter,185,3,12,2230,1837,163,74,retneer
13271,reexamine,185,3,13,2280,1993,268,88,enimaxeer
13272,reexamination,185,3,14,2350,2126,280,82,noitanimaxeer
13273,reexport,185,3,15,2218,2234,106,124,tropxeer
13274,refer,185,3,16,2246,2366,100,76,refer
13275,referable,185,3,17,2211,2493,115,165,elbarefer
13276,referee,185,3,18,2279,2616,99,82,eerefer
13277,reference,185,3,19,2272,2746,97,85,ecnerefer
13278,referendum,185,3,20,2265,2859,233,88,mudnerefer
13279,refine,185,3,21,2193,2991,135,102,enifer
13280,refined,185,3,22,2227,3111,165,91,denifer
13281,refinement,185,3,23,2239,3240,280,90,tnemenifer
13282,refiner,185,3,24,2221,3358,136,100,renifer
13283,refinery,185,3,25,2192,3481,173,111,yrenifer
13284,reflect,186,1,1,571,542,232,91,tcelfer
13285,reflection,186,1,2,588,663,202,102,noitcelfer
13286,reflective,186,1,3,566,779,209,162,evitcelfer
13287,reflector,186,1,4,713,923,309,88,rotcelfer
13288,reflex,186,1,5,538,1040,236,94,xelfer
13289,reflexive,186,1,6,565,1169,223,215,evixelfer
13290,reform,186,1,7,465,1292,207,78,mrofer
13291,reformation,186,1,8,634,1424,181,94,noitamrofer
13292,reformative,186,1,9,635,1543,282,105,evitamrofer
13293,reformatory,186,1,10,633,1675,267,109,yrotamrofer
13294,reformed,186,1,11,600,1797,200,97,demrofer
13295,reformer,186,1,12,577,1913,166,88,remrofer
13296,refract,186,1,13,587,2040,180,109,tcarfer
13297,refraction,186,1,14,581,2158,193,119,noitcarfer
13298,refractive,186,1,15,612,2289,180,181,evitcarfer
13299,refractivity,186,1,16,789,2410,156,173,ytivitcarfer
13300,refractor,186,1,17,562,2532,252,108,rotcarfer
13301,refractory,186,1,18,582,2656,245,105,yrotcarfer
13302,refrain,186,1,19,577,2774,177,91,niarfer
13303,refrained,186,1,20,565,2896,232,92,deniarfer
13304,refresh,186,1,21,662,3014,119,110,hserfer
13305,refreshment,186,1,22,666,3138,223,120,tnemhserfer
13306,refrigerate,186,1,23,667,3264,122,163,etaregirfer
13307,refrigeration,186,1,24,735,3389,127,161,noitaregirfer
13308,refrigerative,186,1,25,793,3497,135,240,evitaregirfer
13309,refrigerator,186,2,1,1527,533,133,175,rotaregirfer
13310,refuge,186,2,2,1354,659,89,180,egufer
13311,refugee,186,2,3,1396,792,135,200,eegufer
13312,refulgent,186,2,4,1509,919,272,162,tneglufer
13313,refund,186,2,5,1408,1033,126,83,dnufer
13314,refunded,186,2,6,1409,1142,264,110,dednufer
13315,refurnish,186,2,7,1399,1293,96,90,hsinrufer
13316,refuse,186,2,8,1393,1412,104,100,esufer
13317,refusal,186,2,9,1359,1538,234,105,lasufer
13318,refused,186,2,10,1374,1660,119,104,desufer
13319,refuses,186,2,11,1393,1785,98,121,sesufer
13320,refute,186,2,12,1421,1921,139,95,etufer
13321,refutation,186,2,13,1426,2034,123,108,noitatufer
13322,regain,186,2,14,1325,2153,322,59,niager
13323,regained,186,2,15,1369,2225,336,111,deniager
13324,regal,186,2,16,1312,2402,339,50,lager
13325,regally,186,2,17,1355,2524,275,38,yllager
13326,regale,186,2,18,1316,2630,379,63,elager
13327,regalia,186,2,19,1309,2761,413,53,ailager
13328,regard,186,2,20,1407,2884,108,35,drager
13329,disregard,186,2,21,1397,2957,202,82,dragersid
13330,regardful,186,2,22,1441,3131,101,108,lufdrager
13331,regardless,186,2,23,1443,3266,263,66,sseldrager
13332,regards,186,2,24,1455,3381,130,65,sdrager
13333,unregarded,186,2,25,1480,3510,193,45,dedragernu
13334,regatta,186,3,1,2189,505,333,90,attager
13335,regenerate,186,3,2,2256,670,207,117,etareneger
13336,regeneracy,186,3,3,2330,795,154,131,ycareneger
13337,regeneration,186,3,4,2292,928,211,149,noitareneger
13338,regenerative,186,3,5,2472,1041,199,230,evitareneger
13339,regenerator,186,3,6,2295,1165,211,151,rotareneger
13340,unregenerate,186,3,7,2505,1306,185,144,etarenegernu
13341,regent,186,3,8,2287,1411,193,114,tneger
13342,regicide,186,3,9,2255,1532,180,188,ediciger
13343,regimen,186,3,10,2324,1654,230,137,nemiger
13344,regiment,186,3,11,2283,1774,164,128,tnemiger
13345,regimental,186,3,12,2277,1910,176,119,latnemiger
13346,region,186,3,13,2209,2033,109,127,noiger
13347,regional,186,3,14,2280,2148,254,142,lanoiger
13348,register,186,3,15,2192,2278,150,156,retsiger
13349,registered,186,3,16,2244,2401,214,157,deretsiger
13350,registrar,186,3,17,2310,2516,201,140,rartsiger
13351,registration,186,3,18,2301,2643,161,145,noitartsiger
13352,registry,186,3,19,2131,2762,158,147,yrtsiger
13353,regnant,186,3,20,2183,2834,385,116,tnanger
13354,regret,186,3,21,2175,3007,253,52,terger
13355,regretful,186,3,22,2223,3127,245,112,lufterger
13356,regrettable,186,3,23,2250,3260,251,122,elbatterger
13357,regular,186,3,24,2164,3369,227,49,raluger
13358,irregular,186,3,25,2209,3499,259,51,ralugerri
13359,regularity,187,1,1,607,546,295,62,ytiraluger
13360,regulate,187,1,2,615,677,238,72,etaluger
13361,regulatory,187,1,3,627,807,308,77,yrotaluger
13362,regurgitate,187,1,4,629,921,294,128,etatigruger
13363,regurgitation,187,1,5,691,1058,279,133,noitatigruger
13364,rehabilitate,187,1,6,656,1152,256,169,etatilibaher
13365,rehabilitation,187,1,7,860,1274,202,176,noitatilibaher
13366,rehearse,187,1,8,623,1414,177,73,esraeher
13367,rehearsal,187,1,9,574,1530,329,125,lasraeher
13368,reimburse,187,1,10,648,1681,220,119,esrubmier
13369,reimbursement,187,1,11,711,1812,324,130,tnemesrubmier
13370,reimport,187,1,12,610,1933,232,88,tropmier
13371,reimportation,187,1,13,690,2054,212,89,noitatropmier
13372,reincarnation,187,1,14,629,2181,328,29,noitanracnier
13373,reindeer,187,1,15,604,2221,256,115,reednier
13374,reinstate,187,1,16,590,2424,185,34,etatsnier
13375,reinsure,187,1,17,594,2541,141,33,erusnier
13376,reinvigorate,187,1,18,591,2673,289,143,etarogivnier
13377,reissue,187,1,19,643,2807,112,60,eussier
13378,reiterate,187,1,20,550,2886,245,63,etaretier
13379,reiteration,187,1,21,585,2995,251,79,noitaretier
13380,reject,187,1,22,548,3169,88,120,tcejer
13381,dejected,187,1,23,638,3235,194,105,detcejed
13382,eject,187,1,24,557,3327,75,125,tceje
13383,rejection,187,1,25,558,3538,98,147,noitcejer
13384,rejoice,187,2,1,1363,559,87,143,eciojer
13385,rejoiced,187,2,2,1401,685,91,150,deciojer
13386,rejoices,187,2,3,1473,819,102,152,seciojer
13387,rejoin,187,2,4,1346,945,106,144,niojer
13388,rejoinder,187,2,5,1470,1062,202,134,redniojer
13389,rejuvenate,187,2,6,1459,1192,184,229,etanevujer
13390,rejuvenation,187,2,7,1545,1296,172,232,noitanevujer
13391,rejuvenescence,187,2,8,1632,1432,182,239,ecnecsenevujer
13392,rekindle,187,2,9,1295,1509,389,90,eldniker
13393,relapse,187,2,10,1261,1678,278,120,espaler
13394,relate,187,2,11,1300,1792,235,50,etaler
13395,related,187,2,12,1324,1911,265,50,detaler
13396,relation,187,2,13,1359,2040,251,71,noitaler
13397,relational,187,2,14,1377,2167,388,101,lanoitaler
13398,relationship,187,2,15,1445,2288,239,82,pihsnoitaler
13399,relative,187,2,16,1388,2408,239,43,evitaler
13400,relativity,187,2,17,1352,2530,270,164,ytivitaler
13401,relax,187,2,18,1363,2663,263,63,xaler
13402,relaxation,187,2,19,1384,2771,287,94,noitaxaler
13403,relaxed,187,2,20,1345,2905,270,63,dexaler
13404,relaxes,187,2,21,1339,3024,269,96,sexaler
13405,release,187,2,22,1329,3169,286,50,esaeler
13406,relegate,187,2,23,1287,3283,376,48,etageler
13407,relegation,187,2,24,1393,3406,387,68,noitageler
13408,relent,187,2,25,1323,3480,316,95,tneler
13409,relentless,187,3,1,2214,525,445,77,sseltneler
13410,relevant,187,3,2,2208,680,230,112,tnaveler
13411,irrelevant,187,3,3,2235,804,225,117,tnavelerri
13412,relevance,187,3,4,2248,930,202,129,ecnaveler
13413,relevancy,187,3,5,2227,1062,225,131,ycnaveler
13414,reliable,187,3,6,2219,1186,259,143,elbailer
13415,reliability,187,3,7,2395,1303,258,153,ytilibailer
13416,reliance,187,3,8,2211,1424,288,47,ecnailer
13417,self-reliant,187,3,9,2251,1510,304,92,tnailer-fles
13418,unreliable,187,3,10,2245,1672,342,139,elbailernu
13419,relief,187,3,11,2143,1796,266,85,feiler
13420,relievable,187,3,12,2230,1914,241,206,elbaveiler
13421,religion,187,3,13,2394,2064,251,123,noigiler
13422,irreligious,187,3,14,2264,2167,232,167,suoigilerri
13423,religious,187,3,15,2214,2302,284,133,suoigiler
13424,relinquish,187,3,16,2206,2424,337,43,hsiuqniler
13425,relinquishment,187,3,17,2202,2595,448,42,tnemhsiuqniler
13426,relish,187,3,18,2214,2665,242,57,hsiler
13427,reluctant,187,3,19,2187,2794,307,38,tnatculer
13428,reluctance,187,3,20,2244,2916,310,32,ecnatculer
13429,remain,187,3,21,2172,3033,285,34,niamer
13430,remainder,187,3,22,2233,3159,306,38,redniamer
13431,remained,187,3,23,2214,3285,329,46,deniamer
13432,remand,187,3,24,2157,3410,284,47,dnamer
13433,remark,187,3,25,2160,3536,217,29,kramer
13434,remarkable,188,1,1,696,530,204,126,elbakramer
13435,remarry,188,1,2,507,631,290,57,yrramer
13436,remedy,188,1,3,588,708,226,94,ydemer
13437,irremediable,188,1,4,689,840,237,163,elbaidemerri
13438,remediable,188,1,5,676,984,262,139,elbaidemer
13439,remedial,188,1,6,724,1082,409,99,laidemer
13440,remember,188,1,7,616,1270,327,36,rebmemer
13441,remembrance,188,1,8,687,1400,322,35,ecnarbmemer
13442,remind,188,1,9,588,1521,294,42,dnimer
13443,reminder,188,1,10,600,1639,354,56,rednimer
13444,remindful,188,1,11,623,1765,287,84,lufdnimer
13445,reminiscent,188,1,12,628,1867,400,74,tnecsinimer
13446,reminiscence,188,1,13,664,2025,355,58,ecnecsinimer
13447,remiss,188,1,14,624,2125,229,46,ssimer
13448,remission,188,1,15,610,2265,238,43,noissimer
13449,remit,188,1,16,591,2384,207,33,timer
13450,remittal,188,1,17,575,2509,363,49,lattimer
13451,remittance,188,1,18,632,2624,198,36,ecnattimer
13452,remittent,188,1,19,586,2730,330,80,tnettimer
13453,remitter,188,1,20,587,2882,273,47,rettimer
13454,remnant,188,1,21,549,3006,298,31,tnanmer
13455,remonstrate,188,1,22,604,3117,316,43,etartsnomer
13456,remonstration,188,1,23,680,3247,300,40,noitartsnomer
13457,remonstrant,188,1,24,640,3361,346,77,tnartsnomer
13458,remonstrates,188,1,25,677,3498,265,61,setartsnomer
13459,remonstration,188,2,1,1559,532,268,69,noitartsnomer
13460,remonstrative,188,2,2,1546,648,273,149,evitartsnomer
13461,remorse,188,2,3,1436,769,229,55,esromer
13462,remorseful,188,2,4,1474,892,214,115,lufesromer
13463,remorseless,188,2,5,1467,1024,344,67,sselesromer
13464,remote,188,2,6,1437,1136,261,42,etomer
13465,remoteness,188,2,7,1451,1240,323,64,ssenetomer
13466,remount,188,2,8,1393,1375,308,63,tnuomer
13467,remove,188,2,9,1419,1517,239,32,evomer
13468,irremovable,188,2,10,1501,1643,265,133,elbavomerri
13469,removable,188,2,11,1420,1771,230,133,elbavomer
13470,removal,188,2,12,1379,1917,371,45,lavomer
13471,remunerate,188,2,13,1454,2026,276,32,etarenumer
13472,remuneration,188,2,14,1547,2142,264,49,noitarenumer
13473,remunerative,188,2,15,1527,2262,270,134,evitarenumer
13474,renaissance,188,2,16,1403,2379,192,78,ecnassianer
13475,render,188,2,17,1447,2466,187,79,redner
13476,rendition,188,2,18,1444,2595,195,66,noitidner
13477,renegade,188,2,19,1345,2697,394,112,edagener
13478,renew,188,2,20,1425,2880,173,31,wener
13479,renewable,188,2,21,1479,3000,182,152,elbawener
13480,renewal,188,2,22,1383,3131,321,47,lawener
13481,renominate,188,2,23,1374,3230,366,69,etanimoner
13482,renounce,188,2,24,1439,3362,206,39,ecnuoner
13483,renunciation,188,2,25,1509,3491,223,85,noitaicnuner
13484,renunciatory,188,3,1,2362,533,325,81,yrotaicnuner
13485,renovate,188,3,2,2259,645,149,162,etavoner
13486,renovated,188,3,3,2340,791,229,151,detavoner
13487,renovation,188,3,4,2438,899,157,174,noitavoner
13488,renown,188,3,5,2204,1031,177,34,nwoner
13489,renowned,188,3,6,2283,1113,252,75,denwoner
13490,rent,188,3,7,2248,1224,174,83,tner
13491,rental,188,3,8,2198,1367,371,68,latner
13492,rented,188,3,9,2188,1434,324,124,detner
13493,reopen,188,3,10,2222,1646,99,92,nepoer
13494,reorder,188,3,11,2219,1715,222,85,redroer
13495,reorganize,188,3,12,2227,1891,260,31,ezinagroer
13496,repair,188,3,13,2243,2013,125,95,riaper
13497,irreparable,188,3,14,2286,2135,144,209,elbaraperri
13498,repaired,188,3,15,2428,2262,196,93,deriaper
13499,reparable,188,3,16,2284,2384,116,202,elbaraper
13500,reparation,188,3,17,2412,2502,161,131,noitaraper
13501,reparative,188,3,18,2270,2638,251,116,evitaraper
13502,repartee,188,3,19,2196,2756,145,96,eetraper
13503,repast,188,3,20,2214,2877,102,119,tsaper
13504,repatriate,188,3,21,2251,3009,213,92,etairtaper
13505,repay,188,3,22,2232,3124,96,102,yaper
13506,repaid,188,3,23,2244,3254,175,90,diaper
13507,repayment,188,3,24,2233,3373,190,113,tnemyaper
13508,repeal,188,3,25,2233,3501,209,90,laeper
13509,repealed,189,1,1,545,557,224,100,delaeper
13510,repeat,189,1,2,550,667,96,91,taeper
13511,repeatedly,189,1,3,559,803,136,100,yldetaeper
13512,repeater,189,1,4,550,933,176,95,retaeper
13513,repetition,189,1,5,568,1051,98,85,noititeper
13514,repel,189,1,6,525,1185,211,79,leper
13515,repelled,189,1,7,528,1293,248,89,delleper
13516,repellence,189,1,8,561,1426,270,89,ecnelleper
13517,repellent,189,1,9,558,1546,289,91,tnelleper
13518,repulse,189,1,10,534,1680,203,84,esluper
13519,repent,189,1,11,546,1799,165,90,tneper
13520,repentance,189,1,12,577,1922,206,94,ecnatneper
13521,repentant,189,1,13,561,2007,233,131,tnatneper
13522,repented,189,1,14,541,2147,259,127,detneper
13523,repercussion,189,1,15,606,2292,193,129,noissucreper
13524,repercussive,189,1,16,630,2410,188,185,evissucreper
13525,repertoire,189,1,17,491,2536,145,99,eriotreper
13526,repertory,189,1,18,614,2663,188,90,yrotreper
13527,repetition,189,1,19,587,2789,91,88,noititeper
13528,repetitious,189,1,20,586,2908,126,86,suoititeper
13529,repine,189,1,21,515,3035,135,127,eniper
13530,repined,189,1,22,560,3149,146,110,deniper
13531,replace,189,1,23,524,3280,244,104,ecalper
13532,replaced,189,1,24,536,3398,244,95,decalper
13533,replacement,189,1,25,595,3520,276,100,tnemecalper
13534,replant,189,2,1,1352,550,310,93,tnalper
13535,replanted,189,2,2,1357,628,418,136,detnalper
13536,replenish,189,2,3,1402,801,261,97,hsinelper
13537,replenishment,189,2,4,1489,927,371,87,tnemhsinelper
13538,replete,189,2,5,1400,1056,272,93,etelper
13539,repletion,189,2,6,1395,1175,224,118,noitelper
13540,replevin,189,2,7,1348,1296,202,178,nivelper
13541,replica,189,2,8,1238,1432,292,97,acilper
13542,reply,189,2,9,1321,1551,116,100,ylper
13543,report,189,2,10,1313,1669,105,85,troper
13544,reporter,189,2,11,1327,1797,210,88,retroper
13545,repose,189,2,12,1353,1917,106,94,esoper
13546,reposeful,189,2,13,1352,2042,125,145,lufesoper
13547,reposes,189,2,14,1428,2172,96,109,sesoper
13548,repository,189,2,15,1431,2294,160,105,yrotisoper
13549,repossess,189,2,16,1359,2408,94,128,ssessoper
13550,reprehend,189,2,17,1451,2533,201,87,dneherper
13551,reprehensibility,189,2,18,1508,2661,198,195,ytilibisneherper
13552,reprehensible,189,2,19,1677,2786,161,197,elbisneherper
13553,reprehension,189,2,20,1476,2904,162,102,noisneherper
13554,reprehensive,189,2,21,1463,3030,168,172,evisneherper
13555,represent,189,2,22,1384,3146,100,91,tneserper
13556,misrepresent,189,2,23,1447,3281,226,108,tneserpersim
13557,representation,189,2,24,1509,3398,93,116,noitatneserper
13558,representative,189,2,25,1481,3524,173,129,evitatneserper
13559,unrepresented,189,3,1,2331,559,163,94,detneserpernu
13560,repress,189,3,2,2260,676,141,103,sserper
13561,irrepressible,189,3,3,2290,794,138,200,elbisserperri
13562,repression,189,3,4,2418,931,131,100,noisserper
13563,repressive,189,3,5,2177,1051,134,175,evisserper
13564,reprieve,189,3,6,2287,1169,157,168,eveirper
13565,reprimand,189,3,7,2165,1305,266,101,dnamirper
13566,reprint,189,3,8,2173,1410,206,99,tnirper
13567,reprisal,189,3,9,2107,1537,259,128,lasirper
13568,reproach,189,3,10,2276,1671,116,146,hcaorper
13569,irreproachable,189,3,11,2338,1791,130,248,elbahcaorperri
13570,reproachful,189,3,12,2453,1911,115,184,lufhcaorper
13571,reprobate,189,3,13,2232,2039,136,210,etaborper
13572,reprobation,189,3,14,2414,2163,101,209,noitaborper
13573,reproduce,189,3,15,2166,2287,232,89,ecudorper
13574,reproduced,189,3,16,2248,2412,284,89,decudorper
13575,reproducer,189,3,17,2257,2527,308,83,recudorper
13576,reproduces,189,3,18,2279,2653,224,82,secudorper
13577,reproduction,189,3,19,2292,2773,295,83,noitcudorper
13578,reproductive,189,3,20,2284,2895,315,118,evitcudorper
13579,reprove,189,3,21,2151,3026,128,164,evorper
13580,reproof,189,3,22,2296,3143,95,129,foorper
13581,reptile,189,3,23,2149,3276,255,90,elitper
13582,reptilian,189,3,24,2160,3401,310,90,nailitper
13583,republic,189,3,25,2161,3514,122,183,cilbuper
13584,republican,190,1,1,747,562,123,185,nacilbuper
13585,republicanism,190,1,2,858,683,197,206,msinacilbuper
13586,republish,190,1,3,576,805,128,176,hsilbuper
13587,repudiate,190,1,4,689,927,212,109,etaiduper
13588,repudiated,190,1,5,667,991,320,187,detaiduper
13589,repudiation,190,1,6,704,1134,200,137,noitaiduper
13590,repugnant,190,1,7,672,1316,272,87,tnanguper
13591,repugnance,190,1,8,713,1432,255,107,ecnanguper
13592,repulse,190,1,9,631,1561,190,92,esluper
13593,repulsed,190,1,10,616,1676,257,106,desluper
13594,repulsion,190,1,11,633,1807,195,101,noisluper
13595,repulsive,190,1,12,622,1916,195,176,evisluper
13596,repurchase,190,1,13,805,2049,120,138,esahcruper
13597,repute,190,1,14,658,2167,98,89,etuper
13598,disrepute,190,1,15,658,2236,215,108,etupersid
13599,reputable,190,1,16,666,2416,104,215,elbatuper
13600,reputation,190,1,17,775,2538,91,113,noitatuper
13601,request,190,1,18,608,2670,159,49,tseuqer
13602,requiem,190,1,19,566,2791,314,50,meiuqer
13603,require,190,1,20,655,2914,168,45,eriuqer
13604,requirement,190,1,21,701,3029,283,39,tnemeriuqer
13605,requires,190,1,22,658,3153,165,65,seriuqer
13606,requisite,190,1,23,652,3288,195,57,etisiuqer
13607,requisition,190,1,24,671,3401,148,80,noitisiuqer
13608,requite,190,1,25,588,3509,221,74,etiuqer
13609,requital,190,2,1,1463,538,374,81,latiuqer
13610,reredos,190,2,2,1470,632,208,93,soderer
13611,resale,190,2,3,1423,810,239,76,elaser
13612,resold,190,2,4,1414,932,288,75,dloser
13613,rescind,190,2,5,1437,1031,172,78,dnicser
13614,rescript,190,2,6,1415,1192,237,42,tpircser
13615,rescue,190,2,7,1412,1312,211,57,eucser
13616,rescued,190,2,8,1420,1384,266,92,deucser
13617,rescuer,190,2,9,1427,1554,244,58,reucser
13618,research,190,2,10,1438,1678,105,106,hcraeser
13619,resemble,190,2,11,1472,1813,193,52,elbmeser
13620,resemblance,190,2,12,1555,1927,279,52,ecnalbmeser
13621,resent,190,2,13,1481,2018,177,90,tneser
13622,resented,190,2,14,1453,2111,290,109,detneser
13623,resentful,190,2,15,1462,2269,209,83,luftneser
13624,resentment,190,2,16,1506,2391,297,74,tnemtneser
13625,reserve,190,2,17,1459,2536,140,129,evreser
13626,reservation,190,2,18,1504,2671,128,138,noitavreser
13627,reserved,190,2,19,1553,2792,141,122,devreser
13628,reservoir,190,2,20,1560,2910,141,167,riovreser
13629,reship,190,2,21,1373,3036,132,31,pihser
13630,reside,190,2,22,1456,3157,109,72,ediser
13631,residence,190,2,23,1468,3277,199,81,ecnediser
13632,residency,190,2,24,1460,3403,204,66,ycnediser
13633,resident,190,2,25,1453,3531,189,74,tnediser
13634,residential,190,3,1,2363,550,192,80,laitnediser
13635,residue,190,3,2,2313,659,186,92,eudiser
13636,residual,190,3,3,2288,774,355,112,laudiser
13637,residuary,190,3,4,2293,908,274,112,yraudiser
13638,residuum,190,3,5,2299,1033,303,92,muudiser
13639,resign,190,3,6,2311,1183,133,60,ngiser
13640,resignation,190,3,7,2332,1309,211,60,noitangiser
13641,resigned,190,3,8,2327,1403,184,86,dengiser
13642,resignedly,190,3,9,2311,1532,180,88,yldengiser
13643,resilient,190,3,10,2263,1648,333,91,tneiliser
13644,resilience,190,3,11,2292,1800,275,53,ecneiliser
13645,resiliency,190,3,12,2290,1918,259,69,ycneiliser
13646,resin,190,3,13,2270,2044,147,43,niser
13647,resist,190,3,14,2285,2162,107,58,tsiser
13648,irresistible,190,3,15,2417,2298,112,154,elbitsiserri
13649,resistance,190,3,16,2301,2415,122,75,ecnatsiser
13650,resistant,190,3,17,2290,2525,208,77,tnatsiser
13651,resistibility,190,3,18,2304,2670,122,160,ytilibitsiser
13652,resistible,190,3,19,2423,2778,121,161,elbitsiser
13653,resistivity,190,3,20,2262,2905,128,151,ytivitsiser
13654,resistless,190,3,21,2397,3039,239,73,sseltsiser
13655,resolve,190,3,22,2268,3148,225,141,evloser
13656,irresolve,190,3,23,2406,3279,327,69,evloserri
13657,resoluble,190,3,24,2297,3393,234,147,elbuloser
13658,resolute,190,3,25,2208,3528,257,64,etuloser
13659,resolution,191,1,1,613,545,211,73,noituloser
13660,resolvable,191,1,2,721,667,201,209,elbavloser
13661,resolved,191,1,3,508,797,269,129,devloser
13662,resolvent,191,1,4,691,916,200,148,tnevloser
13663,resonant,191,1,5,528,998,216,111,tnanoser
13664,resonance,191,1,6,576,1163,211,63,ecnanoser
13665,resonator,191,1,7,585,1267,170,90,rotanoser
13666,resort,191,1,8,534,1408,154,54,troser
13667,resorted,191,1,9,534,1464,267,113,detroser
13668,resound,191,1,10,549,1604,198,86,dnuoser
13669,resounded,191,1,11,563,1705,293,123,dednuoser
13670,resource,191,1,12,609,1903,104,72,ecruoser
13671,resourceful,191,1,13,610,2018,103,118,lufecruoser
13672,respect,191,1,14,603,2150,116,43,tcepser
13673,disrespect,191,1,15,595,2212,221,80,tcepsersid
13674,irrespective,191,1,16,675,2371,128,146,evitcepserri
13675,respectability,191,1,17,752,2508,128,159,ytilibatcepser
13676,respectable,191,1,18,607,2629,109,142,elbatcepser
13677,respecter,191,1,19,670,2760,208,55,retcepser
13678,respectful,191,1,20,672,2882,118,46,luftcepser
13679,respective,191,1,21,620,2997,121,134,evitcepser
13680,respects,191,1,22,669,3127,121,70,stcepser
13681,respite,191,1,23,581,3245,103,103,etipser
13682,respirable,191,1,24,609,3369,101,209,elbaripser
13683,respiration,191,1,25,725,3495,126,116,noitaripser
13684,respirator,191,2,1,1467,548,187,98,rotaripser
13685,respiratory,191,2,2,1439,666,259,96,yrotaripser
13686,respite,191,2,3,1422,788,106,110,etipser
13687,resplendent,191,2,4,1432,918,280,106,tnednelpser
13688,resplendence,191,2,5,1479,1042,271,103,ecnednelpser
13689,resplendency,191,2,6,1467,1164,261,108,ycnednelpser
13690,respond,191,2,7,1400,1295,144,109,dnopser
13691,respondent,191,2,8,1434,1393,243,143,tnednopser
13692,response,191,2,9,1527,1536,95,102,esnopser
13693,irresponsibility,191,2,10,1587,1651,133,211,ytilibisnopserri
13694,irresponsible,191,2,11,1471,1774,108,106,elbisnopserri
13695,responsible,191,2,12,1455,1908,94,101,elbisnopser
13696,responsive,191,2,13,1422,2024,120,173,evisnopser
13697,rest,191,2,14,1282,2148,105,50,tser
13698,rested,191,2,15,1348,2271,153,62,detser
13699,restful,191,2,16,1330,2390,116,116,luftser
13700,restless,191,2,17,1296,2511,269,71,sseltser
13701,rests,191,2,18,1320,2627,109,65,stser
13702,restate,191,2,19,1321,2763,142,41,etatser
13703,restaurant,191,2,20,1307,2839,293,93,tnaruatser
13704,restitution,191,2,21,1357,2980,185,75,noitutitser
13705,restore,191,2,22,1335,3116,232,48,erotser
13706,restoration,191,2,23,1398,3223,234,71,noitarotser
13707,restorative,191,2,24,1394,3334,305,91,evitarotser
13708,restrain,191,2,25,1367,3458,94,68,niartser
13709,restrained,191,3,1,2260,504,167,75,deniartser
13710,restraint,191,3,2,2232,614,178,78,tniartser
13711,unrestrained,191,3,3,2287,746,234,81,deniartsernu
13712,restrict,191,3,4,2237,867,113,74,tcirtser
13713,restriction,191,3,5,2271,977,123,120,noitcirtser
13714,restrictive,191,3,6,2274,1117,119,160,evitcirtser
13715,unrestricted,191,3,7,2363,1247,177,75,detcirtsernu
13716,result,191,3,8,2238,1410,112,45,tluser
13717,resultant,191,3,9,2224,1520,216,91,tnatluser
13718,results,191,3,10,2221,1649,110,76,stluser
13719,resume,191,3,11,2195,1787,203,36,emuser
13720,resumable,191,3,12,2229,1900,195,128,elbamuser
13721,resumption,191,3,13,2244,2035,204,60,noitpmuser
13722,resume,191,3,14,2190,2153,218,65,emuser
13723,resurgent,191,3,15,2224,2268,163,112,tnegruser
13724,resurgence,191,3,16,2236,2394,106,129,ecnegruser
13725,resurrect,191,3,17,2294,2509,245,67,tcerruser
13726,resurrected,191,3,18,2267,2632,288,61,detcerruser
13727,resurrection,191,3,19,2282,2757,246,84,noitcerruser
13728,resuscitate,191,3,20,2284,2890,168,65,etaticsuser
13729,resuscitation,191,3,21,2290,2998,146,57,noitaticsuser
13730,retail,191,3,22,2154,3073,289,87,liater
13731,retailed,191,3,23,2131,3160,347,122,deliater
13732,retailer,191,3,24,2127,3327,356,79,reliater
13733,retain,191,3,25,2116,3456,181,74,niater
13734,retained,192,1,1,640,414,245,144,deniater
13735,retainer,192,1,2,621,580,257,90,reniater
13736,retention,192,1,3,635,712,190,87,noitneter
13737,retentive,192,1,4,629,782,284,141,evitneter
13738,retentivity,192,1,5,618,915,303,138,ytivitneter
13739,retaliate,192,1,6,594,1076,296,96,etailater
13740,retaliation,192,1,7,609,1207,293,92,noitailater
13741,retaliative,192,1,8,622,1304,317,198,evitailater
13742,retaliatory,192,1,9,620,1453,360,94,yrotailater
13743,retard,192,1,10,619,1539,274,123,drater
13744,retardation,192,1,11,629,1654,275,136,noitadrater
13745,retell,192,1,12,564,1840,149,75,lleter
13746,reticent,192,1,13,564,1921,273,116,tneciter
13747,reticence,192,1,14,589,2074,209,85,ecneciter
13748,reticule,192,1,15,503,2208,378,77,eluciter
13749,retina,192,1,16,524,2320,185,84,aniter
13750,retinal,192,1,17,510,2447,341,80,laniter
13751,retinue,192,1,18,509,2571,187,82,euniter
13752,retire,192,1,19,522,2668,176,95,eriter
13753,retired,192,1,20,542,2749,247,138,deriter
13754,retirement,192,1,21,586,2937,300,85,tnemeriter
13755,retires,192,1,22,567,3038,190,103,seriter
13756,retort,192,1,23,528,3177,231,80,troter
13757,retouch,192,1,24,525,3333,157,78,hcuoter
13758,retrace,192,1,25,469,3431,294,84,ecarter
13759,retraceable,192,2,1,1486,474,255,170,elbaecarter
13760,retract,192,2,2,1459,596,84,78,tcarter
13761,retractile,192,2,3,1465,726,268,77,elitcarter
13762,retraction,192,2,4,1478,854,120,96,noitcarter
13763,retractive,192,2,5,1464,976,113,161,evitcarter
13764,retractor,192,2,6,1551,1111,182,62,rotcarter
13765,retreat,192,2,7,1444,1231,96,64,taerter
13766,retreated,192,2,8,1451,1313,229,105,detaerter
13767,retrench,192,2,9,1484,1469,94,129,hcnerter
13768,retrenchment,192,2,10,1566,1601,155,126,tnemhcnerter
13769,retrial,192,2,11,1262,1728,366,70,lairter
13770,retribution,192,2,12,1505,1793,98,174,noitubirter
13771,retributive,192,2,13,1583,1892,130,169,evitubirter
13772,retrieve,192,2,14,1396,2026,151,147,eveirter
13773,irretrievable,192,2,15,1485,2174,159,220,elbaveirterri
13774,retrievable,192,2,16,1600,2275,125,226,elbaveirter
13775,retriever,192,2,17,1400,2402,138,152,reveirter
13776,retroactive,192,2,18,1472,2576,148,166,evitcaorter
13777,retrocession,192,2,19,1599,2673,95,111,noissecorter
13778,retrograde,192,2,20,1464,2810,235,92,edargorter
13779,retrogression,192,2,21,1535,2935,243,102,noissergorter
13780,retrogressive,192,2,22,1540,3059,230,179,evissergorter
13781,retrospect,192,2,23,1483,3171,96,112,tcepsorter
13782,retrospection,192,2,24,1564,3278,92,159,noitcepsorter
13783,retrospective,192,2,25,1533,3409,178,215,evitcepsorter
13784,return,192,3,1,2272,511,155,41,nruter
13785,returnable,192,3,2,2283,627,140,126,elbanruter
13786,reunion,192,3,3,2271,768,174,38,noinuer
13787,reunite,192,3,4,2252,888,211,58,etinuer
13788,revalue,192,3,5,2264,1017,152,131,eulaver
13789,reveal,192,3,6,2248,1157,182,123,laever
13790,revelation,192,3,7,2394,1278,242,141,noitalever
13791,revelry,192,3,8,2173,1385,215,128,yrlever
13792,revenge,192,3,9,2223,1520,137,204,egnever
13793,revenged,192,3,10,2299,1641,154,215,degnever
13794,revengeful,192,3,11,2408,1769,178,256,lufegnever
13795,revenue,192,3,12,2226,1868,119,137,eunever
13796,reverberate,192,3,13,2256,2008,132,187,etarebrever
13797,reverberant,192,3,14,2370,2129,179,184,tnarebrever
13798,reverberation,192,3,15,2532,2255,125,201,noitarebrever
13799,reverberative,192,3,16,2281,2379,140,291,evitarebrever
13800,reverberator,192,3,17,2503,2496,195,190,rotarebrever
13801,reverberatory,192,3,18,2373,2635,224,192,yrotarebrever
13802,revere,192,3,19,2198,2735,149,118,erever
13803,irreverent,192,3,20,2322,2853,134,121,tnereverri
13804,reverence,192,3,21,2305,2980,132,117,ecnerever
13805,reverend,192,3,22,2289,3108,148,116,dnerever
13806,reverent,192,3,23,2296,3230,129,116,tnerever
13807,reverential,192,3,24,2283,3343,141,147,laitnerever
13808,reverently,192,3,25,2318,3474,160,138,yltnerever
13809,reverie,193,1,1,553,474,141,142,eirever
13810,reverse,193,1,2,604,607,143,139,esrever
13811,reversal,193,1,3,604,727,169,142,lasrever
13812,reverses,193,1,4,677,865,131,148,sesrever
13813,reversible,193,1,5,653,974,180,225,elbisrever
13814,reversion,193,1,6,716,1092,140,127,noisrever
13815,reversionary,193,1,7,696,1230,190,143,yranoisrever
13816,revert,193,1,8,619,1354,95,131,trever
13817,revertible,193,1,9,655,1473,107,227,elbitrever
13818,revetment,193,1,10,708,1600,236,131,tnemtever
13819,revictual,193,1,11,568,1722,294,138,lautciver
13820,review,193,1,12,609,1852,122,136,weiver
13821,reviewed,193,1,13,656,1962,217,137,deweiver
13822,reviewer,193,1,14,653,2096,155,129,reweiver
13823,revile,193,1,15,505,2214,180,123,eliver
13824,reviled,193,1,16,612,2343,224,116,deliver
13825,revilement,193,1,17,680,2463,317,126,tnemeliver
13826,revise,193,1,18,554,2587,141,131,esiver
13827,reviser,193,1,19,559,2699,137,148,resiver
13828,revision,193,1,20,653,2834,129,136,noisiver
13829,revisit,193,1,21,481,2959,152,165,tisiver
13830,revitalize,193,1,22,618,3079,288,129,ezilativer
13831,vitalization,193,1,23,832,3110,253,153,noitazilativ
13832,revive,193,1,13,656,1962,217,137,eviver
13833,revival,193,1,25,569,3436,240,150,laviver
13834,revivification,193,2,1,1430,488,215,208,noitacifiviver
13835,revivify,193,2,2,1456,611,243,244,yfiviver
13836,survive,193,2,3,1657,637,151,147,evivrus
13837,revoke,193,2,4,1468,861,133,127,ekover
13838,irrevocable,193,2,5,1450,986,111,233,elbacoverri
13839,revocable,193,2,6,1546,1107,129,221,elbacover
13840,revocation,193,2,7,1642,1233,122,161,noitacover
13841,revolt,193,2,8,1371,1350,192,127,tlover
13842,revolve,193,2,9,1434,1486,176,116,evlover
13843,revolution,193,2,10,1516,1609,156,121,noitulover
13844,revolutionary,193,2,11,1573,1727,231,159,yranoitulover
13845,revolutionist,193,2,12,1519,1860,157,165,tsinoitulover
13846,revolutionize,193,2,13,1676,1971,170,190,ezinoitulover
13847,revolver,193,2,14,1441,2088,229,131,revlover
13848,revulsion,193,2,15,1415,2220,147,136,noisluver
13849,revulsive,193,2,16,1561,2339,164,209,evisluver
13850,reward,193,2,17,1342,2438,193,79,drawer
13851,rewarded,193,2,18,1499,2538,270,98,dedrawer
13852,rewrite,193,2,19,1416,2696,183,44,etirwer
13853,rhapsody,193,2,20,1454,2813,172,119,ydospahr
13854,rhapsodic,193,2,21,1463,2948,221,114,cidospahr
13855,rhapsodist,193,2,22,1488,3073,158,101,tsidospahr
13856,rhapsodize,193,2,23,1481,3180,204,114,ezidospahr
13857,rheostat,193,2,24,1432,3328,172,79,tatsoehr
13858,rhetoric,193,2,25,1378,3435,257,46,cirotehr
13859,rhetorical,193,3,1,2306,472,286,48,lacirotehr
13860,rhetorician,193,3,2,2299,595,233,56,naicirotehr
13861,rheumatism,193,3,3,2245,717,394,75,msitamuehr
13862,rheumatic,193,3,4,2299,866,231,67,citamuehr
13863,rheumatoid,193,3,5,2295,953,268,91,diotamuehr
13864,rhinestone,193,3,6,2256,1087,253,53,enotsenihr
13865,rhinitis,193,3,7,2244,1213,183,57,sitinihr
13866,rhinoceros,193,3,8,2237,1335,175,62,soreconihr
13867,rhubarb,193,3,9,2206,1478,110,224,brabuhr
13868,rhythm,193,3,10,2338,1586,245,54,mhtyhr
13869,rhythmic,193,3,11,2266,1693,356,64,cimhtyhr
13870,rhythmical,193,3,12,2296,1824,334,52,lacimhtyhr
13871,ribald,193,3,13,2223,1965,213,135,dlabir
13872,ribaldry,193,3,14,2374,2087,296,136,yrdlabir
13873,ribband,193,3,15,2170,2209,138,131,dnabbir
13874,ribbon,193,3,16,2255,2330,101,140,nobbir
13875,rich,193,3,17,2316,2459,96,89,hcir
13876,enrich,193,3,18,2256,2583,146,91,hcirne
13877,richer,193,3,19,2276,2693,114,107,rehcir
13878,riches,193,3,20,2276,2825,122,116,sehcir
13879,richest,193,3,21,2256,2948,128,117,tsehcir
13880,richly,193,3,22,2247,3075,112,97,ylhcir
13881,richness,193,3,23,2226,3189,114,113,ssenhcir
13882,ride,193,3,24,2230,3280,228,81,edir
13883,ridden,193,3,25,2231,3416,191,72,neddir
13884,rider,194,1,1,622,387,218,119,redir
13885,riderless,194,1,2,609,515,426,116,sselredir
13886,ridicule,194,1,3,608,659,292,98,elucidir
13887,ridiculous,194,1,4,645,772,277,93,suolucidir
13888,riffraff,194,1,5,578,947,133,134,ffarffir
13889,rifle,194,1,6,621,1079,200,105,elfir
13890,rifled,194,1,7,600,1206,237,108,delfir
13891,rifleman,194,1,8,601,1330,352,104,namelfir
13892,right,194,1,9,644,1465,126,42,thgir
13893,right-angled,194,1,10,721,1573,203,79,delgna-thgir
13894,righteous,194,1,11,749,1681,136,131,suoethgir
13895,righteousness,194,1,12,760,1801,135,158,ssensuoethgir
13896,rightful,194,1,13,790,1945,122,101,lufthgir
13897,right-hand,194,1,14,733,2041,214,81,dnah-thgir
13898,rightly,194,1,15,687,2187,127,45,ylthgir
13899,rightness,194,1,16,678,2320,196,46,ssenthgir
13900,rigid,194,1,17,659,2436,145,122,digir
13901,rigidity,194,1,18,660,2571,206,127,ytidigir
13902,rigidly,194,1,19,705,2688,145,131,yldigir
13903,rigor,194,1,20,600,2809,311,53,rogir
13904,rigorous,194,1,21,602,2929,321,73,suorogir
13905,ring,194,1,22,628,3065,159,39,gnir
13906,ringbolt,194,1,23,683,3174,233,151,tlobgnir
13907,ringbone,194,1,24,621,3314,131,132,enobgnir
13908,ringed,194,1,25,730,3396,266,79,degnir
13909,ringer,194,2,1,1547,473,165,31,regnir
13910,ringleader,194,2,2,1466,537,418,116,redaelgnir
13911,ringlet,194,2,3,1486,717,306,63,telgnir
13912,ringmaster,194,2,4,1505,832,358,50,retsamgnir
13913,riot,194,2,5,1481,940,164,53,toir
13914,rioted,194,2,6,1480,1000,297,126,detoir
13915,riotous,194,2,7,1483,1185,191,67,suotoir
13916,riparian,194,2,8,1485,1316,181,122,nairapir
13917,ripe,194,2,9,1492,1447,136,101,epir
13918,ripen,194,2,10,1491,1561,140,100,nepir
13919,ripened,194,2,11,1498,1682,159,113,denepir
13920,ripeness,194,2,12,1510,1813,144,117,ssenepir
13921,riper,194,2,13,1521,1935,117,108,repir
13922,ripest,194,2,14,1499,2058,138,123,tsepir
13923,ripple,194,2,15,1450,2204,204,92,elppir
13924,ripsaw,194,2,16,1451,2322,117,136,waspir
13925,rise,194,2,17,1434,2438,128,71,esir
13926,arises,194,2,18,1447,2543,162,87,sesira
13927,risen,194,2,19,1451,2700,141,51,nesir
13928,risible,194,2,20,1448,2810,113,158,elbisir
13929,risibility,194,2,21,1518,2942,140,169,ytilibisir
13930,risk,194,2,22,1383,3068,147,53,ksir
13931,rite,194,2,23,1436,3174,122,46,etir
13932,ritual,194,2,24,1415,3287,317,56,lautir
13933,ritualistic,194,2,25,1453,3413,355,66,citsilautir
13934,ritually,194,3,1,2236,435,314,69,yllautir
13935,rival,194,3,2,2226,568,147,134,lavir
13936,rivalry,194,3,3,2225,694,146,152,yrlavir
13937,river,194,3,4,2256,835,145,121,revir
13938,riverside,194,3,5,2184,962,219,179,edisrevir
13939,rivet,194,3,6,2248,1086,134,121,tevir
13940,road,194,3,7,2240,1176,203,79,daor
13941,roadbed,194,3,8,2255,1295,261,122,debdaor
13942,roadstead,194,3,9,2298,1340,395,155,daetsdaor
13943,roadster,194,3,10,2293,1508,278,114,retsdaor
13944,roadway,194,3,11,2296,1645,248,96,yawdaor
13945,roam,194,3,12,2231,1830,233,25,maor
13946,roamed,194,3,13,2264,1878,228,115,demaor
13947,roamer,194,3,14,2247,2083,246,28,remaor
13948,roast,194,3,15,2259,2197,150,48,tsaor
13949,roaster,194,3,16,2252,2318,170,62,retsaor
13950,robin,194,3,17,2282,2444,99,138,nibor
13951,robust,194,3,18,2273,2581,91,154,tsubor
13952,rodent,194,3,19,2339,2656,205,73,tnedor
13953,rodman,194,3,20,2193,2753,354,96,namdor
13954,rogue,194,3,21,2201,2934,249,35,eugor
13955,roguery,194,3,22,2238,3068,330,34,yreugor
13956,roguish,194,3,23,2272,3190,248,63,hsiugor
13957,roguishly,194,3,24,2286,3309,258,66,ylhsiugor
13958,Roman,194,3,25,2244,3435,290,64,namoR
13959,romance,195,1,1,549,510,321,37,ecnamor
13960,romantic,195,1,2,572,601,332,60,citnamor
13961,romanticism,195,1,3,625,734,330,55,msicitnamor
13962,rondeau,195,1,4,569,833,222,74,uaednor
13963,rookery,195,1,5,534,1000,266,42,yrekoor
13964,room,195,1,6,531,1125,214,22,moor
13965,roomer,195,1,7,534,1237,222,44,remoor
13966,roomful,195,1,8,550,1378,203,75,lufmoor
13967,roommate,195,1,9,584,1474,263,72,etammoor
13968,roomy,195,1,10,550,1623,214,23,ymoor
13969,rosary,195,1,11,546,1753,194,72,yrasor
13970,rot,195,1,12,542,1851,169,51,tor
13971,rotten,195,1,13,537,1954,215,62,nettor
13972,rottenness,195,1,14,560,2057,295,87,ssennettor
13973,rotate,195,1,15,533,2207,197,57,etator
13974,rotary,195,1,16,532,2323,225,65,yrator
13975,rotation,195,1,17,550,2448,165,58,noitator
13976,rotative,195,1,18,534,2562,184,164,evitator
13977,rotator,195,1,19,524,2700,277,59,rotator
13978,rotatory,195,1,20,517,2821,249,67,yrotator
13979,rotor,195,1,21,541,2940,156,65,rotor
13980,rotund,195,1,22,516,3021,252,106,dnutor
13981,rotunda,195,1,23,543,3140,262,107,adnutor
13982,rotundity,195,1,24,528,3243,328,128,ytidnutor
13983,rouge,195,1,25,539,3452,106,39,eguor
13984,rough,195,2,1,1443,504,111,92,hguor
13985,roughcast,195,2,2,1452,629,200,141,tsachguor
13986,roughdry,195,2,3,1397,755,270,100,yrdhguor
13987,roughen,195,2,4,1407,881,104,100,nehguor
13988,rougher,195,2,5,1402,1000,108,107,rehguor
13989,roughest,195,2,6,1437,1128,111,111,tsehguor
13990,roughhew,195,2,7,1457,1253,113,119,wehhguor
13991,roughly,195,2,8,1493,1383,113,94,ylhguor
13992,roughness,195,2,9,1453,1500,146,101,ssenhguor
13993,roulette,195,2,10,1344,1610,324,52,etteluor
13994,round,195,2,11,1407,1700,193,87,dnuor
13995,roundhouse,195,2,12,1425,1788,238,113,esuohdnuor
13996,roundly,195,2,13,1417,1938,210,85,yldnuor
13997,roundness,195,2,14,1420,2048,277,93,ssendnuor
13998,roundsman,195,2,15,1407,2198,400,68,namsdnuor
13999,rout,195,2,16,1388,2326,183,86,tuor
14000,route,195,2,17,1371,2461,154,45,etuor
14001,routed,195,2,18,1361,2514,266,116,detuor
14002,routine,195,2,19,1365,2692,185,69,enituor
14003,royal,195,2,20,1342,2832,284,44,layor
14004,royalism,195,2,21,1369,2949,387,60,msilayor
14005,royally,195,2,22,1365,3077,276,48,yllayor
14006,royalty,195,2,23,1378,3197,334,74,ytlayor
14007,rub,195,2,24,1361,3329,101,128,bur
14008,rubber,195,2,25,1349,3458,99,151,rebbur
14009,rubberize,195,3,1,2274,511,108,168,ezirebbur
14010,rubbery,195,3,2,2393,640,96,154,yrebbur
14011,rubbish,195,3,3,2184,755,104,179,hsibbur
14012,rubicund,195,3,4,2250,885,201,132,dnucibur
14013,ruble,195,3,5,2090,998,173,127,elbur
14014,ruddy,195,3,6,2224,1077,227,90,yddur
14015,ruddily,195,3,7,2220,1174,243,108,yliddur
14016,ruddiness,195,3,8,2210,1301,277,100,sseniddur
14017,rude,195,3,9,2184,1417,205,101,edur
14018,rudely,195,3,10,2192,1558,218,97,yledur
14019,rudeness,195,3,11,2196,1651,252,112,ssenedur
14020,ruder,195,3,12,2204,1783,185,108,redur
14021,rudiment,195,3,13,2212,1910,296,101,tnemidur
14022,rudimental,195,3,14,2241,2045,329,100,latnemidur
14023,rudimentary,195,3,15,2210,2164,451,113,yratnemidur
14024,rueful,195,3,16,2245,2351,107,97,lufeur
14025,ruffian,195,3,17,2214,2476,120,111,naiffur
14026,ruffle,195,3,18,2187,2609,200,107,elffur
14027,ruffled,195,3,19,2197,2730,234,101,delffur
14028,ruin,195,3,20,2206,2850,156,24,niur
14029,ruination,195,3,21,2216,2973,166,50,noitaniur
14030,ruined,195,3,22,2213,3034,185,85,deniur
14031,ruinous,195,3,23,2218,3211,178,59,suoniur
14032,rule,195,3,24,2184,3336,235,34,elur
14033,ruled,195,3,25,2176,3410,263,81,delur
14034,ruler,196,1,1,500,518,307,34,relur
14035,rumble,196,1,2,547,636,215,114,elbmur
14036,ruminate,196,1,3,532,753,335,64,etanimur
14037,ruminant,196,1,4,558,833,382,110,tnanimur
14038,rumination,196,1,5,602,1011,338,49,noitanimur
14039,ruminative,196,1,6,606,1087,387,95,evitanimur
14040,rummage,196,1,7,579,1251,234,112,egammur
14041,rumor,196,1,8,560,1386,242,30,romur
14042,rumple,196,2,1,1317,521,340,82,elpmur
14043,rumpus,196,2,2,1311,645,249,103,supmur
14044,runner,196,2,3,1375,759,185,44,rennur
14045,rupture,196,2,4,1375,888,190,85,erutpur
14046,rural,196,2,5,1337,1012,351,39,larur
14047,ruralize,196,2,6,1345,1122,365,77,ezilarur
14048,rurally,196,2,7,1367,1252,208,37,yllarur
14049,rush,196,2,8,1354,1391,98,51,hsur
14050,rushed,196,3,1,2220,525,127,41,dehsur
14051,russet,196,3,2,2212,644,140,84,tessur
14052,rust,196,3,3,2204,765,123,60,tsur
14053,rustic,196,3,4,2212,887,146,57,citsur
14054,rusticate,196,3,5,2220,1015,197,70,etacitsur
14055,rusticity,196,3,6,2214,1140,123,73,yticitsur
14056,ruthenium,196,3,7,2191,1229,347,57,muinehtur
14057,ruthless,196,3,8,2195,1368,310,43,sselhtur
14058,Sabbath,197,1,2,618,523,113,166,htabbaS
14059,sabbatical,197,1,3,683,638,115,200,lacitabbas
14060,sable,197,1,4,527,766,147,157,elbas
14061,saccharin,197,1,5,538,990,246,71,nirahccas
14062,sacerdotal,197,1,6,531,1063,368,96,latodrecas
14063,sachem,197,1,7,583,1159,176,129,mehcas
14064,sachet,197,1,8,552,1327,92,112,tehcas
14065,sacrament,197,1,9,545,1476,333,70,tnemarcas
14066,sacramental,197,1,10,635,1611,311,62,latnemarcas
14067,sacred,197,1,11,530,1690,339,101,dercas
14068,sacrifice,197,1,12,581,1838,222,91,ecifircas
14069,sacrificial,197,1,13,595,1975,213,121,laicifircas
14070,sacrilege,197,1,14,610,2115,331,131,egelircas
14071,sacrilegious,197,1,15,606,2227,354,154,suoigelircas
14072,sacristy,197,1,16,480,2346,274,73,ytsircas
14073,sacristan,197,1,17,544,2473,318,66,natsircas
14074,sacrosanct,197,1,18,544,2597,251,68,tcnasorcas
14075,sad,197,1,19,548,2697,158,95,das
14076,sadden,197,1,20,557,2809,175,87,neddas
14077,sadness,197,1,21,544,2884,246,152,ssendas
14078,safe,197,1,22,621,3023,101,118,efas
14079,safe-conduct,197,1,23,677,3154,311,113,tcudnoc-efas
14080,safeguard,197,1,24,629,3280,309,120,draugefas
14081,safe-keeping,197,1,25,688,3406,104,173,gnipeek-efas
14082,safely,197,2,1,1404,429,118,111,ylefas
14083,safeness,197,2,2,1432,554,106,128,ssenefas
14084,safety,197,2,3,1461,682,97,113,ytefas
14085,unsafe,197,2,4,1424,898,120,113,efasnu
14086,saffron,197,2,5,1486,939,153,107,norffas
14087,sagacity,197,2,6,1357,1109,248,77,yticagas
14088,sagacious,197,2,7,1379,1245,243,91,suoicagas
14089,sahib,197,2,8,1412,1270,130,138,bihas
14090,saint,197,2,9,1385,1439,189,94,tnias
14091,sainted,197,2,10,1387,1542,297,129,detnias
14092,saintliness,197,2,11,1412,1686,251,102,sseniltnias
14093,saintly,197,2,12,1394,1808,177,97,yltnias
14094,salad,197,2,13,1319,1936,315,89,dalas
14095,salamander,197,2,14,1404,2088,350,70,rednamalas
14096,salary,197,2,15,1360,2218,250,63,yralas
14097,salaried,197,2,16,1354,2313,381,90,deiralas
14098,sale,197,2,17,1361,2464,186,64,elas
14099,resale,197,2,18,1368,2612,273,81,elaser
14100,salability,197,2,19,1438,2714,207,173,ytilibalas
14101,salable,197,2,20,1346,2829,188,144,elbalas
14102,salesman,197,2,21,1532,2947,220,90,namselas
14103,wholesale,197,2,22,1438,3064,212,108,elaselohw
14104,salient,197,2,23,1364,3181,269,84,tneilas
14105,salience,197,2,24,1361,3319,248,77,ecneilas
14106,saline,197,2,25,1349,3438,272,76,enilas
14107,saliva,197,3,1,2170,474,210,153,avilas
14108,salivate,197,3,2,2262,604,189,186,etavilas
14109,salivation,197,3,3,2449,735,192,175,noitavilas
14110,salmon,197,3,4,2105,864,281,66,nomlas
14111,salon,197,3,5,2184,978,232,68,nolas
14112,saloon,197,3,6,2182,1098,245,72,noolas
14113,salt,197,3,7,2164,1219,226,67,tlas
14114,saltcellar,197,3,8,2180,1357,454,61,rallectlas
14115,salted,197,3,9,2168,1431,364,98,detlas
14116,saltpeter,197,3,10,2221,1594,244,102,reteptlas
14117,salty,197,3,11,2235,1723,246,64,ytlas
14118,salubrious,197,3,12,2237,1840,214,169,suoirbulas
14119,salute,197,3,13,2238,1971,267,67,etulas
14120,salutary,197,3,14,2246,2085,324,70,yratulas
14121,salutation,197,3,15,2265,2207,262,67,noitatulas
14122,salutatorian,197,3,16,2266,2293,409,109,nairotatulas
14123,salutatory,197,3,17,2232,2442,356,80,yrotatulas
14124,salvage,197,3,18,2200,2582,179,218,egavlas
14125,salvation,197,3,19,2373,2703,172,173,noitavlas
14126,salve,197,3,20,2192,2733,139,152,evlas
14127,same,197,3,21,2245,2974,208,61,emas
14128,sameness,197,3,22,2230,3092,307,59,ssenemas
14129,samovar,197,3,23,2218,3208,220,131,ravomas
14130,sample,197,3,24,2233,3341,218,105,elpmas
14131,example,197,3,25,2216,3445,240,102,elpmaxe
14132,exemplar,198,1,1,654,483,251,101,ralpmexe
14133,sampler,198,1,2,617,601,258,93,relpmas
14134,sanatory,198,1,3,639,717,238,82,yrotanas
14135,sanatorium,198,1,4,652,840,395,71,muirotanas
14136,sanctify,198,1,5,673,955,278,88,yfitcnas
14137,sanctification,198,1,6,726,1100,212,98,noitacifitcnas
14138,sanctimonious,198,1,7,744,1183,340,90,suoinomitcnas
14139,sanction,198,1,8,677,1358,167,45,noitcnas
14140,sanctitude,198,1,9,661,1454,245,69,edutitcnas
14141,sanctity,198,1,10,649,1581,294,70,ytitcnas
14142,sanctuary,198,1,11,635,1712,299,56,yrautcnas
14143,sanctum,198,1,12,627,1807,328,91,mutcnas
14144,sand,198,1,13,603,1927,179,81,dnas
14145,sandal,198,1,14,556,2050,356,83,ladnas
14146,sane,198,1,15,586,2201,137,64,enas
14147,insane,198,1,16,613,2363,135,61,enasni
14148,sanity,198,1,17,637,2439,128,75,ytinas
14149,sanguine,198,1,18,651,2573,220,68,eniugnas
14150,consanguinity,198,1,19,756,2713,224,86,ytiniugnasnoc
14151,sanguinary,198,1,20,691,2818,297,72,yraniugnas
14152,sanitary,198,1,21,639,2914,249,75,yratinas
14153,insanitary,198,1,22,643,3068,255,88,yratinasni
14154,sanitation,198,1,23,650,3165,187,71,noitatinas
14155,sapient,198,1,24,658,3236,121,122,tneipas
14156,saponify,198,1,25,666,3359,130,172,yfinopas
14157,sapphire,198,2,1,1410,417,156,118,erihppas
14158,saraband,198,2,2,1455,590,145,166,dnabaras
14159,sarcasm,198,2,3,1568,722,281,102,msacras
14160,sarcastic,198,2,4,1466,846,213,101,citsacras
14161,sarcoma,198,2,5,1453,968,294,77,amocras
14162,sarcophagus,198,2,6,1474,1082,172,123,sugahpocras
14163,sarcophagi,198,2,7,1487,1225,197,129,igahpocras
14164,sardine,198,2,8,1323,1302,213,106,enidras
14165,sardonic,198,2,9,1385,1415,321,103,cinodras
14166,sardonyx,198,2,10,1393,1548,272,94,xynodras
14167,sarsaparilla,198,2,11,1441,1710,300,127,allirapasras
14168,sartorial,198,2,12,1434,1836,324,60,lairotras
14169,sassafras,198,2,13,1306,1963,116,144,sarfassas
14170,satanic,198,2,14,1399,2032,239,116,cinatas
14171,satchel,198,2,15,1403,2148,192,116,lehctas
14172,satiate,198,2,16,1421,2290,110,126,etaitas
14173,insatiable,198,2,17,1361,2473,170,198,elbaitasni
14174,satiable,198,2,18,1484,2547,117,174,elbaitas
14175,satiation,198,2,19,1373,2644,95,143,noitaitas
14176,satiety,198,2,20,1376,2773,208,109,yteitas
14177,satin,198,2,21,1340,2919,163,90,nitas
14178,satire,198,2,22,1380,2999,162,112,eritas
14179,satiric,198,2,23,1355,3150,257,83,ciritas
14180,satirical,198,2,24,1379,3281,265,78,laciritas
14181,satirist,198,2,25,1365,3399,211,88,tsiritas
14182,satirize,198,3,1,2257,459,230,97,eziritas
14183,satisfy,198,3,2,2272,589,125,79,yfsitas
14184,dissatisfy,198,3,3,2309,685,166,84,yfsitassid
14185,satisfaction,198,3,4,2342,835,119,78,noitcafsitas
14186,satisfactory,198,3,5,2362,958,117,87,yrotcafsitas
14187,unsatisfactory,198,3,6,2389,1131,128,76,yrotcafsitasnu
14188,saturate,198,3,7,2272,1193,233,99,etarutas
14189,saturation,198,3,8,2272,1306,231,102,noitarutas
14190,saturnine,198,3,9,2262,1431,229,104,eninrutas
14191,sauce,198,3,10,2299,1572,42,72,ecuas
14192,saucepan,198,3,11,2208,1700,135,160,napecuas
14193,saucer,198,3,12,2334,1808,114,87,recuas
14194,saucily,198,3,13,2268,1935,61,103,ylicuas
14195,sauciness,198,3,14,2289,2052,101,89,ssenicuas
14196,saucy,198,3,15,2282,2178,43,87,ycuas
14197,sauerkraut,198,3,16,2203,2320,347,81,tuarkreuas
14198,saunter,198,3,17,2211,2434,242,71,retnuas
14199,sausage,198,3,18,2175,2549,98,165,egasuas
14200,savage,198,3,19,2199,2603,175,241,egavas
14201,savagely,198,3,20,2214,2722,199,239,ylegavas
14202,savagery,198,3,21,2211,2862,203,241,yregavas
14203,savanna,198,3,22,2364,2971,168,153,annavas
14204,save,198,3,23,2204,3082,139,139,evas
14205,savable,198,3,24,2195,3217,122,223,elbavas
14206,saved,198,3,25,2297,3321,152,141,devas
14207,savior,199,1,1,522,388,127,142,roivas
14208,savor,199,1,2,545,507,127,147,rovas
14209,saw,199,1,3,595,710,41,45,was
14210,sawdust,199,1,4,580,782,181,91,tsudwas
14211,sawhorse,199,1,5,590,955,129,63,esrohwas
14212,sawdust,199,1,6,591,1078,89,51,tsudwas
14213,sawyer,199,1,7,556,1198,128,59,reywas
14214,Saxon,199,1,8,568,1323,113,110,noxaS
14215,saxophone,199,1,9,630,1445,84,137,enohpoxas
14216,scabbard,199,1,10,733,1582,160,150,drabbacs
14217,scaffold,199,1,11,521,1720,257,122,dloffacs
14218,scald,199,1,12,497,1829,263,73,dlacs
14219,scallop,199,1,13,491,1965,252,102,pollacs
14220,scalp,199,1,14,487,2078,257,90,placs
14221,scalpel,199,1,15,475,2194,396,93,leplacs
14222,scandal,199,1,16,633,2296,371,94,ladnacs
14223,scandalization,199,1,17,705,2414,348,100,noitaziladnacs
14224,scandalize,199,1,18,625,2528,345,121,eziladnacs
14225,scandalous,199,1,19,616,2675,351,102,suoladnacs
14226,Scandinavian,199,1,20,636,2762,261,140,naivanidnacS
14227,scansion,199,1,21,634,2945,161,61,noisnacs
14228,scant,199,1,22,607,3028,187,111,tnacs
14229,scantily,199,1,23,604,3116,238,140,ylitnacs
14230,scantiness,199,1,24,598,3251,296,126,ssenitnacs
14231,scapula,199,1,25,583,3435,262,87,alupacs
14232,scapular,199,2,1,1374,473,326,92,ralupacs
14233,scarab,199,2,2,1339,596,254,144,baracs
14234,scarce,199,2,3,1384,731,171,49,ecracs
14235,scarcity,199,2,4,1388,846,167,64,yticracs
14236,scarf,199,2,5,1381,974,200,89,fracs
14237,scarify,199,2,6,1413,1092,188,84,yfiracs
14238,scarification,199,2,7,1503,1212,203,97,noitacifiracs
14239,scarlatina,199,2,8,1361,1305,461,105,anitalracs
14240,scarlet,199,2,9,1333,1460,375,53,telracs
14241,scatter,199,2,10,1435,1568,142,87,rettacs
14242,scattered,199,2,11,1426,1620,236,156,derettacs
14243,scavenger,199,2,12,1350,1841,150,236,regnevacs
14244,scenario,199,2,13,1511,1957,208,69,oiranecs
14245,scene,199,2,14,1402,2081,109,45,enecs
14246,scenery,199,2,15,1378,2204,208,42,yrenecs
14247,scenic,199,2,16,1379,2326,188,43,cinecs
14248,scenical,199,2,17,1390,2451,168,52,lacinecs
14249,scent,199,2,18,1375,2545,167,73,tnecs
14250,scented,199,2,19,1376,2616,268,121,detnecs
14251,scepter,199,2,20,1380,2767,78,97,retpecs
14252,schedule,199,2,21,1354,2894,365,113,eludehcs
14253,scheme,199,2,22,1380,3076,231,46,emehcs
14254,schematic,199,2,23,1422,3200,243,79,citamehcs
14255,schematize,199,2,24,1453,3276,294,103,ezitamehcs
14256,schemer,199,2,25,1423,3446,249,44,remehcs
14257,scherzo,199,3,1,2251,460,171,55,ozrehcs
14258,schism,199,3,2,2246,595,161,47,msihcs
14259,schismatic,199,3,3,2261,726,180,84,citamsihcs
14260,schist,199,3,4,2223,838,81,66,tsihcs
14261,school,199,3,5,2196,973,258,50,loohcs
14262,scholar,199,3,6,2198,1092,352,50,ralohcs
14263,scholarly,199,3,7,2227,1224,340,43,ylralohcs
14264,scholarship,199,3,8,2270,1340,324,70,pihsralohcs
14265,scholastic,199,3,9,2282,1464,323,65,citsalohcs
14266,scholasticism,199,3,10,2322,1593,290,66,msicitsalohcs
14267,schoolbook,199,3,11,2301,1709,241,133,koobloohcs
14268,schoolboy,199,3,12,2292,1840,252,136,yobloohcs
14269,schoolhouse,199,3,13,2325,1945,272,78,esuohloohcs
14270,schoolmaster,199,3,14,2299,2076,374,49,retsamloohcs
14271,schoolroom,199,3,15,2270,2208,392,35,moorloohcs
14272,schooner,199,3,16,2253,2324,193,41,renoohcs
14273,sciatica,199,3,17,2220,2395,258,102,acitaics
14274,science,199,3,18,2248,2554,131,58,ecneics
14275,scientific,199,3,19,2242,2638,234,119,cifitneics
14276,scientist,199,3,20,2263,2762,175,107,tsitneics
14277,scimitar,199,3,21,2229,2913,232,76,ratimics
14278,scintilla,199,3,22,2206,3021,347,84,allitnics
14279,scintillant,199,3,23,2214,3097,408,130,tnallitnics
14280,scintillate,199,3,24,2246,3259,323,93,etallitnics
14281,scintillation,199,3,25,2276,3381,336,87,noitallitnics
14282,scion,200,1,1,514,481,116,66,noics
14283,scissors,200,1,2,532,603,100,66,srossics
14284,scoff,200,1,3,537,743,116,92,ffocs
14285,scoffer,200,1,4,523,863,170,114,reffocs
14286,scope,200,1,5,517,997,116,105,epocs
14287,scorch,200,1,6,495,1113,177,109,hcrocs
14288,score,200,1,7,504,1247,187,37,erocs
14289,scorn,200,1,8,528,1367,178,39,nrocs
14290,scorned,200,1,9,558,1445,228,95,denrocs
14291,scornful,200,1,10,576,1619,180,92,lufnrocs
14292,scorpion,200,1,11,554,1743,209,94,noiprocs
14293,scotch,200,1,12,583,1869,117,99,hctocs
14294,scoundrel,200,1,13,542,1949,436,77,lerdnuocs
14295,scourge,200,1,14,551,2110,143,108,egruocs
14296,scraper,200,1,15,547,2225,229,88,reparcs
14297,scrawl,200,1,16,518,2357,319,39,lwarcs
14298,screw,200,1,17,552,2470,180,37,wercs
14299,scribble,200,1,18,571,2591,191,139,elbbircs
14300,script,200,1,19,571,2723,189,106,tpircs
14301,scriptural,200,1,20,592,2842,417,85,larutpircs
14302,scripture,200,1,21,588,2967,267,90,erutpircs
14303,scroll,200,1,22,541,3087,341,75,llorcs
14304,scrub,200,1,23,562,3205,192,152,burcs
14305,scruple,200,1,24,731,3333,209,98,elpurcs
14306,scrupulosity,200,1,25,708,3454,208,106,ytisolupurcs
14307,scrupulous,200,2,1,1541,493,171,127,suolupurcs
14308,unscrupulous,200,2,2,1535,641,220,140,suolupurcsnu
14309,scrutiny,200,2,3,1365,722,260,69,yniturcs
14310,scrutinize,200,2,4,1441,843,277,75,eziniturcs
14311,scuffle,200,2,5,1389,996,225,106,elffucs
14312,scullion,200,2,6,1371,1127,307,49,noillucs
14313,sculptor,200,2,7,1406,1244,244,99,rotplucs
14314,sculptural,200,2,8,1403,1376,442,100,larutplucs
14315,sculpture,200,2,9,1410,1494,313,109,erutplucs
14316,scum,200,2,10,1389,1625,264,37,mucs
14317,scurrility,200,2,11,1407,1747,341,55,ytilirrucs
14318,scurrilous,200,2,12,1407,1866,374,64,suolirrucs
14319,scurvy,200,2,13,1390,1983,163,134,yvrucs
14320,scythe,200,2,14,1469,2079,121,80,ehtycs
14321,seal,200,2,15,1418,2222,197,62,laes
14322,sealed,200,2,16,1409,2310,239,95,delaes
14323,sealskin,200,2,17,1399,2478,318,62,nikslaes
14324,search,200,2,18,1400,2550,76,100,hcraes
14325,research,200,2,19,1418,2724,103,101,hcraeser
14326,searcher,200,2,20,1496,2780,78,105,rehcraes
14327,searchlight,200,2,21,1487,2898,223,121,thgilhcraes
14328,season,200,2,22,1437,3056,81,64,nosaes
14329,seasonable,200,2,23,1470,3182,80,172,elbanosaes
14330,seasonal,200,2,24,1531,3305,255,74,lanosaes
14331,seasoned,200,2,25,1481,3401,124,92,denosaes
14332,unseasonable,200,3,1,2369,528,87,174,elbanosaesnu
14333,secede,200,3,2,2119,593,179,94,edeces
14334,secession,200,3,3,2321,723,77,81,noisseces
14335,secessionist,200,3,4,2297,856,101,117,tsinoisseces
14336,seclude,200,3,5,2175,963,368,83,edulces
14337,secluded,200,3,6,2188,1061,435,110,dedulces
14338,seclusion,200,3,7,2226,1249,284,58,noisulces
14339,second,200,3,8,2238,1338,215,83,dnoces
14340,secondarily,200,3,9,2285,1445,349,93,yliradnoces
14341,secondary,200,3,10,2269,1582,302,82,yradnoces
14342,seconded,200,3,11,2257,1656,337,127,dednoces
14343,seconder,200,3,12,2244,1814,320,88,rednoces
14344,secondly,200,3,13,2241,1942,214,87,yldnoces
14345,secret,200,3,14,2231,2092,257,65,terces
14346,secrecy,200,3,15,2239,2228,209,60,ycerces
14347,secreted,200,3,16,2223,2293,357,111,deterces
14348,secretion,200,3,17,2248,2472,199,60,noiterces
14349,secretive,200,3,18,2211,2561,318,92,eviterces
14350,secretly,200,3,19,2228,2706,254,61,ylterces
14351,secretory,200,3,20,2232,2811,325,77,yroterces
14352,secretary,200,3,21,2251,2956,195,66,yraterces
14353,secretarial,200,3,22,2265,3082,361,73,lairaterces
14354,secretariat,200,3,23,2262,3198,245,86,tairaterces
14355,sect,200,3,24,2282,3334,149,52,tces
14356,nonsectarian,200,3,25,2295,3460,334,71,nairatcesnon
14357,sectarian,201,1,1,594,466,281,77,nairatces
14358,sectary,201,1,2,587,590,255,73,yratces
14359,section,201,1,3,609,744,133,68,noitces
14360,sectional,201,1,4,614,868,299,66,lanoitces
14361,sectionalism,201,1,5,639,993,378,81,msilanoitces
14362,sectionalize,201,1,6,635,1108,324,115,ezilanoitces
14363,sectionally,201,1,7,631,1228,145,114,yllanoitces
14364,sector,201,1,8,610,1347,157,69,rotces
14365,secular,201,1,9,529,1488,357,51,raluces
14366,secure,201,1,10,580,1617,184,45,eruces
14367,securely,201,1,11,592,1730,205,52,yleruces
14368,security,201,1,12,594,1851,186,68,ytiruces
14369,sedan,201,1,13,542,1924,208,116,nades
14370,sedate,201,1,14,551,2026,239,131,etades
14371,sedateness,201,1,15,569,2149,328,129,ssenetades
14372,sedative,201,1,16,557,2248,280,153,evitades
14373,sedentary,201,1,17,551,2394,248,125,yratnedes
14374,sediment,201,1,18,545,2520,248,119,tnemides
14375,sedimentary,201,1,19,626,2647,347,117,yratnemides
14376,sedimentation,201,1,20,685,2782,275,114,noitatnemides
14377,sedition,201,1,21,610,2910,155,100,noitides
14378,seditious,201,1,22,599,3012,168,122,suoitides
14379,seduce,201,1,23,579,3151,171,93,ecudes
14380,seducer,201,1,24,563,3269,221,99,recudes
14381,seduces,201,1,25,564,3392,172,107,secudes
14382,seducible,201,2,1,1445,443,175,161,elbicudes
14383,seduction,201,2,2,1464,576,236,102,noitcudes
14384,seductive,201,2,3,1446,692,225,131,evitcudes
14385,sedulous,201,2,4,1399,839,307,99,suoludes
14386,seemly,201,2,5,1439,997,184,38,ylmees
14387,unseemly,201,2,6,1430,1133,189,55,ylmeesnu
14388,seepage,201,2,7,1383,1192,134,197,egapees
14389,seersucker,201,2,8,1461,1364,267,69,rekcusrees
14390,seethe,201,2,9,1394,1478,102,58,ehtees
14391,segment,201,2,10,1353,1614,322,53,tnemges
14392,segmental,201,2,11,1433,1730,298,64,latnemges
14393,segmentary,201,2,12,1406,1857,394,51,yratnemges
14394,segmentation,201,2,13,1478,1980,320,56,noitatnemges
14395,segregate,201,2,14,1338,2094,402,61,etagerges
14396,segregation,201,2,15,1416,2225,398,71,noitagerges
14397,seismograph,201,2,16,1460,2325,175,97,hpargomsies
14398,seismology,201,2,17,1459,2451,162,88,ygolomsies
14399,seize,201,2,18,1444,2584,58,59,ezies
14400,seizable,201,2,19,1353,2698,125,169,elbazies
14401,seized,201,2,20,1427,2805,162,80,dezies
14402,seizes,201,2,21,1404,2945,57,76,sezies
14403,seizure,201,2,22,1436,3057,60,79,eruzies
14404,seldom,201,2,23,1356,3134,333,118,modles
14405,select,201,2,24,1359,3323,278,52,tceles
14406,selected,201,2,25,1347,3442,317,57,detceles
14407,selection,201,3,1,2264,498,247,74,noitceles
14408,selective,201,3,2,2263,615,224,136,evitceles
14409,selectivity,201,3,3,2244,741,243,139,ytivitceles
14410,selectman,201,3,4,2200,870,437,67,namtceles
14411,selector,201,3,5,2208,986,331,62,rotceles
14412,selenium,201,3,6,2195,1113,370,57,muineles
14413,self,201,3,7,2218,1227,186,96,fles
14414,self-assertion,201,3,8,2428,1301,76,104,noitressa-fles
14415,self-assured,201,3,9,2314,1447,125,110,derussa-fles
14416,self-command,201,3,10,2320,1574,280,99,dnammoc-fles
14417,self-complacency,201,3,11,2378,1690,247,181,ycnecalpmoc-fles
14418,self-conceit,201,3,12,2325,1826,168,114,tiecnoc-fles
14419,self-confidence,201,3,13,2382,1960,102,116,ecnedifnoc-fles
14420,self-conscious,201,3,14,2338,2077,119,128,suoicsnoc-fles
14421,self-contained,201,3,15,2319,2125,308,146,deniatnoc-fles
14422,self-contradiction,201,3,16,2402,2282,258,106,noitcidartnoc-fles
14423,self-contradictory,201,3,17,2421,2407,266,109,yrotcidartnoc-fles
14424,self-control,201,3,18,2337,2544,217,93,lortnoc-fles
14425,self-deceit,201,3,19,2332,2678,197,81,tieced-fles
14426,self-defense,201,3,20,2352,2758,142,136,esnefed-fles
14427,self-denial,201,3,21,2222,2879,289,121,lained-fles
14428,self-destruction,201,3,22,2357,2982,159,174,noitcurtsed-fles
14429,self-determined,201,3,23,2326,3164,281,89,denimreted-fles
14430,self-educated,201,3,24,2294,3290,196,93,detacude-fles
14431,self-esteem,201,3,25,2247,3401,252,90,meetse-fles
14432,self-evident,202,1,1,744,393,146,155,tnedive-fles
14433,self-examination,202,1,2,697,575,253,114,noitanimaxe-fles
14434,self-executing,202,1,3,715,717,122,101,gnitucexe-fles
14435,self-government,202,1,4,736,840,181,175,tnemnrevog-fles
14436,self-importance,202,1,5,677,983,167,115,ecnatropmi-fles
14437,self-induced,202,1,6,670,1091,208,87,decudni-fles
14438,self-indulgence,202,1,7,683,1185,296,161,ecnegludni-fles
14439,self-interest,202,1,8,682,1322,90,81,tseretni-fles
14440,selfish,202,1,9,701,1443,37,90,hsifles
14441,selfishness,202,1,10,715,1568,114,100,ssenhsifles
14442,unselfish,202,1,11,692,1690,68,88,hsiflesnu
14443,self-love,202,1,12,631,1821,185,156,evol-fles
14444,self-made,202,1,13,608,1952,216,99,edam-fles
14445,self-perception,202,1,14,709,2063,109,200,noitpecrep-fles
14446,self-possessed,202,1,15,829,2183,93,134,dessessop-fles
14447,self-reliance,202,1,16,638,2304,308,88,ecnailer-fles
14448,self-renunciation,202,1,17,744,2435,242,126,noitaicnuner-fles
14449,self-reproach,202,1,18,727,2544,134,200,hcaorper-fles
14450,self-respect,202,1,19,642,2682,131,98,tcepser-fles
14451,self-restraint,202,1,20,673,2804,199,82,tniartser-fles
14452,self-righteous,202,1,21,688,2919,126,155,suoethgir-fles
14453,self-sacrifice,202,1,22,714,3057,243,110,ecifircas-fles
14454,self-satisfied,202,1,23,671,3172,143,97,deifsitas-fles
14455,self-starter,202,1,24,666,3267,157,110,retrats-fles
14456,self-styed,202,1,25,593,3377,283,110,deyts-fles
14457,self-sufficient,202,2,1,1582,448,100,108,tneiciffus-fles
14458,self-supporting,202,2,2,1559,570,83,99,gnitroppus-fles
14459,self-surrender,202,2,3,1541,699,199,99,rednerrus-fles
14460,selvage,202,2,4,1423,860,192,227,egavles
14461,semantics,202,2,5,1500,954,390,82,scitnames
14462,semaphore,202,2,6,1449,1115,258,101,erohpames
14463,semblance,202,2,7,1422,1241,304,132,ecnalbmes
14464,semester,202,2,8,1411,1372,247,55,retsemes
14465,semiannual,202,2,9,1385,1499,404,43,launnaimes
14466,semicircle,202,2,10,1405,1616,374,61,elcricimes
14467,semicircular,202,2,11,1496,1710,313,81,ralucricimes
14468,semicivilized,202,2,12,1583,1852,190,170,dezilivicimes
14469,semicolon,202,2,13,1339,1988,441,47,nolocimes
14470,semidetached,202,2,14,1541,2006,308,150,dehcatedimes
14471,seminal,202,2,15,1401,2231,336,108,lanimes
14472,seminar,202,2,16,1409,2352,265,45,ranimes
14473,seminary,202,2,17,1413,2478,325,34,yranimes
14474,semiofficial,202,2,18,1424,2596,329,85,laiciffoimes
14475,semiopaque,202,2,19,1410,2716,197,132,euqapoimes
14476,semiprecious,202,2,20,1605,2846,213,124,suoicerpimes
14477,semitransparent,202,2,21,1427,2895,320,112,tnerapsnartimes
14478,semiweekly,202,2,22,1460,3094,262,44,ylkeewimes
14479,senate,202,2,23,1443,3190,160,71,etanes
14480,senator,202,2,24,1438,3291,170,98,rotanes
14481,senatorial,202,2,25,1406,3439,392,67,lairotanes
14482,senatorially,202,3,1,2340,476,255,86,yllairotanes
14483,senatorship,202,3,2,2329,589,182,93,pihsrotanes
14484,send,202,3,3,2330,748,114,47,dnes
14485,godsend,202,3,4,2244,817,355,91,dnesdog
14486,missent,202,3,5,2278,979,231,94,tnessim
14487,sender,202,3,6,2301,1121,170,63,rednes
14488,sent,202,3,7,2271,1204,158,80,tnes
14489,senile,202,3,8,2223,1368,296,45,elines
14490,senility,202,3,9,2224,1482,301,68,ytilines
14491,senior,202,3,10,2236,1614,198,43,roines
14492,seniority,202,3,11,2241,1738,191,60,ytiroines
14493,sensate,202,3,12,2236,1851,137,80,etasnes
14494,insensate,202,3,13,2254,2000,145,84,etasnesni
14495,sensation,202,3,14,2265,2118,130,83,noitasnes
14496,sensational,202,3,15,2289,2223,222,103,lanoitasnes
14497,sensationalism,202,3,16,2361,2355,300,116,msilanoitasnes
14498,sensationally,202,3,17,2348,2481,126,112,yllanoitasnes
14499,sense,202,3,18,2262,2608,108,55,esnes
14500,senseless,202,3,19,2228,2712,264,69,sselesnes
14501,sensibility,202,3,20,2243,2841,156,157,ytilibisnes
14502,sensible,202,3,21,2364,2965,127,140,elbisnes
14503,sensitive,202,3,22,2327,3094,234,97,evitisnes
14504,sensitivity,202,3,23,2239,3178,265,99,ytivitisnes
14505,sensitization,202,3,24,2319,3321,179,85,noitazitisnes
14506,sensitize,202,3,25,2283,3418,186,80,ezitisnes
14507,sensitizer,203,1,1,664,422,241,87,rezitisnes
14508,sensory,203,1,2,648,571,176,63,yrosnes
14509,sensual,203,1,3,653,708,247,80,lausnes
14510,sensualism,203,1,4,640,833,367,76,msilausnes
14511,sensuality,203,1,5,656,954,214,93,ytilausnes
14512,sensually,203,1,6,616,1075,246,76,yllausnes
14513,sensuous,203,1,7,643,1204,109,82,suousnes
14514,sentence,203,1,8,608,1288,200,83,ecnetnes
14515,sententious,203,1,9,642,1397,182,88,suoitnetnes
14516,sentient,203,1,10,625,1577,156,52,tneitnes
14517,sentience,203,1,11,632,1698,157,69,ecneitnes
14518,sentiency,203,1,12,648,1808,106,90,ycneitnes
14519,sentiment,203,1,13,601,1900,283,74,tnemitnes
14520,sentimental,203,1,14,661,2025,297,66,latnemitnes
14521,sentimentalism,203,1,15,718,2145,404,81,msilatnemitnes
14522,sentimentalist,203,1,16,692,2272,322,72,tsilatnemitnes
14523,sentimentality,203,1,17,694,2391,397,75,ytilatnemitnes
14524,sentimentalize,203,1,18,712,2511,319,82,ezilatnemitnes
14525,sentimentally,203,1,19,684,2650,295,75,yllatnemitnes
14526,sentinel,203,1,20,590,2750,354,98,lenitnes
14527,sentry,203,1,21,584,2877,252,86,yrtnes
14528,separate,203,1,22,654,2992,82,92,etarapes
14529,separability,203,1,23,650,3114,92,220,ytilibarapes
14530,separable,203,1,24,731,3237,81,208,elbarapes
14531,separately,203,1,25,605,3358,83,99,yletarapes
14532,separation,203,2,1,1519,399,73,119,noitarapes
14533,separatist,203,2,2,1508,537,128,122,tsitarapes
14534,separative,203,2,3,1403,649,160,189,evitarapes
14535,separator,203,2,4,1512,779,159,117,rotarapes
14536,sepia,203,2,5,1450,888,79,127,aipes
14537,sepoy,203,2,6,1473,1023,69,116,yopes
14538,sepsis,203,2,7,1460,1144,100,141,sispes
14539,septic,203,2,8,1475,1260,156,98,citpes
14540,antiseptic,203,2,9,1466,1382,117,98,citpesitna
14541,sepulcher,203,2,10,1438,1514,189,115,rehclupes
14542,sepulchral,203,2,11,1437,1641,321,118,larhclupes
14543,sepulture,203,2,12,1421,1759,297,116,erutlupes
14544,sequel,203,2,13,1383,1941,295,49,leuqes
14545,sequence,203,2,14,1430,2060,188,61,ecneuqes
14546,sequester,203,2,15,1461,2186,183,67,retseuqes
14547,sequestered,203,2,16,1475,2254,303,122,deretseuqes
14548,sequestrate,203,2,17,1494,2435,254,68,etartseuqes
14549,sequestration,203,2,18,1503,2546,286,71,noitartseuqes
14550,sequin,203,2,19,1458,2682,177,59,niuqes
14551,Sequoia,203,2,20,1460,2785,164,96,aiouqeS
14552,seraph,203,2,21,1479,2918,138,94,hpares
14553,seraphic,203,2,22,1468,3032,142,107,cihpares
14554,seraphim,203,2,23,1486,3144,170,116,mihpares
14555,Serbian,203,2,24,1314,3187,154,177,naibreS
14556,serenade,203,2,25,1565,3358,208,123,edaneres
14557,serenata,203,3,1,2280,433,185,94,ataneres
14558,serene,203,3,2,2269,572,163,48,eneres
14559,serenely,203,3,3,2283,689,169,45,yleneres
14560,sereneness,203,3,4,2293,822,243,57,sseneneres
14561,serenity,203,3,5,2292,915,215,81,ytineres
14562,serf,203,3,6,2281,1033,88,107,fres
14563,serge,203,3,7,2319,1109,117,145,egres
14564,sergeant,203,3,8,2322,1238,150,133,tnaegres
14565,serial,203,3,9,2243,1429,284,69,laires
14566,serially,203,3,10,2265,1567,138,48,yllaires
14567,series,203,3,11,2256,1693,125,64,seires
14568,serious,203,3,12,2261,1809,109,60,suoires
14569,seriousness,203,3,13,2269,1940,190,71,ssensuoires
14570,sermon,203,3,14,2275,2065,230,38,nomres
14571,sermonize,203,3,15,2267,2184,255,66,ezinomres
14572,serpent,203,3,16,2277,2241,137,108,tnepres
14573,serpentine,203,3,17,2312,2356,187,125,enitnepres
14574,serum,203,3,18,2227,2554,220,43,mures
14575,serous,203,3,19,2244,2663,121,79,suores
14576,serve,203,3,20,2248,2702,151,146,evres
14577,servant,203,3,21,2233,2817,138,137,tnavres
14578,served,203,3,22,2217,2945,166,144,devres
14579,server,203,3,23,2235,3060,131,145,revres
14580,service,203,3,24,2270,3193,141,150,ecivres
14581,serviceable,203,3,25,2258,3309,176,275,elbaecivres
14582,servile,204,1,1,590,407,192,152,elivres
14583,servility,204,1,2,661,538,251,150,ytilivres
14584,servitor,204,1,3,584,671,117,132,rotivres
14585,servitude,204,1,4,637,776,119,139,edutivres
14586,sesame,204,1,5,621,973,173,64,emases
14587,session,204,1,6,633,1096,61,73,noisses
14588,settee,204,1,7,598,1227,110,62,eettes
14589,settle,204,1,8,583,1356,261,66,elttes
14590,settled,204,1,9,594,1426,279,111,delttes
14591,settlement,204,1,10,645,1602,374,65,tnemelttes
14592,settler,204,1,11,625,1716,350,73,relttes
14593,unsettled,204,1,12,634,1861,315,90,delttesnu
14594,sever,204,1,13,572,1913,165,144,reves
14595,severable,204,1,14,746,2013,154,243,elbareves
14596,severance,204,1,15,823,2147,208,151,ecnareves
14597,several,204,1,16,613,2260,144,148,lareves
14598,severalty,204,1,17,649,2375,120,145,ytlareves
14599,severe,204,1,18,655,2508,160,135,ereves
14600,severity,204,1,19,685,2623,156,168,ytireves
14601,sew,204,1,20,696,2828,44,53,wes
14602,sewed,204,1,21,689,2901,161,93,dewes
14603,sewn,204,1,22,664,3087,108,54,nwes
14604,sewer,204,1,23,635,3199,154,60,rewes
14605,sewage,204,1,24,750,3238,102,158,egawes
14606,sewerage,204,1,25,662,3440,147,162,egarewes
14607,sextant,204,2,1,1423,461,177,84,tnatxes
14608,sextet,204,2,2,1397,591,160,72,tetxes
14609,sexton,204,2,3,1399,711,191,75,notxes
14610,shabby,204,2,4,1420,842,110,172,ybbahs
14611,shabbily,204,2,5,1486,972,126,180,ylibbahs
14612,shabbiness,204,2,6,1542,1097,115,152,ssenibbahs
14613,shackle,204,2,7,1394,1237,304,79,elkcahs
14614,shade,204,2,8,1416,1345,200,96,edahs
14615,shadier,204,2,9,1407,1422,266,130,reidahs
14616,shadiest,204,2,10,1428,1552,231,130,tseidahs
14617,shadily,204,2,11,1409,1676,224,133,ylidahs
14618,shadiness,204,2,12,1457,1785,288,130,ssenidahs
14619,shadow,204,2,13,1434,1943,210,107,wodahs
14620,shadowy,204,2,14,1430,2033,220,130,ywodahs
14621,shady,204,2,15,1423,2173,193,122,ydahs
14622,shaft,204,2,16,1412,2337,103,123,tfahs
14623,shake,204,2,17,1399,2470,147,71,ekahs
14624,shaker,204,2,18,1383,2593,235,71,rekahs
14625,shakily,204,2,19,1439,2712,166,68,ylikahs
14626,shakiness,204,2,20,1480,2837,242,64,ssenikahs
14627,Shakespearean,204,2,21,1529,2954,207,142,naeraepsekahS
14628,shall,204,2,22,1509,3089,35,42,llahs
14629,shallow,204,2,23,1494,3188,204,72,wollahs
14630,shallowly,204,2,24,1503,3318,228,79,ylwollahs
14631,shallowness,204,2,25,1509,3441,281,77,ssenwollahs
14632,shamble,204,3,1,2258,486,229,139,elbmahs
14633,shame,204,3,2,2264,617,211,63,emahs
14634,shamefaced,204,3,3,2338,750,207,117,decafemahs
14635,shameful,204,3,4,2299,862,206,96,lufemahs
14636,shameless,204,3,5,2271,983,419,73,sselemahs
14637,shampoo,204,3,6,2282,1104,205,97,oopmahs
14638,shamrock,204,3,7,2242,1230,337,70,kcormahs
14639,shanghai,204,3,8,2248,1369,179,77,iahgnahs
14640,shank,204,3,9,2234,1481,206,61,knahs
14641,shan't,204,3,10,2274,1590,138,76,t'nahs
14642,shape,204,3,11,2285,1722,92,124,epahs
14643,shaped,204,3,12,2310,1840,95,123,depahs
14644,shapeless,204,3,13,2306,1961,179,132,sselepahs
14645,shapeliness,204,3,14,2335,2102,124,108,ssenilepahs
14646,shapely,204,3,15,2296,2216,95,119,ylepahs
14647,shaper,204,3,16,2305,2350,98,116,repahs
14648,share,204,3,17,2287,2476,48,72,erahs
14649,shared,204,3,18,2309,2559,164,101,derahs
14650,shareholder,204,3,19,2341,2702,350,68,redloherahs
14651,sharer,204,3,20,2316,2816,147,106,rerahs
14652,shark,204,3,21,2276,2943,177,72,krahs
14653,sharp,204,3,22,2288,3064,125,132,prahs
14654,sharpen,204,3,23,2283,3180,131,132,neprahs
14655,sharpened,204,3,24,2309,3317,163,143,deneprahs
14656,sharpener,204,3,25,2293,3442,147,135,reneprahs
14657,sharper,205,1,1,625,468,136,118,reprahs
14658,sharpest,205,1,2,601,589,109,162,tseprahs
14659,sharpness,205,1,3,700,716,149,149,ssenprahs
14660,sharpshooter,205,1,4,668,832,120,175,retoohsprahs
14661,sharp-witted,205,1,5,774,961,245,152,dettiw-prahs
14662,shatter,205,1,6,603,1062,147,103,rettahs
14663,non-shatterable,205,1,7,726,1247,264,124,elbarettahs-non
14664,shattered,205,1,8,540,1279,235,140,derettahs
14665,shear,205,1,9,664,1470,35,51,raehs
14666,sheared,205,1,10,624,1550,167,96,deraehs
14667,shears,205,1,11,626,1699,56,76,sraehs
14668,sheath,205,1,12,592,1832,92,57,htaehs
14669,sheepish,205,1,13,560,1955,73,133,hsipeehs
14670,sheer,205,1,14,596,2080,28,49,reehs
14671,sheerer,205,1,15,587,2199,120,72,rereehs
14672,sheerest,205,1,16,595,2328,78,83,tsereehs
14673,sheerly,205,1,17,598,2446,47,50,ylreehs
14674,sheerness,205,1,18,598,2576,100,51,ssenreehs
14675,shelf,205,1,19,559,2692,183,101,flehs
14676,shelves,205,1,20,530,2803,168,167,sevlehs
14677,shellac,205,1,21,595,2927,235,77,callehs
14678,shellfish,205,1,22,558,3056,166,136,hsifllehs
14679,shelter,205,1,23,538,3168,234,74,retlehs
14680,sheltered,205,1,24,564,3236,325,128,deretlehs
14681,shelterless,205,1,25,575,3406,410,77,sselretlehs
14682,sherbet,205,2,1,1318,471,87,147,tebrehs
14683,sheriff,205,2,2,1392,596,108,102,ffirehs
14684,sherry,205,2,3,1345,720,119,52,yrrehs
14685,shiftless,205,2,4,1311,861,230,88,sseltfihs
14686,shilling,205,2,5,1335,972,186,62,gnillihs
14687,shimmer,205,2,6,1373,1110,180,44,remmihs
14688,shimmery,205,2,7,1377,1231,190,46,yremmihs
14689,shingle,205,2,8,1327,1355,264,68,elgnihs
14690,ship,205,2,9,1398,1479,31,34,pihs
14691,reship,205,2,10,1376,1612,124,32,pihser
14692,shipboard,205,2,11,1521,1641,130,127,draobpihs
14693,shipbuilder,205,2,12,1560,1748,230,150,redliubpihs
14694,shipload,205,2,13,1421,1915,296,88,daolpihs
14695,shipmate,205,2,14,1437,2052,175,100,etampihs
14696,shipment,205,2,15,1438,2218,172,34,tnempihs
14697,shipowner,205,2,16,1468,2294,96,76,renwopihs
14698,shipper,205,2,17,1434,2453,95,65,reppihs
14699,shipshape,205,2,18,1488,2528,88,158,epahspihs
14700,shipwreck,205,2,19,1517,2662,175,88,kcerwpihs
14701,shipwright,205,2,20,1503,2780,125,83,thgirwpihs
14702,shipyard,205,2,21,1449,2888,202,101,draypihs
14703,unship,205,2,22,1450,3090,101,48,pihsnu
14704,shire,205,2,23,1459,3170,57,77,erihs
14705,shirk,205,2,24,1370,3304,166,46,krihs
14706,shirt,205,2,25,1400,3418,88,58,trihs
14707,shiver,205,3,1,2040,479,135,144,revihs
14708,shock,205,3,2,2169,595,108,54,kcohs
14709,shoddy,205,3,3,2146,679,161,100,yddohs
14710,shoe,205,3,4,2191,856,39,47,eohs
14711,shoes,205,3,5,2180,968,56,74,seohs
14712,shoot,205,3,6,2178,1096,101,54,toohs
14713,shot,205,3,7,2169,1206,96,58,tohs
14714,shop,205,3,8,2275,1350,71,128,pohs
14715,shopkeeper,205,3,9,2308,1462,179,173,repeekpohs
14716,shoplifter,205,3,10,2224,1585,186,158,retfilpohs
14717,shopper,205,3,11,2212,1719,77,109,reppohs
14718,shopworn,205,3,12,2233,1826,188,151,nrowpohs
14719,workshop,205,3,13,2291,1986,168,142,pohskrow
14720,short,205,3,14,2182,2046,134,88,trohs
14721,shortage,205,3,15,2238,2174,85,124,egatrohs
14722,shortcake,205,3,16,2297,2293,158,101,ekactrohs
14723,shortcoming,205,3,17,2314,2418,209,90,gnimoctrohs
14724,shorten,205,3,18,2307,2550,66,65,netrohs
14725,shorter,205,3,19,2273,2670,104,71,retrohs
14726,shortest,205,3,20,2295,2785,79,84,tsetrohs
14727,shorthand,205,3,21,2289,2886,115,82,dnahtrohs
14728,short-lived,205,3,22,2257,3007,192,175,devil-trohs
14729,shorty,205,3,23,2352,3169,37,65,ytrohs
14730,shortness,205,3,24,2325,3284,111,91,ssentrohs
14731,shortsighted,205,3,25,2302,3363,255,123,dethgistrohs
14732,shortstop,206,1,1,595,453,71,127,potstrohs
14733,should,206,1,2,542,569,136,95,dluohs
14734,shoulder,206,1,3,510,708,310,78,redluohs
14735,shovel,206,1,4,439,859,186,154,levohs
14736,shower,206,1,5,615,974,188,74,rewohs
14737,showy,206,1,6,594,1095,44,60,ywohs
14738,showily,206,1,7,581,1211,66,64,yliwohs
14739,showiness,206,1,8,589,1341,114,62,sseniwohs
14740,shrewd,206,1,9,538,1432,244,93,dwerhs
14741,shrift,206,1,10,522,1605,122,94,tfirhs
14742,shrine,206,1,11,515,1711,189,61,enirhs
14743,shrink,206,1,12,504,1850,220,44,knirhs
14744,shrank,206,1,13,549,1958,200,63,knarhs
14745,shrinkage,206,1,14,567,2087,184,151,egaknirhs
14746,shrive,206,1,15,499,2204,145,149,evirhs
14747,shriven,206,1,16,512,2345,142,122,nevirhs
14748,shroud,206,1,17,594,2410,258,113,duorhs
14749,shrub,206,1,18,506,2578,108,156,burhs
14750,shrug,206,1,19,583,2716,262,42,gurhs
14751,shudder,206,1,20,587,2767,131,101,redduhs
14752,shuddered,206,1,21,587,2862,209,136,deredduhs
14753,shuffle,206,1,22,527,3062,188,113,elffuhs
14754,shuffled,206,1,23,522,3201,214,110,delffuhs
14755,shun,206,1,24,593,3322,74,33,nuhs
14756,shunned,206,1,25,574,3391,125,92,dennuhs
14757,shunt,206,2,1,1335,444,123,92,tnuhs
14758,shut,206,2,2,1382,599,90,56,tuhs
14759,shutdown,206,2,3,1383,647,255,133,nwodtuhs
14760,shutter,206,2,4,1393,835,104,68,rettuhs
14761,shy,206,2,5,1368,967,76,71,yhs
14762,shied,206,2,6,1315,1062,184,105,deihs
14763,shier,206,2,7,1346,1202,123,75,reihs
14764,shiest,206,2,8,1344,1338,93,87,tseihs
14765,shyly,206,2,9,1333,1461,83,68,ylyhs
14766,shyness,206,2,10,1334,1586,146,67,ssenyhs
14767,sibilant,206,2,11,1319,1635,263,139,tnalibis
14768,sibyl,206,2,12,1329,1780,154,145,lybis
14769,sick,206,2,13,1385,1977,135,60,kcis
14770,sickened,206,2,14,1387,2041,213,110,denekcis
14771,sickliness,206,2,15,1382,2215,206,54,ssenilkcis
14772,sickly,206,2,16,1391,2346,145,45,ylkcis
14773,sickness,206,2,17,1375,2466,213,51,ssenkcis
14774,side,206,2,18,1393,2569,80,65,edis
14775,beside,206,2,19,1405,2640,142,186,ediseb
14776,sideboard,206,2,20,1491,2738,166,149,draobedis
14777,sidelong,206,2,21,1377,2945,310,57,gnoledis
14778,sidepiece,206,2,22,1460,3010,93,124,eceipedis
14779,sides,206,2,23,1422,3138,204,117,sedis
14780,sidestep,206,2,24,1444,3294,119,115,petsedis
14781,sidetrack,206,2,25,1370,3417,256,77,kcartedis
14782,sidewalk,206,3,1,2233,473,218,74,klawedis
14783,sight,206,3,2,2236,585,143,73,thgis
14784,sightless,206,3,3,2226,703,297,79,sselthgis
14785,sightliness,206,3,4,2251,826,198,93,ssenilthgis
14786,sightly,206,3,5,2280,965,123,75,ylthgis
14787,sightseeing,206,3,6,2294,1080,137,73,gnieesthgis
14788,unsightly,206,3,7,2301,1247,138,70,ylthgisnu
14789,signal,206,3,8,2218,1361,241,38,langis
14790,signaler,206,3,9,2222,1487,327,58,relangis
14791,signalize,206,3,10,2230,1598,313,63,ezilangis
14792,signally,206,3,11,2229,1733,280,41,yllangis
14793,signature,206,3,12,2241,1849,227,58,erutangis
14794,signatory,206,3,13,2243,1969,263,65,yrotangis
14795,unsigned,206,3,14,2268,2091,177,91,dengisnu
14796,signify,206,3,15,2274,2226,196,37,yfingis
14797,insignificant,206,3,16,2306,2363,232,47,tnacifingisni
14798,significant,206,3,17,2305,2468,204,40,tnacifingis
14799,significantly,206,3,18,2318,2592,206,40,yltnacifingis
14800,signification,206,3,19,2326,2709,197,101,noitacifingis
14801,silence,206,3,20,2254,2806,205,58,ecnelis
14802,silencer,206,3,21,2237,2935,282,94,recnelis
14803,silent,206,3,22,2234,3039,294,81,tnelis
14804,silhouette,206,3,23,2237,3193,249,53,etteuohlis
14805,silicon,206,3,24,2229,3311,316,54,nocilis
14806,silica,206,3,25,2224,3446,290,68,acilis
14807,silicate,207,1,1,546,495,245,56,etacilis
14808,silk,207,1,2,531,616,252,55,klis
14809,silken,207,1,3,512,747,301,50,neklis
14810,silkiness,207,1,4,529,876,306,61,sseniklis
14811,silkworm,207,1,5,536,1000,421,45,mrowklis
14812,silt,207,1,6,551,1110,248,62,tlis
14813,silver,207,1,7,587,1231,175,125,revlis
14814,silversmith,207,1,8,607,1363,218,153,htimsrevlis
14815,silverware,207,1,9,536,1498,184,146,erawrevlis
14816,silvery,207,1,10,741,1611,175,149,yrevlis
14817,simian,207,1,11,483,1740,247,55,naimis
14818,similar,207,1,12,509,1871,333,45,ralimis
14819,similarity,207,1,13,533,1990,373,47,ytiralimis
14820,simile,207,1,14,537,2109,328,41,elimis
14821,similitude,207,1,15,543,2212,398,60,edutilimis
14822,simple,207,1,16,540,2350,209,79,elpmis
14823,simpler,207,1,17,535,2476,285,88,relpmis
14824,simplest,207,1,18,568,2596,228,104,tselpmis
14825,simplicity,207,1,19,610,2716,190,87,yticilpmis
14826,simplification,207,1,20,668,2842,189,140,noitacifilpmis
14827,simplify,207,1,21,551,2956,183,129,yfilpmis
14828,simply,207,1,22,508,3090,200,94,ylpmis
14829,simulate,207,1,23,551,3211,208,62,etalumis
14830,dissimulation,207,1,24,633,3295,254,81,noitalumissid
14831,simultaneous,207,1,25,584,3436,360,68,suoenatlumis
14832,since,207,2,1,1369,511,113,50,ecnis
14833,sincere,207,2,2,1374,627,112,61,erecnis
14834,insincere,207,2,3,1394,777,123,62,erecnisni
14835,sincerely,207,2,4,1406,893,114,61,ylerecnis
14836,sincerity,207,2,5,1394,995,209,69,ytirecnis
14837,sinecure,207,2,6,1350,1129,262,49,erucenis
14838,sinew,207,2,7,1386,1253,143,42,wenis
14839,sinewy,207,2,8,1377,1366,132,66,ywenis
14840,singer,207,2,9,1380,1500,141,37,regnis
14841,single,207,2,10,1380,1616,139,37,elgnis
14842,singleness,207,2,11,1397,1743,206,58,ssenelgnis
14843,singly,207,2,12,1388,1852,123,59,ylgnis
14844,singular,207,2,13,1392,1988,139,42,ralugnis
14845,singularity,207,2,14,1406,2113,202,72,ytiralugnis
14846,singularly,207,2,15,1420,2238,132,58,ylralugnis
14847,sinister,207,2,16,1372,2356,188,49,retsinis
14848,sinner,207,2,17,1404,2473,120,42,rennis
14849,sinuous,207,2,18,1397,2594,148,62,suounis
14850,sinuosity,207,2,19,1393,2723,126,72,ytisounis
14851,sinus,207,2,20,1371,2834,139,68,sunis
14852,siphon,207,2,21,1444,2894,98,110,nohpis
14853,siphoned,207,2,22,1418,3021,145,106,denohpis
14854,sir,207,2,23,1411,3215,25,28,ris
14855,sire,207,2,24,1367,3315,128,62,eris
14856,siren,207,2,25,1343,3437,198,56,neris
14857,sirloin,207,3,1,2215,503,259,44,niolris
14858,sirup,207,3,2,2225,614,116,108,puris
14859,sister,207,3,3,2244,726,98,70,retsis
14860,sisterhood,207,3,4,2236,818,203,97,doohretsis
14861,sister-in-law,207,3,5,2242,967,261,71,wal-ni-retsis
14862,sisterly,207,3,6,2224,1083,104,78,ylretsis
14863,situation,207,3,7,2232,1204,104,73,noitautis
14864,situated,207,3,8,2183,1248,309,166,detautis
14865,size,207,3,9,2233,1451,77,87,ezis
14866,sizable,207,3,10,2167,1588,123,176,elbazis
14867,sizes,207,3,11,2254,1701,73,98,sezis
14868,skeleton,207,3,12,2134,1824,340,73,noteleks
14869,skeletonize,207,3,13,2207,1939,368,93,ezinoteleks
14870,skeptic,207,3,14,2225,2100,200,98,citpeks
14871,skeptical,207,3,15,2220,2231,204,90,lacitpeks
14872,skepticism,207,3,16,2216,2362,147,97,msicitpeks
14873,sketch,207,3,17,2211,2477,114,114,hcteks
14874,sketchily,207,3,18,2196,2601,108,124,ylihcteks
14875,skewer,207,3,19,2260,2713,225,54,reweks
14876,skill,207,3,20,2138,2832,274,45,lliks
14877,skilled,207,3,21,2133,2936,305,69,delliks
14878,skillful,207,3,22,2173,3092,257,87,luflliks
14879,unskillful,207,3,23,2195,3232,282,95,luflliksnu
14880,skirmish,207,3,24,2152,3347,298,42,hsimriks
14881,skirt,207,3,25,2157,3450,180,56,triks
14882,sky,208,1,1,568,497,129,52,yks
14883,skies,208,1,2,586,613,138,73,seiks
14884,skylark,208,1,3,581,716,362,62,kralyks
14885,skylight,208,1,4,605,841,292,64,thgilyks
14886,skyrocket,208,1,5,641,986,340,59,tekcoryks
14887,skyscraper,208,1,6,658,1112,302,122,reparcsyks
14888,skyward,208,1,7,619,1242,218,79,drawyks
14889,slack,208,1,8,609,1351,244,80,kcals
14890,slacken,208,1,9,605,1481,297,77,nekcals
14891,slackness,208,1,10,605,1595,357,80,ssenkcals
14892,slander,208,1,11,618,1677,283,98,rednals
14893,slanderer,208,1,12,626,1799,355,95,rerednals
14894,slanderous,208,1,13,669,1927,287,97,suorednals
14895,slant,208,1,14,652,2051,256,99,tnals
14896,slanted,208,1,15,613,2144,387,125,detnals
14897,slatternly,208,1,16,636,2318,286,83,ylnrettals
14898,slaughter,208,1,17,654,2446,226,61,rethguals
14899,slaughtered,208,1,18,677,2524,306,107,derethguals
14900,slaughterer,208,1,19,685,2675,327,74,rerethguals
14901,slaughterhouse,208,1,20,755,2779,296,93,esuohrethguals
14902,slave,208,1,21,687,2931,206,128,evals
14903,enslavement,208,1,22,665,3082,273,118,tnemevalsne
14904,slaveholder,208,1,23,664,3170,485,144,redlohevals
14905,slavery,208,1,24,687,3307,198,134,yrevals
14906,slavish,208,1,25,667,3436,235,160,hsivals
14907,sleep,208,2,1,1422,480,209,121,peels
14908,sleeper,208,2,2,1420,604,221,108,repeels
14909,sleepily,208,2,3,1481,727,197,126,ylipeels
14910,sleepiness,208,2,4,1490,849,223,127,ssenipeels
14911,sleepless,208,2,5,1467,974,323,115,sselpeels
14912,slept,208,2,6,1449,1105,210,99,tpels
14913,slender,208,2,7,1440,1185,272,103,rednels
14914,slenderer,208,2,8,1461,1324,380,73,rerednels
14915,slenderest,208,2,9,1497,1438,304,91,tserednels
14916,slenderness,208,2,10,1506,1539,352,113,ssenrednels
14917,slice,208,2,11,1476,1711,221,76,ecils
14918,slight,208,2,12,1448,1842,235,62,thgils
14919,slighter,208,2,13,1456,1962,283,61,rethgils
14920,slightest,208,2,14,1478,2088,227,86,tsethgils
14921,slight,208,2,15,1486,2213,229,64,thgils
14922,slightness,208,2,16,1491,2326,268,61,ssenthgils
14923,sliminess,208,2,17,1439,2450,380,60,ssenimils
14924,slimily,208,2,18,1412,2579,358,57,ylimils
14925,slimness,208,2,19,1365,2693,377,62,ssenmils
14926,sling,208,2,20,1395,2822,247,51,gnils
14927,slip,208,2,21,1410,2946,207,109,pils
14928,slipknot,208,2,22,1454,3062,278,132,tonkpils
14929,slippage,208,2,23,1429,3191,197,194,egappils
14930,slipper,208,2,24,1620,3310,211,102,reppils
14931,slipperiness,208,2,25,1512,3427,283,107,ssenireppils
14932,slipshod,208,3,1,2291,481,258,159,dohspils
14933,sloop,208,3,2,2134,598,208,122,pools
14934,sloth,208,3,3,2300,730,233,51,htols
14935,slothful,208,3,4,2286,858,217,82,lufhtols
14936,slouch,208,3,5,2234,965,225,123,hcuols
14937,slough,208,3,6,2219,1099,202,124,hguols
14938,slovenly,208,3,7,2217,1226,201,140,ylnevols
14939,slow,208,3,8,2233,1361,202,50,wols
14940,slower,208,3,9,2218,1472,262,55,rewols
14941,slowest,208,3,10,2240,1595,234,69,tsewols
14942,slowly,208,3,11,2255,1725,216,48,ylwols
14943,slowness,208,3,12,2255,1840,289,68,ssenwols
14944,sludge,208,3,13,2246,1971,190,129,egduls
14945,sluggard,208,3,14,2220,2069,426,87,dragguls
14946,sluggish,208,3,15,2243,2213,338,87,hsigguls
14947,sluice,208,3,16,2259,2329,215,77,eciuls
14948,sluiceway,208,3,17,2283,2452,206,118,yaweciuls
14949,slumber,208,3,18,2275,2584,321,115,rebmuls
14950,slumberer,208,3,19,2287,2706,376,118,rerebmuls
14951,slumberous,208,3,20,2332,2824,305,156,suorebmuls
14952,slung,208,3,21,2299,2958,246,62,gnuls
14953,underslung,208,3,22,2359,3031,265,86,gnulsrednu
14954,slur,208,3,23,2252,3188,242,55,ruls
14955,slush,208,3,24,2235,3316,189,66,hsuls
14956,sly,208,3,25,2243,3430,205,63,yls
14957,slier,209,1,1,626,412,250,54,reils
14958,sliest,209,1,2,642,539,217,67,tseils
14959,slyly,209,1,3,627,663,214,53,ylyls
14960,small,209,1,4,636,803,165,39,llams
14961,smaller,209,1,5,647,926,240,37,rellams
14962,smallest,209,1,6,661,1053,207,57,tsellams
14963,smallness,209,1,7,663,1174,283,53,ssenllams
14964,smallpox,209,1,8,664,1298,188,127,xopllams
14965,smart,209,1,9,668,1429,242,64,trams
14966,smarten,209,1,10,684,1515,287,90,netrams
14967,smarter,209,1,11,677,1644,210,76,retrams
14968,smartest,209,1,12,671,1752,245,94,tsetrams
14969,smartly,209,1,13,661,1902,258,66,yltrams
14970,smartness,209,1,14,658,2011,304,79,ssentrams
14971,smelt,209,1,15,562,2144,342,49,tlems
14972,smile,209,1,16,656,2274,185,35,elims
14973,smiles,209,1,17,660,2394,239,39,selims
14974,smite,209,1,18,664,2514,213,68,etims
14975,smoke,209,1,19,668,2647,226,38,ekoms
14976,smokeless,209,1,20,663,2767,379,40,sselekoms
14977,smoker,209,1,21,680,2893,305,35,rekoms
14978,smokestack,209,1,22,687,3012,366,69,kcatsekoms
14979,smokiest,209,1,23,689,3143,287,71,tseikoms
14980,smolder,209,1,24,583,3240,419,60,redloms
14981,smooth,209,1,25,635,3379,210,36,htooms
14982,smoothed,209,2,1,1494,347,343,125,dehtooms
14983,smoothen,209,2,2,1505,538,294,59,nehtooms
14984,smoother,209,2,3,1505,669,298,55,rehtooms
14985,smoothest,209,2,4,1508,800,244,47,tsehtooms
14986,smoothness,209,2,5,1524,899,309,67,ssenhtooms
14987,smother,209,2,6,1502,1041,211,46,rehtoms
14988,smothered,209,2,7,1499,1163,260,42,derehtoms
14989,smudge,209,2,8,1484,1297,172,128,egdums
14990,smuggle,209,2,9,1442,1426,421,33,elggums
14991,smuggled,209,2,10,1458,1515,454,70,delggums
14992,snapshot,209,2,11,1511,1654,135,155,tohspans
14993,snarl,209,2,12,1344,1778,323,59,lrans
14994,sneer,209,2,13,1499,1920,104,29,reens
14995,snort,209,2,14,1493,2018,150,56,trons
14996,snout,209,2,15,1490,2128,179,85,tuons
14997,snow,209,2,16,1515,2275,97,37,wons
14998,snowball,209,2,17,1520,2400,208,137,llabwons
14999,snowfall,209,2,18,1496,2537,93,113,llafwons
15000,snowflake,209,2,19,1546,2648,259,116,ekalfwons
15001,snowplow,209,2,20,1487,2763,271,128,wolpwons
15002,snowshoe,209,2,21,1541,2896,98,81,eohswons
15003,snowslide,209,2,22,1496,2996,341,84,edilswons
15004,snowstorm,209,2,23,1505,3144,273,61,mrotswons
15005,snowy,209,2,24,1498,3255,119,44,ywons
15006,snuff,209,2,25,1520,3377,104,101,ffuns
15007,snuffle,209,3,1,2227,433,187,110,elffuns
15008,soak,209,3,2,2259,554,129,42,kaos
15009,soap,209,3,3,2251,606,71,123,paos
15010,soapiness,209,3,4,2304,720,107,125,ssenipaos
15011,sober,209,3,5,2356,818,93,151,rebos
15012,social,209,3,6,2369,1014,43,74,laicos
15013,sociability,209,3,7,2286,1129,99,179,ytilibaicos
15014,sociable,209,3,8,2319,1258,124,180,elbaicos
15015,socialism,209,3,9,2392,1382,170,101,msilaicos
15016,socialist,209,3,10,2346,1516,86,103,tsilaicos
15017,socialistic,209,3,11,2394,1625,82,101,citsilaicos
15018,socialization,209,3,12,2338,1755,108,148,noitazilaicos
15019,socialize,209,3,13,2365,1866,92,121,ezilaicos
15020,socially,209,3,14,2345,1977,86,108,yllaicos
15021,society,209,3,15,2356,2127,32,58,yteicos
15022,sociology,209,3,16,2324,2240,43,90,ygoloicos
15023,sodden,209,3,17,2285,2355,140,78,neddos
15024,sodium,209,3,18,2246,2456,213,103,muidos
15025,soda,209,3,19,2238,2570,178,108,ados
15026,sofa,209,3,20,2209,2690,112,124,afos
15027,soft,209,3,21,2245,2819,71,112,tfos
15028,soften,209,3,22,2262,2940,68,101,netfos
15029,softness,209,3,23,2257,3057,146,112,ssentfos
15030,soil,209,3,24,2215,3225,212,65,lios
15031,sojourn,209,3,25,2265,3290,86,151,nruojos
15032,sojourned,210,1,1,724,322,90,153,denruojos
15033,sojourner,210,1,2,739,441,96,156,renruojos
15034,solace,210,1,3,643,646,233,69,ecalos
15035,solar,210,1,4,619,773,304,62,ralos
15036,solder,210,1,5,642,847,143,111,redlos
15037,soldier,210,1,6,618,1021,200,154,reidlos
15038,soldierly,210,1,7,614,1156,184,154,ylreidlos
15039,soldiery,210,1,8,602,1267,201,148,yreidlos
15040,solecism,210,1,9,592,1402,197,89,msicelos
15041,solemn,210,1,10,559,1522,303,63,nmelos
15042,solemnity,210,1,11,624,1620,381,73,ytinmelos
15043,solemnization,210,1,12,722,1773,336,94,noitazinmelos
15044,solemnize,210,1,13,666,1888,340,57,ezinmelos
15045,solemnly,210,1,14,643,2010,296,58,ylnmelos
15046,solenoid,210,1,15,601,2129,275,61,dionelos
15047,solicit,210,1,16,626,2255,241,58,ticilos
15048,solicitation,210,1,17,651,2382,239,84,noitaticilos
15049,solicitor,210,1,18,646,2508,254,78,roticilos
15050,solicitous,210,1,19,651,2622,245,79,suoticilos
15051,solicitude,210,1,20,648,2752,260,73,eduticilos
15052,unsolicited,210,1,21,641,2854,398,120,deticilosnu
15053,solid,210,1,22,624,2971,316,87,dilos
15054,solidarity,210,1,23,625,3082,373,92,ytiradilos
15055,solidification,210,1,24,691,3211,307,87,noitacifidilos
15056,solidify,210,1,25,628,3331,326,90,yfidilos
15057,solidity,210,2,1,1421,347,353,125,ytidilos
15058,solidly,210,2,2,1417,497,300,97,yldilos
15059,solidness,210,2,3,1433,607,389,115,ssendilos
15060,soliloquy,210,2,4,1456,778,326,58,yuqolilos
15061,soliloquize,210,2,5,1463,907,356,74,eziuqolilos
15062,solitaire,210,2,6,1424,1001,265,88,eriatilos
15063,solitary,210,2,7,1410,1149,349,62,yratilos
15064,solitude,210,2,8,1422,1276,258,62,edutilos
15065,solstice,210,2,9,1416,1402,253,64,ecitslos
15066,solution,210,2,10,1440,1522,204,72,noitulos
15067,solubility,210,2,11,1440,1630,235,176,ytilibulos
15068,soluble,210,2,12,1343,1771,206,146,elbulos
15069,solve,210,2,13,1527,1881,197,129,evlos
15070,solvable,210,2,14,1606,2005,207,214,elbavlos
15071,solvent,210,2,15,1417,2131,194,128,tnevlos
15072,solvency,210,2,16,1549,2259,167,166,ycnevlos
15073,somber,210,2,17,1404,2383,186,134,rebmos
15074,some,210,2,18,1442,2531,159,26,emos
15075,somebody,210,2,19,1436,2632,182,132,ydobemos
15076,somehow,210,2,20,1454,2758,202,65,wohemos
15077,sometime,210,2,21,1463,2886,227,38,emitemos
15078,something,210,2,22,1466,3011,174,44,gnihtemos
15079,sometime,210,2,23,1476,3083,220,89,emitemos
15080,sometimes,210,2,24,1480,3192,215,100,semitemos
15081,somewhat,210,2,25,1482,3363,216,47,tahwemos
15082,somewhere,210,3,1,2395,417,180,37,erehwemos
15083,somnambulism,210,3,2,2343,540,369,59,msilubmanmos
15084,somnambulist,210,3,3,2357,670,370,71,tsilubmanmos
15085,somnolent,210,3,4,2326,792,320,46,tnelonmos
15086,sonata,210,3,5,2299,888,201,87,atanos
15087,song,210,3,6,2310,1030,101,49,gnos
15088,songster,210,3,7,2312,1161,167,71,retsgnos
15089,son-in-law,210,3,8,2293,1281,260,47,wal-ni-nos
15090,sonnet,210,3,9,2294,1402,160,57,tennos
15091,sonorous,210,3,10,2287,1525,200,76,suoronos
15092,sonority,210,3,11,2276,1639,170,67,ytironos
15093,soon,210,3,12,2300,1786,94,30,noos
15094,sooner,210,3,13,2301,1906,112,28,renoos
15095,soonest,210,3,14,2312,2027,110,49,tsenoos
15096,soothe,210,3,15,2279,2148,103,47,ehtoos
15097,soothed,210,3,16,2271,2181,203,127,dehtoos
15098,sophisticate,210,3,17,2315,2325,123,144,etacitsihpos
15099,sophistication,210,3,18,2400,2449,87,129,noitacitsihpos
15100,sophistry,210,3,19,2280,2571,139,138,yrtsihpos
15101,sophomore,210,3,20,2277,2697,209,117,eromohpos
15102,soporific,210,3,21,2280,2810,108,168,cifiropos
15103,soprano,210,3,22,2385,2940,157,107,onarpos
15104,sorcery,210,3,23,2268,3099,100,73,yrecros
15105,sorcerer,210,3,24,2266,3209,182,84,rerecros
15106,sordid,210,3,25,2285,3265,253,139,didros
15107,sordidness,211,1,1,685,353,251,130,ssendidros
15108,sorority,211,1,2,665,559,187,86,ytiroros
15109,sorrow,211,1,3,676,685,122,52,worros
15110,sorrowful,211,1,4,667,801,124,113,lufworros
15111,sorry,211,1,5,646,926,119,50,yrros
15112,sort,211,1,6,683,1046,99,53,tros
15113,assorted,211,1,7,671,1109,237,123,detrossa
15114,sorted,211,1,8,658,1240,242,110,detros
15115,sought,211,1,9,638,1428,85,53,thguos
15116,unsought,211,1,10,643,1574,130,59,thguosnu
15117,soul,211,1,11,612,1670,182,57,luos
15118,soulful,211,1,12,619,1790,179,103,lufluos
15119,soulless,211,1,13,603,1919,350,64,sselluos
15120,sound,211,1,14,640,2023,149,63,dnuos
15121,sounded,211,1,15,646,2093,273,115,dednuos
15122,soundest,211,1,16,642,2248,172,80,tsednuos
15123,soundless,211,1,17,633,2383,303,72,sseldnuos
15124,soundly,211,1,18,661,2509,134,80,yldnuos
15125,soundness,211,1,19,669,2620,224,85,ssendnuos
15126,unsound,211,1,20,682,2749,154,96,dnuosnu
15127,soup,211,1,21,704,2859,79,114,puos
15128,source,211,1,22,726,3006,45,70,ecruos
15129,resourceful,211,1,23,701,3161,112,129,lufecruoser
15130,sources,211,1,24,766,3257,66,92,secruos
15131,south,211,1,25,663,3374,100,80,htuos
15132,southeast,211,2,1,1597,436,65,56,tsaehtuos
15133,southeasterly,211,2,2,1578,557,107,63,ylretsaehtuos
15134,southeastern,211,2,3,1586,678,139,64,nretsaehtuos
15135,southerly,211,2,4,1576,805,105,45,ylrehtuos
15136,southerner,211,2,5,1571,927,173,54,renrehtuos
15137,southernmost,211,2,6,1584,1042,272,62,tsomnrehtuos
15138,southwest,211,2,7,1627,1174,36,46,tsewhtuos
15139,southwesterly,211,2,8,1600,1305,131,52,ylretsewhtuos
15140,souvenir,211,2,9,1478,1346,112,147,rinevuos
15141,sovereign,211,2,10,1505,1471,121,145,ngierevos
15142,sovereignty,211,2,11,1537,1579,139,147,ytngierevos
15143,space,211,2,12,1526,1743,77,128,ecaps
15144,spacious,211,2,13,1532,1864,68,130,suoicaps
15145,spandrel,211,2,14,1533,1996,358,107,lerdnaps
15146,spangle,211,2,15,1414,2112,307,123,elgnaps
15147,spaniel,211,2,16,1404,2252,275,107,leinaps
15148,Spanish,211,2,17,1399,2361,134,145,hsinapS
15149,spare,211,2,18,1502,2483,112,105,eraps
15150,spared,211,2,19,1487,2600,184,110,deraps
15151,spark,211,2,20,1418,2733,162,103,kraps
15152,sparkle,211,2,21,1413,2854,299,103,elkraps
15153,sparse,211,2,22,1416,2972,108,119,esraps
15154,sparsity,211,2,23,1406,3093,104,138,ytisraps
15155,spasm,211,2,24,1486,3207,162,129,msaps
15156,spasmodic,211,2,25,1489,3348,271,135,cidomsaps
15157,spasmodically,211,3,1,2373,408,314,127,yllacidomsaps
15158,speak,211,3,2,2339,541,59,87,kaeps
15159,bespeak,211,3,3,2317,623,130,192,kaepseb
15160,speaker,211,3,4,2369,762,102,121,rekaeps
15161,spoke,211,3,5,2332,893,85,88,ekops
15162,spoken,211,3,6,2344,1022,145,87,nekops
15163,unspeakable,211,3,7,2298,1214,122,199,elbakaepsnu
15164,special,211,3,8,2418,1270,53,87,laiceps
15165,especial,211,3,9,2349,1384,76,101,laicepse
15166,specialist,211,3,10,2347,1515,99,112,tsilaiceps
15167,specialization,211,3,11,2406,1629,77,161,noitazilaiceps
15168,specialize,211,3,12,2445,1746,73,119,ezilaiceps
15169,specially,211,3,13,2424,1879,62,95,yllaiceps
15170,specialty,211,3,14,2382,1998,78,96,ytlaiceps
15171,specific,211,3,15,2381,2124,89,113,cificeps
15172,specification,211,3,16,2403,2237,103,186,noitacificeps
15173,specify,211,3,17,2450,2355,70,124,yficeps
15174,unspecified,211,3,18,2405,2555,68,138,deificepsnu
15175,specie,211,3,19,2257,2607,89,129,eiceps
15176,species,211,3,20,2252,2720,111,155,seiceps
15177,specimen,211,3,21,2304,2843,248,123,nemiceps
15178,specious,211,3,22,2281,2970,74,123,suoiceps
15179,spectacle,211,3,23,2307,3098,225,90,elcatceps
15180,spectacular,211,3,24,2347,3221,235,78,ralucatceps
15181,spectacularly,211,3,25,2399,3347,247,88,ylralucatceps
15182,spectator,212,1,1,615,438,254,110,rotatceps
15183,specter,212,1,2,597,580,137,80,retceps
15184,spectral,212,1,3,568,710,391,83,lartceps
15185,spectroscope,212,1,4,610,825,260,133,epocsortceps
15186,spectrum,212,1,5,532,955,338,76,murtceps
15187,speculate,212,1,6,568,1072,107,119,etaluceps
15188,speculum,212,1,7,543,1193,354,95,muluceps
15189,speech,212,1,8,645,1308,69,99,hceeps
15190,speechless,212,1,9,651,1433,223,118,sselhceeps
15191,speechmaker,212,1,10,703,1563,279,122,rekamhceeps
15192,speed,212,1,11,605,1684,166,102,deeps
15193,speedily,212,1,12,623,1771,193,118,ylideeps
15194,speedometer,212,1,13,657,1894,303,127,retemodeeps
15195,speedway,212,1,14,624,2035,195,108,yawdeeps
15196,spell,212,1,15,621,2179,175,91,lleps
15197,misspell,212,1,16,594,2363,265,101,llepssim
15198,speller,212,1,17,571,2425,257,96,relleps
15199,spend,212,1,18,623,2529,123,119,dneps
15200,misspent,212,1,19,540,2729,231,103,tnepssim
15201,spendthrift,212,1,20,752,2760,253,118,tfirhtdneps
15202,spermaceti,212,1,21,609,2902,235,138,itecamreps
15203,sphere,212,1,22,562,3024,129,103,erehps
15204,hemisphere,212,1,23,667,3194,177,122,erehpsimeh
15205,spherical,212,1,24,585,3272,162,116,lacirehps
15206,spheroid,212,1,25,595,3397,144,93,diorehps
15207,sphinx,212,2,1,1353,437,147,132,xnihps
15208,spice,212,2,2,1471,555,75,140,ecips
15209,spiciness,212,2,3,1490,684,106,147,ssenicips
15210,spider,212,2,4,1415,824,192,138,redips
15211,spider,212,2,5,1411,927,199,135,redips
15212,spigot,212,2,6,1394,1075,248,87,togips
15213,spike,212,2,7,1341,1178,137,121,ekips
15214,spill,212,2,8,1334,1308,198,97,llips
15215,spilled,212,2,9,1377,1428,210,112,dellips
15216,spillway,212,2,10,1401,1562,226,103,yawllips
15217,spin,212,2,11,1358,1680,113,108,nips
15218,spinster,212,2,12,1355,1805,145,111,retsnips
15219,spun,212,2,13,1387,1930,75,92,nups
15220,spinach,212,2,14,1365,2041,70,205,hcanips
15221,spine,212,2,15,1384,2164,114,120,enips
15222,spinal,212,2,16,1374,2289,275,113,lanips
15223,spineless,212,2,17,1375,2411,268,113,sselenips
15224,spinet,212,2,18,1335,2540,112,103,tenips
15225,spiral,212,2,19,1307,2660,253,95,larips
15226,spire,212,2,20,1338,2772,105,108,erips
15227,spirit,212,2,21,1386,2905,81,94,tirips
15228,spiritless,212,2,22,1418,3031,279,102,sseltirips
15229,spiritualism,212,2,23,1469,3153,341,112,msilautirips
15230,spiritualist,212,2,24,1476,3269,265,126,tsilautirips
15231,spirituality,212,2,25,1490,3397,285,126,ytilautirips
15232,spiritualize,212,3,1,2335,448,279,127,ezilautirips
15233,spiritually,212,3,2,2318,570,240,120,yllautirips
15234,spirituous,212,3,3,2282,693,115,122,suoutirips
15235,spite,212,3,4,2318,805,111,121,etips
15236,despite,212,3,5,2265,933,158,151,etipsed
15237,spiteful,212,3,6,2306,1053,129,143,lufetips
15238,splendor,212,3,7,2224,1189,339,101,rodnelps
15239,splendid,212,3,8,2279,1310,260,98,didnelps
15240,splendorous,212,3,9,2300,1440,332,94,suorodnelps
15241,splint,212,3,10,2263,1565,237,88,tnilps
15242,splinter,212,3,11,2217,1679,366,97,retnilps
15243,spoil,212,3,12,2246,1790,191,111,liops
15244,spoilage,212,3,13,2252,1911,187,204,egaliops
15245,spoiled,212,3,14,2249,2045,208,108,deliops
15246,spoliate,212,3,15,2244,2163,250,115,etailops
15247,spoliation,212,3,16,2268,2297,212,140,noitailops
15248,spoliative,212,3,17,2262,2415,295,124,evitailops
15249,spoliator,212,3,18,2265,2536,235,109,rotailops
15250,sponge,212,3,19,2218,2666,85,212,egnops
15251,sponsor,212,3,20,2275,2776,167,122,rosnops
15252,spontaneity,212,3,21,2352,2917,188,100,ytienatnops
15253,spontaneous,212,3,22,2357,3019,124,106,suoenatnops
15254,spoon,212,3,23,2323,3149,84,92,noops
15255,spoonful,212,3,24,2324,3265,83,168,lufnoops
15256,tablespoon,212,3,25,2291,3414,142,246,noopselbat
15257,teaspoon,213,1,1,583,497,101,118,noopsaet
15258,sport,213,1,2,668,580,81,104,trops
15259,sportive,213,1,3,640,702,161,115,evitrops
15260,sportsman,213,1,4,620,824,246,103,namstrops
15261,sportsmanship,213,1,5,699,949,245,107,pihsnamstrops
15262,spot,213,1,6,645,1070,79,99,tops
15263,spotless,213,1,7,577,1191,235,98,sseltops
15264,spotlight,213,1,8,559,1319,265,98,thgiltops
15265,spotted,213,1,9,586,1413,228,131,dettops
15266,spouse,213,1,10,536,1561,120,132,esuops
15267,sprawl,213,1,11,575,1691,268,106,lwarps
15268,sprightly,213,1,12,555,1826,150,88,ylthgirps
15269,spring,213,1,13,533,1951,150,90,gnirps
15270,sprinkle,213,1,14,502,2065,363,132,elknirps
15271,sprinkled,213,1,15,536,2187,337,112,delknirps
15272,sprinkler,213,1,16,535,2320,390,119,relknirps
15273,sprocket,213,1,17,519,2437,202,101,tekcorps
15274,sprout,213,1,18,499,2560,190,111,tuorps
15275,spunk,213,1,19,527,2679,147,115,knups
15276,spur,213,1,20,526,2797,117,109,rups
15277,spurious,213,1,21,526,2920,116,135,suoirups
15278,spurn,213,1,22,502,3039,86,96,nrups
15279,spurt,213,1,23,529,3156,90,102,trups
15280,spy,213,1,24,543,3270,70,112,yps
15281,spied,213,1,25,504,3386,190,137,deips
15282,squad,213,2,1,1345,461,225,116,dauqs
15283,squadron,213,2,2,1350,562,332,133,nordauqs
15284,squall,213,2,3,1326,766,265,52,llauqs
15285,squalor,213,2,4,1313,887,324,55,rolauqs
15286,squalid,213,2,5,1311,963,384,92,dilauqs
15287,squalidity,213,2,6,1353,1051,456,141,ytidilauqs
15288,squander,213,2,7,1353,1219,291,89,rednauqs
15289,square,213,2,8,1352,1367,201,68,erauqs
15290,squash,213,2,9,1358,1499,120,71,hsauqs
15291,squat,213,2,10,1357,1612,167,68,tauqs
15292,squatter,213,2,11,1355,1717,174,88,rettauqs
15293,squaw,213,2,12,1355,1867,127,59,wauqs
15294,squeak,213,2,13,1351,1991,177,62,kaeuqs
15295,squeal,213,2,14,1303,2114,259,55,laeuqs
15296,squeamish,213,2,15,1340,2241,254,68,hsimaeuqs
15297,squeegee,213,2,16,1319,2361,120,152,eegeeuqs
15298,squeeze,213,2,17,1439,2469,137,68,ezeeuqs
15299,squeezed,213,2,18,1416,2587,229,88,dezeeuqs
15300,squib,213,2,19,1339,2721,140,127,biuqs
15301,squid,213,2,20,1332,2794,224,143,diuqs
15302,squint,213,2,21,1329,2921,206,110,tniuqs
15303,squirm,213,2,22,1280,3091,323,48,mriuqs
15304,squirrel,213,2,23,1282,3213,356,56,lerriuqs
15305,squirt,213,2,24,1319,3322,175,75,triuqs
15306,stabile,213,2,25,1306,3421,173,144,elibats
15307,stability,213,3,1,2260,487,96,158,ytilibats
15308,stabilization,213,3,2,2344,595,185,202,noitazilibats
15309,stabilize,213,3,3,2197,711,218,149,ezilibats
15310,stabilizer,213,3,4,2385,839,212,162,rezilibats
15311,stable,213,3,5,2131,955,125,154,elbats
15312,staccato,213,3,6,2192,1057,258,95,otaccats
15313,stadium,213,3,7,2147,1156,290,126,muidats
15314,stadia,213,3,8,2157,1281,250,128,aidats
15315,stadiums,213,3,9,2181,1379,255,148,smuidats
15316,staff,213,3,10,2153,1558,121,138,ffats
15317,staves,213,3,11,2104,1680,182,214,sevats
15318,stage,213,3,12,2214,1808,131,191,egats
15319,stagecoach,213,3,13,2227,1933,132,235,hcaocegats
15320,stagecraft,213,3,14,2327,2055,175,210,tfarcegats
15321,stagger,213,3,15,2022,2201,277,70,reggats
15322,stagnate,213,3,16,2127,2297,344,97,etangats
15323,stagnant,213,3,17,2173,2424,300,83,tnangats
15324,stagnation,213,3,18,2211,2558,286,79,noitangats
15325,stain,213,3,19,2209,2684,122,79,niats
15326,stained,213,3,20,2191,2760,194,116,deniats
15327,stair,213,3,21,2200,2904,109,97,riats
15328,staircase,213,3,22,2177,3034,240,90,esacriats
15329,stairway,213,3,23,2202,3156,175,84,yawriats
15330,stalactite,213,3,24,2130,3254,388,118,etitcalats
15331,stalagmite,213,3,25,2137,3418,450,75,etimgalats
15332,stalk,214,1,1,592,451,161,58,klats
15333,stallion,214,1,2,542,541,291,86,noillats
15334,stalwart,214,1,3,532,689,317,81,trawlats
15335,stamina,214,1,4,535,795,295,88,animats
15336,stammer,214,1,5,603,906,267,104,remmats
15337,stammerer,214,1,6,648,1020,335,113,reremmats
15338,stamp,214,1,7,597,1168,209,91,pmats
15339,stampede,214,1,8,572,1286,260,99,edepmats
15340,stanch,214,1,9,580,1408,131,112,hcnats
15341,stanchion,214,1,10,565,1545,132,81,noihcnats
15342,stand,214,1,11,582,1673,160,77,dnats
15343,notwithstanding,214,1,12,816,1830,124,51,gnidnatshtiwton
15344,stand-off,214,1,13,637,1913,150,83,ffo-dnats
15345,standpipe,214,1,14,642,2035,155,136,epipdnats
15346,standpoint,214,1,15,665,2142,171,108,tniopdnats
15347,standstill,214,1,16,644,2258,196,112,llitsdnats
15348,stood,214,1,17,622,2423,104,67,doots
15349,understood,214,1,18,670,2510,99,98,dootsrednu
15350,withstand,214,1,19,675,2668,188,79,dnatshtiw
15351,withstood,214,1,20,686,2786,144,73,dootshtiw
15352,standard,214,1,21,684,2851,264,134,dradnats
15353,standardization,214,1,22,768,2971,258,139,noitazidradnats
15354,standardize,214,1,23,663,3074,280,155,ezidradnats
15355,stanza,214,1,24,623,3271,158,83,aznats
15356,staple,214,1,25,539,3399,214,112,elpats
15357,stapler,214,2,1,1390,438,275,103,relpats
15358,star,214,2,2,1438,554,117,91,rats
15359,starfish,214,2,3,1426,666,141,148,hsifrats
15360,starlight,214,2,4,1460,790,311,93,thgilrats
15361,starry,214,2,5,1440,919,108,89,yrrats
15362,starch,214,2,6,1415,1041,106,126,hcrats
15363,stare,214,2,7,1411,1163,101,82,erats
15364,stared,214,2,8,1361,1250,196,135,derats
15365,stark,214,2,9,1370,1414,197,83,krats
15366,starling,214,2,10,1347,1534,304,86,gnilrats
15367,start,214,2,11,1435,1654,137,95,trats
15368,started,214,2,12,1404,1710,257,167,detrats
15369,startle,214,2,13,1348,1909,311,94,eltrats
15370,startled,214,2,14,1375,1998,344,116,deltrats
15371,starve,214,2,15,1437,2146,169,166,evrats
15372,starvation,214,2,16,1421,2282,183,194,noitavrats
15373,starved,214,2,17,1459,2396,166,168,devrats
15374,state,214,2,18,1453,2568,91,47,etats
15375,estate,214,2,19,1454,2692,81,49,etatse
15376,instate,214,2,20,1483,2826,119,40,etatsni
15377,misstatement,214,2,21,1520,2954,295,57,tnemetatssim
15378,reinstate,214,2,22,1471,3064,224,45,etatsnier
15379,statehood,214,2,23,1511,3150,180,75,doohetats
15380,statehouse,214,2,24,1524,3270,112,81,esuohetats
15381,stateliness,214,2,25,1491,3393,162,72,sseniletats
15382,stately,214,3,1,2365,456,92,53,yletats
15383,statement,214,3,2,2326,577,200,61,tnemetats
15384,stateroom,214,3,3,2317,696,268,63,mooretats
15385,statesman,214,3,4,2301,834,284,56,namsetats
15386,static,214,3,5,2342,960,87,72,citats
15387,hydrostatics,214,3,6,2347,1024,288,124,scitatsordyh
15388,station,214,3,7,2380,1197,82,59,noitats
15389,stationary,214,3,8,2366,1325,78,58,yranoitats
15390,stationer,214,3,9,2354,1438,77,61,renoitats
15391,stationery,214,3,10,2338,1571,81,67,yrenoitats
15392,statistics,214,3,11,2324,1702,131,60,scitsitats
15393,statistical,214,3,12,2321,1817,252,86,lacitsitats
15394,statistically,214,3,13,2332,1942,157,63,yllacitsitats
15395,statistician,214,3,14,2325,2031,167,95,naicitsitats
15396,statue,214,3,15,2298,2159,163,79,eutats
15397,statuary,214,3,16,2293,2272,245,95,yrautats
15398,statuesque,214,3,17,2298,2398,245,94,euqseutats
15399,statuette,214,3,18,2293,2514,205,104,etteutats
15400,stature,214,3,19,2257,2656,228,78,erutats
15401,status,214,3,20,2248,2763,187,95,sutats
15402,statute,214,3,21,2245,2884,207,97,etutats
15403,statutory,214,3,22,2245,2987,302,114,yrotutats
15404,stay,214,3,23,2259,3147,107,67,yats
15405,stayed,214,3,24,2237,3224,233,116,deyats
15406,stead,214,3,25,2223,3338,234,140,daets
15407,instead,215,1,1,663,424,214,87,daetsni
15408,steadfast,215,1,2,650,498,220,109,tsafdaets
15409,steady,215,1,3,642,625,204,106,ydaets
15410,steadily,215,1,4,647,726,239,127,ylidaets
15411,steadiness,215,1,5,649,835,267,134,ssenidaets
15412,unsteady,215,1,6,620,1000,234,129,ydaetsnu
15413,steal,215,1,7,543,1151,216,69,laets
15414,stolen,215,1,8,513,1292,295,53,nelots
15415,stealth,215,1,9,623,1396,252,82,htlaets
15416,stealthier,215,1,10,612,1524,341,74,reihtlaets
15417,stealthily,215,1,11,628,1644,280,82,ylihtlaets
15418,steam,215,1,12,618,1766,193,70,maets
15419,steamboat,215,1,13,650,1903,188,127,taobmaets
15420,steamed,215,1,14,676,1993,239,107,demaets
15421,steamer,215,1,15,620,2147,225,69,remaets
15422,steamship,215,1,16,648,2274,195,66,pihsmaets
15423,steamy,215,1,17,607,2395,192,68,ymaets
15424,steel,215,1,18,564,2503,224,71,leets
15425,steep,215,1,19,589,2638,96,113,peets
15426,steeper,215,1,20,604,2770,109,104,repeets
15427,steepest,215,1,21,631,2887,98,136,tsepeets
15428,steeple,215,1,22,634,3014,205,103,elpeets
15429,steer,215,1,23,616,3128,83,67,reets
15430,steerage,215,1,24,616,3248,126,137,egareets
15431,steersman,215,1,25,623,3375,323,91,namsreets
15432,stein,215,2,1,1371,410,133,77,niets
15433,stellar,215,2,2,1340,538,292,66,rallets
15434,stem,215,2,3,1382,665,179,65,mets
15435,stemmed,215,2,4,1439,725,219,126,demmets
15436,stencil,215,2,5,1417,895,271,81,licnets
15437,stenography,215,2,6,1514,1037,168,74,yhpargonets
15438,stenographer,215,2,7,1568,1157,180,69,rehpargonets
15439,step,215,2,8,1494,1287,101,108,pets
15440,stepchild,215,2,9,1520,1419,196,190,dlihcpets
15441,stepdaughter,215,2,10,1696,1509,231,136,rethguadpets
15442,stepladder,215,2,11,1485,1666,297,111,reddalpets
15443,stepmother,215,2,12,1522,1788,237,119,rehtompets
15444,stepson,215,2,13,1493,1915,95,127,nospets
15445,stereopticon,215,2,14,1553,2038,299,97,nocitpoerets
15446,stereoscope,215,2,15,1509,2153,211,118,epocsoerets
15447,stereotype,215,2,16,1383,2248,243,119,epytoerets
15448,sterilize,215,2,17,1392,2379,338,78,ezilirets
15449,sterile,215,2,18,1387,2511,317,71,elirets
15450,sterility,215,2,19,1469,2638,307,73,ytilirets
15451,sterilization,215,2,20,1496,2766,302,79,noitazilirets
15452,sterilizer,215,2,21,1443,2884,342,74,rezilirets
15453,sterling,215,2,22,1403,3002,270,68,gnilrets
15454,stern,215,2,23,1450,3130,115,65,nrets
15455,sterner,215,2,24,1464,3257,139,67,renrets
15456,sternest,215,2,25,1454,3368,156,72,tsenrets
15457,sternly,215,3,1,2295,424,122,66,ylnrets
15458,sternness,215,3,2,2283,548,187,65,ssennrets
15459,sternum,215,3,3,2237,663,275,71,munrets
15460,stertorous,215,3,4,2267,780,199,79,suorotrets
15461,stethoscope,215,3,5,2278,910,194,92,epocsohtets
15462,stevedore,215,3,6,2234,1043,190,135,erodevets
15463,stew,215,3,7,2255,1178,105,57,wets
15464,steward,215,3,8,2211,1244,214,111,drawets
15465,stick,215,3,9,2206,1414,167,65,kcits
15466,sticker,215,3,10,2203,1529,239,80,rekcits
15467,stickful,215,3,11,2247,1664,166,91,lufkcits
15468,stickier,215,3,12,2239,1789,243,59,reikcits
15469,stickiest,215,3,13,2281,1902,217,71,tseikcits
15470,stickiness,215,3,14,2272,2029,268,65,ssenikcits
15471,sticky,215,3,15,2268,2143,185,72,ykcits
15472,stiff,215,3,16,2244,2256,113,119,ffits
15473,stiffen,215,3,17,2259,2386,99,117,neffits
15474,stiffer,215,3,18,2268,2513,105,120,reffits
15475,stiffest,215,3,19,2248,2643,124,133,tseffits
15476,stiffness,215,3,20,2243,2766,99,127,ssenffits
15477,stifle,215,3,21,2274,2872,217,132,elfits
15478,stigma,215,3,22,2210,3009,379,71,amgits
15479,stigmas,215,3,23,2215,3110,403,88,samgits
15480,stigmata,215,3,24,2230,3223,418,97,atamgits
15481,stigmatic,215,3,25,2248,3361,379,78,citamgits
15482,stigmatism,216,1,1,638,403,496,99,msitamgits
15483,stigmatize,216,1,2,645,504,387,115,ezitamgits
15484,stile,216,1,3,579,655,238,91,elits
15485,stiletto,216,1,4,560,774,287,76,ottelits
15486,still,216,1,5,650,915,88,68,llits
15487,distill,216,1,6,571,1013,322,102,llitsid
15488,stillness,216,1,7,653,1151,168,73,ssenllits
15489,stilly,216,1,8,625,1287,88,71,yllits
15490,stilt,216,1,9,570,1400,273,79,tlits
15491,stilted,216,1,10,568,1462,405,131,detlits
15492,stimulate,216,1,11,645,1630,203,100,etalumits
15493,stimulant,216,1,12,624,1716,431,150,tnalumits
15494,stimulus,216,1,13,620,1883,328,96,sulumits
15495,sting,216,1,14,637,2024,157,70,gnits
15496,stinger,216,1,15,636,2165,161,60,regnits
15497,stung,216,1,16,617,2291,159,53,gnuts
15498,stint,216,1,17,609,2359,167,113,tnits
15499,stinted,216,1,18,576,2434,302,150,detnits
15500,stipend,216,1,19,659,2630,162,123,dnepits
15501,stipendiary,216,1,20,667,2754,233,125,yraidnepits
15502,stipple,216,1,21,648,2902,211,98,elppits
15503,stippled,216,1,22,635,3024,221,102,delppits
15504,stipulate,216,1,23,613,3141,99,110,etalupits
15505,stir,216,1,24,654,3252,87,73,rits
15506,stirred,216,1,25,623,3327,171,119,derrits
15507,stirrup,216,2,1,1407,410,171,116,purrits
15508,stitch,216,2,2,1416,544,85,112,hctits
15509,stock,216,2,3,1442,680,107,54,kcots
15510,stockade,216,2,4,1457,736,244,119,edakcots
15511,stockbroker,216,2,5,1539,935,203,133,rekorbkcots
15512,stockholder,216,2,6,1545,1045,350,76,redlohkcots
15513,stockily,216,2,7,1533,1146,117,87,ylikcots
15514,stockiness,216,2,8,1504,1287,173,82,ssenikcots
15515,stockings,216,2,9,1534,1428,97,52,sgnikcots
15516,stockman,216,2,10,1470,1556,281,52,namkcots
15517,stock-still,216,2,11,1491,1663,149,73,llits-kcots
15518,stocky,216,2,12,1518,1780,117,74,ykcots
15519,stockyard,216,2,13,1493,1877,283,124,draykcots
15520,stogy,216,2,14,1446,2040,242,56,ygots
15521,stoic,216,2,15,1439,2171,159,51,ciots
15522,stoical,216,2,16,1459,2286,164,54,laciots
15523,stoicism,216,2,17,1489,2408,107,66,msiciots
15524,stoke,216,2,18,1447,2531,171,57,ekots
15525,stokehold,216,2,19,1445,2619,316,94,dlohekots
15526,stoker,216,2,20,1425,2774,233,66,rekots
15527,stole,216,2,21,1396,2888,262,64,elots
15528,stolid,216,2,22,1391,2983,313,104,dilots
15529,stolidity,216,2,23,1402,3085,382,115,ytidilots
15530,stolidly,216,2,24,1399,3229,341,100,yldilots
15531,stomach,216,2,25,1399,3331,265,119,hcamots
15532,stone,216,3,1,2303,440,152,60,enots
15533,stoned,216,3,2,2308,496,163,122,denots
15534,stoneware,216,3,3,2299,669,188,79,erawenots
15535,stonework,216,3,4,2302,811,295,53,krowenots
15536,stonily,216,3,5,2309,939,183,54,ylinots
15537,stoniness,216,3,6,2272,1058,229,61,sseninots
15538,stony,216,3,7,2290,1180,145,57,ynots
15539,stood,216,3,8,2289,1299,104,65,doots
15540,stool,216,3,9,2223,1429,255,55,loots
15541,stoop,216,3,10,2246,1565,91,110,poots
15542,stop,216,3,11,2272,1689,81,97,pots
15543,stoppage,216,3,12,2224,1815,126,207,egappots
15544,stopped,216,3,13,2321,1929,84,90,deppots
15545,stopper,216,3,14,2286,2050,112,91,reppots
15546,store,216,3,15,2237,2172,163,55,erots
15547,storage,216,3,16,2298,2292,139,144,egarots
15548,storehouse,216,3,17,2383,2393,165,76,esuoherots
15549,storeroom,216,3,18,2279,2534,362,55,moorerots
15550,stork,216,3,19,2217,2661,214,49,krots
15551,storm,216,3,20,2241,2777,198,57,mrots
15552,stormed,216,3,21,2288,2839,217,129,demrots
15553,stormier,216,3,22,2258,3023,282,61,reimrots
15554,stormiest,216,3,23,2295,3152,250,58,tseimrots
15555,stormily,216,3,24,2291,3271,255,56,ylimrots
15556,storminess,216,3,25,2310,3388,284,65,ssenimrots
15557,stormy,217,1,1,586,486,192,53,ymrots
15558,stout,217,1,2,583,555,176,96,tuots
15559,stouter,217,1,3,574,667,180,113,retuots
15560,stoutest,217,1,4,585,789,173,114,tsetuots
15561,stoutly,217,1,5,592,922,198,106,yltuots
15562,stoutness,217,1,6,600,1046,235,110,ssentuots
15563,stow,217,1,7,593,1211,92,58,wots
15564,stowage,217,1,8,605,1343,88,134,egawots
15565,stowaway,217,1,9,633,1434,138,90,yawawots
15566,stowed,217,1,10,605,1547,185,101,dewots
15567,straddle,217,1,11,503,1658,434,109,elddarts
15568,straggle,217,1,12,555,1825,379,67,elggarts
15569,straggled,217,1,13,588,1920,408,95,delggarts
15570,straggler,217,1,14,560,2080,470,60,relggarts
15571,straight,217,1,15,640,2177,222,79,thgiarts
15572,straightedge,217,1,16,670,2268,224,153,egdethgiarts
15573,straighten,217,1,17,660,2424,253,85,nethgiarts
15574,straightened,217,1,18,677,2468,343,163,denethgiarts
15575,straightener,217,1,19,647,2629,341,119,renethgiarts
15576,straightforward,217,1,20,764,2782,289,84,drawrofthgiarts
15577,straightway,217,1,21,679,2898,249,90,yawthgiarts
15578,strait,217,1,22,637,3029,214,78,tiarts
15579,straiten,217,1,23,629,3142,247,93,netiarts
15580,straitened,217,1,24,600,3191,341,162,denetiarts
15581,strait-jacket,217,1,25,657,3392,216,156,tekcaj-tiarts
15582,strait-laced,217,2,1,1439,458,400,77,decal-tiarts
15583,strange,217,2,2,1446,607,74,137,egnarts
15584,estranged,217,2,3,1457,732,138,137,degnartse
15585,strangely,217,2,4,1502,865,90,128,ylegnarts
15586,strangeness,217,2,5,1521,989,88,154,ssenegnarts
15587,stranger,217,2,6,1586,1115,76,139,regnarts
15588,strangest,217,2,7,1415,1224,108,156,tsegnarts
15589,strangle,217,2,8,1448,1323,356,81,elgnarts
15590,strangled,217,2,9,1396,1456,367,71,delgnarts
15591,strangler,217,2,10,1389,1576,414,72,relgnarts
15592,strangles,217,2,11,1396,1700,359,69,selgnarts
15593,strangulate,217,2,12,1462,1819,212,84,etalugnarts
15594,stratagem,217,2,13,1404,1947,250,136,megatarts
15595,strategic,217,2,14,1595,2069,200,119,cigetarts
15596,strategical,217,2,15,1440,2182,198,129,lacigetarts
15597,strategist,217,2,16,1444,2320,204,143,tsigetarts
15598,strategy,217,2,17,1480,2441,197,126,ygetarts
15599,stratify,217,2,18,1290,2523,251,105,yfitarts
15600,strata,217,2,19,1435,2646,243,94,atarts
15601,stratification,217,2,20,1492,2783,202,103,noitacifitarts
15602,stratum,217,2,21,1422,2896,296,98,mutarts
15603,stratums,217,2,22,1394,2995,274,115,smutarts
15604,stratus,217,2,23,1401,3141,225,90,sutarts
15605,substratum,217,2,24,1435,3247,309,118,mutartsbus
15606,straw,217,2,25,1379,3421,149,46,warts
15607,strawberry,217,3,1,2323,493,173,118,yrrebwarts
15608,strawboard,217,3,2,2314,621,228,136,draobwarts
15609,streak,217,3,3,2286,754,210,45,kaerts
15610,streakily,217,3,4,2303,867,230,49,ylikaerts
15611,streakiness,217,3,5,2280,988,283,46,ssenikaerts
15612,streaky,217,3,6,2271,1098,210,54,ykaerts
15613,stream,217,3,7,2231,1217,269,61,maerts
15614,streamed,217,3,8,2241,1271,258,133,demaerts
15615,streamer,217,3,9,2217,1465,283,63,remaerts
15616,streamlet,217,3,10,2212,1587,406,62,telmaerts
15617,streamline,217,3,11,2227,1703,473,67,enilmaerts
15618,street,217,3,12,2234,1840,154,46,teerts
15619,strength,217,3,13,2247,1951,166,59,htgnerts
15620,strengthen,217,3,14,2289,2071,188,57,nehtgnerts
15621,strengthened,217,3,15,2327,2154,220,106,denehtgnerts
15622,strenuous,217,3,16,2269,2329,212,56,suounerts
15623,stretch,217,3,17,2243,2431,158,84,hcterts
15624,stretcher,217,3,18,2243,2570,151,103,rehcterts
15625,strew,217,3,19,2209,2691,157,54,werts
15626,strewn,217,3,20,2201,2822,214,45,nwerts
15627,striate,217,3,21,2189,2905,227,74,etairts
15628,striated,217,3,22,2181,2970,369,142,detairts
15629,striation,217,3,23,2211,3165,176,73,noitairts
15630,strict,217,3,24,2190,3300,200,53,tcirts
15631,stricter,217,3,25,2174,3434,248,52,retcirts
15632,strictest,218,1,1,623,463,216,67,tsetcirts
15633,strictly,218,1,2,618,602,190,48,yltcirts
15634,strictness,218,1,3,607,705,275,54,ssentcirts
15635,stricture,218,1,4,598,819,296,67,erutcirts
15636,stride,218,1,5,559,886,269,120,edirts
15637,strident,218,1,6,539,1038,269,94,tnedirts
15638,strife,218,1,7,572,1178,158,102,efirts
15639,strike,218,1,8,563,1312,156,72,ekirts
15640,striker,218,1,9,557,1436,218,74,rekirts
15641,stroke,218,1,10,561,1568,222,56,ekorts
15642,struck,218,1,11,574,1698,194,43,kcurts
15643,string,218,1,12,585,1809,209,58,gnirts
15644,stringed,218,1,13,585,1886,304,109,degnirts
15645,stringier,218,1,14,603,2065,278,54,reignirts
15646,stringiest,218,1,15,612,2189,255,79,tseignirts
15647,string,218,1,16,611,2310,216,52,gnirts
15648,strung,218,1,17,591,2436,241,47,gnurts
15649,stringent,218,1,18,621,2556,235,105,tnegnirts
15650,stringency,218,1,19,610,2668,182,162,ycnegnirts
15651,stripe,218,1,20,709,2770,176,109,epirts
15652,strive,218,1,21,609,2887,157,147,evirts
15653,striven,218,1,22,622,3027,158,131,nevirts
15654,strove,218,1,23,637,3166,156,121,evorts
15655,stroll,218,1,24,550,3292,308,45,llorts
15656,strolled,218,1,25,567,3360,298,99,dellorts
15657,stroller,218,2,1,1385,471,366,47,rellorts
15658,strong,218,2,2,1472,577,151,64,gnorts
15659,strength,218,2,3,1461,702,158,54,htgnerts
15660,stronger,218,2,4,1461,816,213,67,regnorts
15661,strongest,218,2,5,1480,960,187,52,tsegnorts
15662,stronghold,218,2,6,1471,1030,331,106,dlohgnorts
15663,strongly,218,2,7,1520,1182,161,63,ylgnorts
15664,strong-minded,218,2,8,1554,1312,380,64,dednim-gnorts
15665,strontium,218,2,9,1434,1440,305,60,muitnorts
15666,structure,218,2,10,1449,1554,292,65,erutcurts
15667,structural,218,2,11,1418,1676,453,68,larutcurts
15668,structurally,218,2,12,1484,1781,314,85,yllarutcurts
15669,struggle,218,2,13,1417,1935,290,59,elggurts
15670,struggler,218,2,14,1414,2052,332,58,relggurts
15671,strum,218,2,15,1423,2176,268,61,murts
15672,strummed,218,2,16,1457,2212,272,142,demmurts
15673,strut,218,2,17,1436,2414,202,65,turts
15674,strutted,218,2,18,1410,2445,327,156,detturts
15675,stub,218,2,19,1424,2681,84,135,buts
15676,stubble,218,2,20,1465,2794,198,136,elbbuts
15677,stubborn,218,2,21,1535,2932,78,137,nrobbuts
15678,stubbornness,218,2,22,1617,3051,187,142,ssennrobbuts
15679,stucco,218,2,23,1326,3143,185,68,occuts
15680,stud,218,2,24,1391,3218,195,111,duts
15681,study,218,2,25,1382,3343,204,114,yduts
15682,student,218,3,1,2272,428,200,87,tneduts
15683,studied,218,3,2,2238,487,307,151,deiduts
15684,studio,218,3,3,2271,626,211,134,oiduts
15685,studious,218,3,4,2247,769,216,109,suoiduts
15686,stuff,218,3,5,2294,948,96,93,ffuts
15687,stuffier,218,3,6,2277,1076,119,95,reiffuts
15688,stuffiest,218,3,7,2286,1197,104,115,tseiffuts
15689,stuffiness,218,3,8,2305,1320,116,117,sseniffuts
15690,stuffy,218,3,9,2293,1453,94,103,yffuts
15691,stultify,218,3,10,2216,1528,347,101,yfitluts
15692,stultification,218,3,11,2331,1672,296,101,noitacifitluts
15693,stumble,218,3,12,2251,1806,203,117,elbmuts
15694,stump,218,3,13,2235,1941,231,73,pmuts
15695,stun,218,3,14,2265,2058,131,63,nuts
15696,stunned,218,3,15,2262,2133,181,105,dennuts
15697,stunner,218,3,16,2277,2279,141,70,rennuts
15698,stunt,218,3,17,2240,2380,175,97,tnuts
15699,stunted,218,3,18,2204,2454,310,148,detnuts
15700,stupefy,218,3,19,2308,2670,106,144,yfeputs
15701,stupefacient,218,3,20,2329,2791,117,160,tneicafeputs
15702,stupefaction,218,3,21,2372,2920,130,167,noitcafeputs
15703,stupor,218,3,22,2235,3044,110,90,roputs
15704,stupendous,218,3,23,2289,3154,142,96,suodneputs
15705,stupid,218,3,24,2291,3283,144,89,diputs
15706,stupidity,218,3,25,2260,3375,212,128,ytidiputs
15707,stupidly,219,1,1,598,503,174,88,yldiputs
15708,sturdy,219,1,2,596,557,204,121,ydruts
15709,sturdily,219,1,3,588,657,218,132,ylidruts
15710,sturdiness,219,1,4,592,781,251,134,ssenidruts
15711,sturgeon,219,1,5,532,958,98,147,noegruts
15712,stutter,219,1,6,522,1091,141,74,rettuts
15713,style,219,1,7,505,1180,252,98,elyts
15714,styled,219,1,8,511,1307,253,102,delyts
15715,stylish,219,1,9,569,1447,218,81,hsilyts
15716,stylishness,219,1,10,611,1569,303,82,ssenhsilyts
15717,stylist,219,1,11,582,1688,255,84,tsilyts
15718,stylistic,219,1,12,589,1812,259,76,citsilyts
15719,stylographic,219,1,13,600,1937,285,81,cihpargolyts
15720,stylus,219,1,14,590,2069,231,85,sulyts
15721,styptic,219,1,15,551,2215,164,98,citpyts
15722,Styx,219,1,16,522,2332,100,91,xytS
15723,suasion,219,1,17,550,2424,71,95,noisaus
15724,suave,219,1,18,525,2486,158,157,evaus
15725,suavely,219,1,19,562,2599,156,160,ylevaus
15726,suavity,219,1,20,572,2717,141,162,ytivaus
15727,subacid,219,1,21,529,2925,200,95,dicabus
15728,subagent,219,1,22,573,2988,148,150,tnegabus
15729,subaltern,219,1,23,567,3166,160,84,nretlabus
15730,subaqueous,219,1,24,585,3333,174,85,suoeuqabus
15731,subarctic,219,1,25,554,3431,347,64,citcrabus
15732,sub-basement,219,2,1,1515,423,164,153,tnemesab-bus
15733,subcellar,219,2,2,1462,617,243,75,rallecbus
15734,subcommittee,219,2,3,1524,746,173,61,eettimmocbus
15735,subconscious,219,2,4,1550,889,121,92,suoicsnocbus
15736,subcontractor,219,2,5,1506,981,195,67,rotcartnocbus
15737,subcutaneous,219,2,6,1496,1076,222,100,suoenatucbus
15738,subdeacon,219,2,7,1482,1190,283,92,nocaedbus
15739,subdivide,219,2,8,1456,1325,281,101,edividbus
15740,subdivision,219,2,9,1481,1456,172,115,noisividbus
15741,subdue,219,2,10,1480,1570,160,86,eudbus
15742,subdued,219,2,11,1431,1649,271,126,deudbus
15743,subeditor,220,2,12,1412,1803,241,57,rotidebus
15744,subequatorial,219,2,13,1431,1956,406,102,lairotauqebus
15745,subgroup,219,2,14,1405,2098,268,112,puorgbus
15746,subhead,219,2,15,1394,2180,194,87,daehbus
15747,subject,219,2,16,1468,2264,90,127,tcejbus
15748,subjection,219,2,17,1434,2383,97,168,noitcejbus
15749,subjective,219,2,18,1417,2526,164,225,evitcejbus
15750,subjectivity,219,2,19,1462,2627,173,237,ytivitcejbus
15751,subjoin,219,2,20,1347,2759,96,145,niojbus
15752,subjugate,219,2,21,1454,2873,201,145,etagujbus
15753,subjugation,219,2,22,1474,3007,185,149,noitagujbus
15754,subjugator,219,2,23,1445,3126,219,154,rotagujbus
15755,subjunctive,219,2,24,1437,3249,98,163,evitcnujbus
15756,sublease,219,2,25,1406,3452,194,58,esaelbus
15757,sublet,219,3,1,2212,515,184,47,telbus
15758,sublimate,219,3,2,2222,624,333,63,etamilbus
15759,sublimated,219,3,3,2237,651,469,160,detamilbus
15760,sublimation,219,3,4,2288,883,311,55,noitamilbus
15761,sublime,219,3,5,2240,989,285,55,emilbus
15762,sublimer,219,3,6,2254,1124,305,52,remilbus
15763,sublimest,219,3,7,2250,1230,315,57,tsemilbus
15764,sublimity,219,3,8,2260,1322,280,101,ytimilbus
15765,submarine,219,3,9,2256,1484,271,44,enirambus
15766,submerge,219,3,10,2294,1615,175,107,egrembus
15767,submerged,219,3,11,2322,1736,202,107,degrembus
15768,submergence,219,3,12,2342,1858,182,103,ecnegrembus
15769,submerse,219,3,13,2321,1992,210,48,esrembus
15770,submersible,219,3,14,2315,2104,210,149,elbisrembus
15771,submersion,219,3,15,2282,2241,219,47,noisrembus
15772,submit,219,3,16,2293,2342,197,53,timbus
15773,submission,219,3,17,2313,2475,161,47,noissimbus
15774,submissive,219,3,18,2302,2599,178,132,evissimbus
15775,submitted,219,3,19,2278,2640,311,129,dettimbus
15776,subnormal,219,3,20,2225,2840,344,44,lamronbus
15777,subofficer,219,3,21,2253,2935,110,79,reciffobus
15778,suborder,219,3,22,2230,3028,145,86,redrobus
15779,subordinate,219,3,23,2267,3141,170,103,etanidrobus
15780,coordinate,219,3,24,2257,3265,268,106,etanidrooc
15781,subordination,219,3,25,2353,3402,151,85,noitanidrobus
15782,subordinative,220,1,1,751,381,222,128,evitanidrobus
15783,suborn,220,1,2,731,576,89,44,nrobus
15784,subornation,220,1,3,716,697,100,67,noitanrobus
15785,suborner,220,1,4,705,827,111,43,renrobus
15786,subpoena,220,1,5,659,899,131,105,aneopbus
15787,subscribe,220,1,6,658,1066,165,66,ebircsbus
15788,subscriber,220,1,7,668,1181,226,73,rebircsbus
15789,subscription,220,1,8,697,1310,162,70,noitpircsbus
15790,subsequent,220,1,9,658,1429,135,86,tneuqesbus
15791,subserve,220,1,10,692,1470,156,165,evresbus
15792,subservience,220,1,11,722,1576,141,186,ecneivresbus
15793,subservient,220,1,12,736,1724,148,164,tneivresbus
15794,subside,220,1,13,681,1912,105,92,edisbus
15795,subsidence,220,1,14,661,2040,161,91,ecnedisbus
15796,subsidy,220,1,15,649,2140,182,104,ydisbus
15797,subsidiary,220,1,16,625,2244,263,123,yraidisbus
15798,subsidize,220,1,17,641,2351,196,137,ezidisbus
15799,subsist,220,1,18,691,2533,54,76,tsisbus
15800,subsistence,220,1,19,694,2631,78,103,ecnetsisbus
15801,subsists,220,1,20,651,2772,61,103,stsisbus
15802,subsoil,220,1,21,567,2888,214,72,liosbus
15803,substance,220,1,22,640,3001,136,72,ecnatsbus
15804,substantial,220,1,23,659,3124,152,76,laitnatsbus
15805,substantially,220,1,24,680,3238,154,87,yllaitnatsbus
15806,substantiate,220,1,25,665,3360,189,93,etaitnatsbus
15807,substantiation,220,2,1,1593,407,148,98,noitaitnatsbus
15808,substantive,220,2,2,1504,496,265,140,evitnatsbus
15809,substitute,220,2,3,1536,694,86,63,etutitsbus
15810,substitution,220,2,4,1533,811,101,66,noitutitsbus
15811,substratum,220,2,5,1444,883,323,118,mutartsbus
15812,substrata,220,2,6,1431,1041,247,79,atartsbus
15813,subtend,220,2,7,1426,1107,235,136,dnetbus
15814,subterfuge,220,2,8,1471,1296,137,200,egufretbus
15815,subterranean,220,2,9,1572,1397,204,89,naenarretbus
15816,subtitle,220,2,10,1455,1530,162,73,eltitbus
15817,subtle,220,2,11,1398,1686,254,50,eltbus
15818,subtile,220,2,12,1412,1803,241,57,elitbus
15819,subtler,220,2,13,1395,1930,318,46,reltbus
15820,subtlest,220,2,14,1417,2039,244,62,tseltbus
15821,subtlety,220,2,15,1406,2172,272,51,yteltbus
15822,subtly,220,2,16,1420,2289,111,59,yltbus
15823,subtract,220,2,17,1435,2412,198,57,tcartbus
15824,subtraction,220,2,18,1476,2534,205,52,noitcartbus
15825,subtrahend,220,2,19,1455,2603,251,108,dnehartbus
15826,subtreasury,220,2,20,1448,2771,172,63,yrusaertbus
15827,subtropical,220,2,21,1442,2904,169,86,laciportbus
15828,suburb,220,2,22,1468,3036,106,131,brubus
15829,suburban,220,2,23,1523,3161,107,145,nabrubus
15830,suburbanite,220,2,24,1629,3272,99,159,etinabrubus
15831,subvention,220,2,25,1396,3315,135,154,noitnevbus
15832,subvert,220,3,1,2287,356,105,159,trevbus
15833,subversion,220,3,2,2284,500,143,149,noisrevbus
15834,subversive,220,3,3,2306,626,195,258,evisrevbus
15835,subway,220,3,4,2224,826,64,88,yawbus
15836,succeed,220,3,5,2271,888,230,106,deeccus
15837,succeeded,220,3,6,2268,972,261,142,dedeeccus
15838,success,220,3,7,2306,1207,112,39,sseccus
15839,successful,220,3,8,2338,1325,121,87,lufsseccus
15840,succession,220,3,9,2328,1449,129,72,noisseccus
15841,successive,220,3,10,2307,1566,142,139,evisseccus
15842,successor,220,3,11,2361,1692,159,70,rosseccus
15843,unsuccessful,220,3,12,2369,1843,132,98,lufsseccusnu
15844,succinct,220,3,13,2249,1937,188,85,tcniccus
15845,succor,220,3,14,2237,2057,176,40,roccus
15846,succotash,220,3,15,2257,2122,206,100,hsatoccus
15847,succulent,220,3,16,2226,2265,332,89,tneluccus
15848,succulence,220,3,17,2294,2426,269,55,ecneluccus
15849,succumb,220,3,18,2240,2542,253,39,bmuccus
15850,such,220,3,19,2264,2610,56,93,hcus
15851,suction,220,3,20,2229,2782,126,70,noitcus
15852,sudden,220,3,21,2256,2881,164,68,neddus
15853,suddenly,220,3,22,2281,2999,148,73,ylneddus
15854,suddenness,220,3,23,2297,3092,213,95,ssenneddus
15855,sudorific,220,3,24,2241,3216,222,102,cifirodus
15856,sue,220,3,25,2264,3395,37,46,eus
15857,suable,221,1,1,514,483,78,161,elbaus
15858,sued,221,1,2,584,562,131,94,deus
15859,sues,221,1,3,566,734,44,72,seus
15860,suede,221,1,4,515,832,180,119,edeus
15861,suet,221,1,5,538,974,90,75,teus
15862,suffer,221,1,6,583,1044,87,103,reffus
15863,sufferable,221,1,7,569,1174,98,219,elbareffus
15864,sufferance,221,1,8,646,1295,89,124,ecnareffus
15865,sufferer,221,1,9,590,1416,114,120,rereffus
15866,suffice,221,1,10,600,1534,112,141,eciffus
15867,insufficient,221,1,11,611,1743,98,101,tneiciffusni
15868,sufficiency,221,1,12,634,1787,119,146,ycneiciffus
15869,sufficient,221,1,13,634,1917,83,100,tneiciffus
15870,suffix,221,1,14,598,2031,85,130,xiffus
15871,suffocate,221,1,15,610,2151,94,106,etacoffus
15872,suffocation,221,1,16,605,2277,98,143,noitacoffus
15873,suffocative,221,1,17,642,2400,124,200,evitacoffus
15874,suffragan,221,1,18,524,2538,304,119,nagarffus
15875,suffrage,221,1,19,617,2646,94,196,egarffus
15876,suffragette,221,1,20,644,2770,140,221,ettegarffus
15877,suffragist,221,1,21,736,2884,139,227,tsigarffus
15878,suffuse,221,1,22,588,3009,96,124,esuffus
15879,suffusion,221,1,23,628,3122,79,133,noisuffus
15880,sugar,221,1,24,537,3304,262,50,ragus
15881,sugarplum,221,1,25,564,3437,487,106,mulpragus
15882,sugar,221,2,1,1309,491,249,49,ragus
15883,suggest,221,2,2,1454,543,88,134,tseggus
15884,suggestibility,221,2,3,1466,650,112,241,ytilibitseggus
15885,suggestible,221,2,4,1485,767,162,268,elbitseggus
15886,suggestion,221,2,5,1566,903,83,137,noitseggus
15887,suggestive,221,2,6,1467,1027,161,236,evitseggus
15888,suicide,221,2,7,1334,1227,82,119,edicius
15889,suicidal,221,2,8,1336,1349,209,110,ladicius
15890,suit,221,2,9,1429,1476,90,58,tius
15891,suitability,221,2,10,1419,1594,83,156,ytilibatius
15892,suitable,221,2,11,1462,1715,86,141,elbatius
15893,suited,221,2,12,1424,1762,216,138,detius
15894,suite,221,2,13,1368,1970,100,77,etius
15895,sulk,221,2,14,1344,2091,256,54,klus
15896,sulkily,221,2,15,1331,2218,286,52,yliklus
15897,sulkiness,221,2,16,1359,2330,323,68,sseniklus
15898,sullen,221,2,17,1363,2445,261,58,nellus
15899,sullenness,221,2,18,1372,2576,337,58,ssennellus
15900,sulphur,221,2,19,1390,2702,238,111,ruhplus
15901,sulphate,221,2,20,1396,2821,212,127,etahplus
15902,sulphide,221,2,21,1396,2936,277,122,edihplus
15903,sulphite,221,2,22,1406,3059,209,125,etihplus
15904,sulphuric,221,2,23,1416,3179,306,114,ciruhplus
15905,sulphurous,221,2,24,1434,3309,245,142,suoruhplus
15906,sultan,221,2,25,1246,3404,286,87,natlus
15907,sultry,221,3,1,2202,475,316,74,yrtlus
15908,sum,221,3,2,2240,627,148,31,mus
15909,summation,221,3,3,2259,754,152,46,noitammus
15910,summed,221,3,4,2256,807,185,102,demmus
15911,sumac,221,3,5,2209,985,253,65,camus
15912,summary,221,3,6,2212,1116,257,37,yrammus
15913,summarily,221,3,7,2256,1246,248,37,ylirammus
15914,summariness,221,3,8,2295,1362,309,41,ssenirammus
15915,summarization,221,3,9,2342,1493,266,81,noitazirammus
15916,summarize,221,3,10,2310,1611,277,66,ezirammus
15917,summer,221,3,11,2303,1738,168,29,remmus
15918,summerhouse,221,3,12,2328,1832,246,61,esuohremmus
15919,summery,221,3,13,2283,1970,159,36,yremmus
15920,summit,221,3,14,2250,2077,187,56,timmus
15921,summon,221,3,15,2224,2221,240,29,nommus
15922,sumptuous,221,3,16,2232,2326,235,47,suoutpmus
15923,sumptuary,221,3,17,2254,2436,263,50,yrautpmus
15924,sun,221,3,18,2279,2589,87,26,nus
15925,sunbeam,221,3,19,2218,2705,165,135,maebnus
15926,sunburn,221,3,20,2278,2834,85,124,nrubnus
15927,sunburst,221,3,21,2368,2949,133,145,tsrubnus
15928,sundial,221,3,22,2094,2991,269,120,laidnus
15929,sunless,221,3,23,2193,3189,238,45,sselnus
15930,sunlight,221,3,24,2198,3310,263,56,thgilnus
15931,sunned,221,3,25,2233,3396,131,77,dennus
15932,sunniness,222,1,1,685,510,182,44,sseninnus
15933,sunrise,222,1,2,667,620,196,72,esirnus
15934,sunset,222,1,3,666,756,145,79,tesnus
15935,sunshine,222,1,4,657,882,123,87,enihsnus
15936,sunstroke,222,1,5,628,1000,303,55,ekortsnus
15937,Sunday,222,1,6,645,1124,96,73,yadnuS
15938,sunder,222,1,7,608,1211,225,67,rednus
15939,asunder,222,1,8,598,1336,237,71,rednusa
15940,sundry,222,1,9,569,1445,221,82,yrdnus
15941,sunk,222,1,10,604,1621,122,65,knus
15942,sunken,222,1,11,601,1742,196,47,neknus
15943,superable,222,1,12,812,1776,94,139,elbarepus
15944,insuperable,222,1,13,709,1943,110,132,elbarepusni
15945,superabundant,222,1,14,779,2028,178,114,tnadnubarepus
15946,superannuate,222,1,15,752,2192,191,85,etaunnarepus
15947,superannuation,222,1,16,800,2318,161,82,noitaunnarepus
15948,superb,222,1,17,721,2421,106,110,brepus
15949,supercalender,222,1,18,650,2541,319,97,rednelacrepus
15950,supercargo,222,1,19,614,2683,255,97,ogracrepus
15951,supercilious,222,1,20,692,2797,198,84,suoilicrepus
15952,superdreadnaught,222,1,21,734,2893,385,148,thguandaerdrepus
15953,supereminent,222,1,22,705,3058,221,65,tnenimerepus
15954,supererogation,222,1,23,686,3156,264,102,noitagorerepus
15955,superficial,222,1,24,719,3275,94,98,laicifrepus
15956,superficiality,222,1,25,720,3396,212,134,ytilaicifrepus
15957,superficially,222,2,1,1536,450,128,149,yllaicifrepus
15958,superfluous,222,2,2,1609,575,68,77,suoulfrepus
15959,superfluity,222,2,3,1584,697,76,84,ytiulfrepus
15960,superhuman,222,2,4,1514,837,255,77,namuhrepus
15961,superimpose,222,2,5,1527,961,155,138,esopmirepus
15962,superinduce,222,2,6,1548,1089,144,73,ecudnirepus
15963,superintend,222,2,7,1553,1207,160,78,dnetnirepus
15964,superintendence,222,2,8,1602,1290,242,122,ecnednetnirepus
15965,superintendent,222,2,9,1593,1459,153,74,tnednetnirepus
15966,superior,222,2,10,1539,1585,99,77,roirepus
15967,superiority,222,2,11,1535,1709,130,70,ytiroirepus
15968,superlative,222,2,12,1458,1820,275,95,evitalrepus
15969,supernal,222,2,13,1452,1953,237,84,lanrepus
15970,supernatural,222,2,14,1477,2074,300,93,larutanrepus
15971,preternatural,222,2,15,1495,2168,412,110,larutanreterp
15972,supernaturalism,222,2,16,1596,2279,415,108,msilarutanrepus
15973,supernaturally,222,2,17,1584,2430,216,103,yllarutanrepus
15974,supernumerary,222,2,18,1565,2572,224,71,yraremunrepus
15975,supersaturate,222,2,19,1548,2676,217,99,etarutasrepus
15976,superscribe,222,2,20,1570,2798,153,70,ebircsrepus
15977,superscription,222,2,21,1587,2922,170,83,noitpircsrepus
15978,supersede,222,2,22,1506,3043,171,96,edesrepus
15979,supersensitive,222,2,23,1505,3154,227,125,evitisnesrepus
15980,superstition,222,2,24,1564,3295,87,72,noititsrepus
15981,superstitious,222,2,25,1568,3413,97,80,suoititsrepus
15982,supervene,222,3,1,2369,423,118,125,enevrepus
15983,supervention,222,3,2,2428,532,108,145,noitnevrepus
15984,supervise,222,3,3,2397,665,134,140,esivrepus
15985,supervision,222,3,4,2428,796,100,141,noisivrepus
15986,supervisor,222,3,5,2420,914,132,167,rosivrepus
15987,supervisory,222,3,6,2527,1030,122,157,yrosivrepus
15988,supine,222,3,7,2359,1201,118,108,enipus
15989,supineness,222,3,8,2314,1313,183,111,ssenenipus
15990,supper,222,3,9,2344,1436,80,101,reppus
15991,supplant,222,3,10,2297,1576,219,87,tnalppus
15992,supplanted,222,3,11,2286,1658,358,126,detnalppus
15993,supple,222,3,12,2260,1805,162,113,elppus
15994,supplement,222,3,13,2258,1933,280,96,tnemelppus
15995,supplemental,222,3,14,2373,2063,274,97,latnemelppus
15996,supplementary,222,3,15,2354,2185,344,94,yratnemelppus
15997,supplicate,222,3,16,2317,2292,236,108,etacilppus
15998,suppliant,222,3,17,2309,2423,238,97,tnailppus
15999,supplicant,222,3,18,2307,2546,296,98,tnacilppus
16000,supplication,222,3,19,2340,2672,249,97,noitacilppus
16001,supplicatory,222,3,20,2343,2793,299,122,yrotacilppus
16002,supply,222,3,21,2269,2913,202,90,ylppus
16003,supplied,222,3,22,2262,3028,294,102,deilppus
16004,support,222,3,23,2308,3174,65,60,troppus
16005,supportable,222,3,24,2341,3315,76,162,elbatroppus
16006,supported,222,3,25,2409,3361,234,126,detroppus
16007,supporter,223,1,1,658,464,62,75,retroppus
16008,suppose,223,1,2,637,560,77,102,esoppus
16009,supposable,223,1,3,612,679,92,225,elbasoppus
16010,supposedly,223,1,4,698,800,89,118,yldesoppus
16011,supposition,223,1,5,705,938,68,127,noitisoppus
16012,supposititious,223,1,6,721,1065,88,127,suoititisoppus
16013,suppress,223,1,7,771,1207,37,73,sserppus
16014,suppression,223,1,8,755,1319,35,81,noisserppus
16015,suppressive,223,1,9,740,1383,123,137,evisserppus
16016,suppurate,223,1,10,717,1535,105,109,etaruppus
16017,suppuration,223,1,11,714,1662,111,125,noitaruppus
16018,suppurative,223,1,12,758,1761,139,228,evitaruppus
16019,supreme,223,1,13,560,1936,153,60,emerpus
16020,supremacy,223,1,14,657,2057,157,90,ycamerpus
16021,surbase,223,1,15,545,2111,79,166,esabrus
16022,surcease,223,1,16,601,2303,105,104,esaecrus
16023,surcharge,223,1,17,560,2392,145,195,egrahcrus
16024,surcingle,223,1,18,606,2543,260,98,elgnicrus
16025,sure,223,1,19,612,2683,38,42,erus
16026,surely,223,1,20,583,2799,59,74,ylerus
16027,sureness,223,1,21,587,2917,130,74,ssenerus
16028,surer,223,1,22,577,3053,127,71,rerus
16029,surest,223,1,23,600,3173,75,67,tserus
16030,surety,223,1,24,599,3284,86,51,yterus
16031,suretyship,223,1,25,615,3401,91,69,pihsyterus
16032,surf,223,2,1,1375,443,90,92,frus
16033,surface,223,2,2,1353,560,115,137,ecafrus
16034,surfeit,223,2,3,1362,667,112,120,tiefrus
16035,surge,223,2,4,1369,781,94,134,egrus
16036,surgeon,223,2,5,1380,899,103,144,noegrus
16037,surgery,223,2,6,1399,1006,116,159,yregrus
16038,surgical,223,2,7,1440,1144,96,156,lacigrus
16039,surly,223,2,8,1366,1355,259,54,ylrus
16040,surlier,223,2,9,1376,1479,296,53,reilrus
16041,surliest,223,2,10,1375,1599,280,73,tseilrus
16042,surmise,223,2,11,1408,1722,203,66,esimrus
16043,surmised,223,2,12,1404,1809,298,87,desimrus
16044,surmount,223,2,13,1442,1956,256,47,tnuomrus
16045,surmountable,223,2,14,1521,2081,245,125,elbatnuomrus
16046,surmounted,223,2,15,1539,2123,349,125,detnuomrus
16047,surname,223,2,16,1462,2329,129,58,emanrus
16048,surpass,223,2,17,1446,2402,73,120,ssaprus
16049,surplice,223,2,18,1467,2506,177,125,ecilprus
16050,surplus,223,2,19,1443,2631,197,120,sulprus
16051,surplusage,223,2,20,1448,2740,190,239,egasulprus
16052,surprise,223,2,21,1403,2866,106,125,esirprus
16053,surprised,223,2,22,1498,2991,179,120,desirprus
16054,surrender,223,2,23,1441,3132,176,81,rednerrus
16055,surreptitious,223,2,24,1455,3281,125,105,suoititperrus
16056,surrogate,223,2,25,1383,3406,273,43,etagorrus
16057,surround,223,3,1,2340,469,184,81,dnuorrus
16058,surroundings,223,3,2,2357,572,216,91,sgnidnuorrus
16059,survey,223,3,3,2298,669,149,143,yevrus
16060,surveillance,223,3,4,2381,786,274,153,ecnallievrus
16061,surveyor,223,3,5,2209,900,158,138,royevrus
16062,survive,223,3,6,2346,1008,128,153,evivrus
16063,revive,223,3,7,2167,1242,151,116,eviver
16064,survival,223,3,8,2294,1248,227,167,lavivrus
16065,survivorship,223,3,9,2305,1419,156,170,pihsrovivrus
16066,susceptible,223,3,10,2321,1577,87,168,elbitpecsus
16067,susceptibility,223,3,11,2379,1677,88,187,ytilibitpecsus
16068,suspect,223,3,12,2210,1799,101,82,tcepsus
16069,suspicion,223,3,13,2335,1918,55,97,noicipsus
16070,suspicious,223,3,14,2325,2053,62,103,suoicipsus
16071,unsuspected,223,3,15,2346,2173,145,80,detcepsusnu
16072,suspend,223,3,16,2308,2285,136,71,dnepsus
16073,suspended,223,3,17,2279,2358,245,118,dednepsus
16074,suspender,223,3,18,2279,2515,198,84,rednepsus
16075,suspense,223,3,19,2275,2647,103,90,esnepsus
16076,suspension,223,3,20,2302,2768,81,89,noisnepsus
16077,sustain,223,3,21,2255,2914,146,60,niatsus
16078,sustainable,223,3,22,2267,3015,152,119,elbaniatsus
16079,sustained,223,3,23,2261,3086,235,123,deniatsus
16080,sustenance,223,3,24,2246,3243,207,85,ecnanetsus
16081,suture,223,3,25,2229,3392,183,50,erutus
16082,suzerain,224,1,1,661,467,177,76,niarezus
16083,suzerainty,224,1,2,664,563,209,89,ytniarezus
16084,swagger,224,1,3,563,736,275,93,reggaws
16085,swain,224,1,4,624,861,125,79,niaws
16086,swallow,224,1,5,592,971,240,67,wollaws
16087,swamp,224,1,6,585,1099,195,96,pmaws
16088,swan,224,1,7,601,1222,109,66,naws
16089,swarm,224,1,8,585,1343,181,71,mraws
16090,swarthy,224,1,9,651,1454,106,74,yhtraws
16091,swarthier,224,1,10,617,1581,187,74,reihtraws
16092,swarthiest,224,1,11,645,1693,173,75,tseihtraws
16093,swastika,224,1,12,614,1802,183,78,akitsaws
16094,swath,224,1,13,606,1951,112,67,htaws
16095,swathe,224,1,14,609,2065,99,86,ehtaws
16096,sway,224,1,15,605,2193,79,89,yaws
16097,swear,224,1,16,589,2313,143,74,raews
16098,sweat,224,1,17,620,2435,98,77,taews
16099,sweatily,224,1,18,609,2535,146,94,ylitaews
16100,sweatiness,224,1,19,650,2641,179,100,ssenitaews
16101,sweatshop,224,1,20,618,2799,117,135,pohstaews
16102,Swedish,224,1,21,603,2902,173,110,hsidewS
16103,sweep,224,1,22,731,2989,79,113,peews
16104,sweet,224,1,23,646,3164,98,75,teews
16105,sweetbread,224,1,24,644,3282,204,134,daerbteews
16106,sweetbrier,224,1,25,737,3405,153,136,reirbteews
16107,sweeten,224,2,1,1523,488,135,78,neteews
16108,sweetheart,224,2,2,1502,555,162,130,traehteews
16109,sweetish,224,2,3,1511,717,101,74,hsiteews
16110,sweetmeat,224,2,4,1488,809,230,103,taemteews
16111,sweetness,224,2,5,1497,955,159,84,ssenteews
16112,swell,224,2,6,1467,1105,197,55,llews
16113,swelled,224,2,7,1439,1216,237,62,dellews
16114,swelter,224,2,8,1384,1328,240,70,retlews
16115,swerve,224,2,9,1489,1364,155,158,evrews
16116,swift,224,2,10,1477,1525,93,125,tfiws
16117,swifter,224,2,11,1481,1629,91,125,retfiws
16118,swiftest,224,2,12,1503,1760,92,117,tsetfiws
16119,swiftly,224,2,13,1500,1893,78,116,yltfiws
16120,swiftness,224,2,14,1485,2009,139,119,ssentfiws
16121,swill,224,2,15,1384,2192,198,61,lliws
16122,swim,224,2,16,1365,2318,176,67,miws
16123,swam,224,2,17,1354,2431,196,83,maws
16124,swum,224,2,18,1385,2563,164,43,muws
16125,swindle,224,2,19,1387,2645,338,91,eldniws
16126,swindler,224,2,20,1403,2775,357,86,reldniws
16127,swine,224,2,21,1411,2916,129,84,eniws
16128,swineherd,224,2,22,1430,3002,273,113,dreheniws
16129,swing,224,2,23,1427,3167,117,57,gniws
16130,swung,224,2,24,1426,3287,137,64,gnuws
16131,swipe,224,2,25,1393,3346,98,112,epiws
16132,swirl,224,3,1,2176,487,312,64,lriws
16133,Swiss,224,3,2,2253,598,74,92,ssiwS
16134,switch,224,3,3,2305,682,83,130,hctiws
16135,swivel,224,3,4,2284,766,192,162,leviws
16136,swollen,224,3,5,2204,968,249,67,nellows
16137,swoon,224,3,6,2271,1101,88,65,noows
16138,swoop,224,3,7,2300,1167,78,115,poows
16139,sword,224,3,8,2278,1310,167,80,drows
16140,swordfish,224,3,9,2286,1424,172,102,hsifdrows
16141,swordsman,224,3,10,2299,1557,336,71,namsdrows
16142,sycamore,224,3,11,2256,1715,308,47,eromacys
16143,sycophant,224,3,12,2331,1844,178,94,tnahpocys
16144,sycophancy,224,3,13,2353,1962,127,123,ycnahpocys
16145,sycophantic,224,3,14,2330,2083,162,122,citnahpocys
16146,syllable,224,3,15,2270,2194,176,148,elballys
16147,syllabi,224,3,16,2283,2318,184,146,iballys
16148,syllabic,224,3,17,2300,2439,181,145,ciballys
16149,syllabicate,224,3,18,2499,2567,171,136,etaciballys
16150,syllabication,224,3,19,2360,2684,186,160,noitaciballys
16151,syllabification,224,3,20,2369,2804,142,168,noitacifiballys
16152,syllabify,224,3,21,2219,2926,170,182,yfiballys
16153,syllabus,224,3,22,2338,3041,182,154,suballys
16154,syllabuses,224,3,23,2310,3169,176,190,sesuballys
16155,syllogism,224,3,24,2197,3284,186,146,msigollys
16156,syllogistic,224,3,25,2435,3405,154,137,citsigollys
16157,symbol,225,1,1,583,484,246,114,lobmys
16158,symbolic,225,1,2,580,600,319,123,cilobmys
16159,symbolical,225,1,3,615,728,265,116,lacilobmys
16160,symbolism,225,1,4,603,845,365,139,msilobmys
16161,symbolist,225,1,5,614,964,255,144,tsilobmys
16162,symbolization,225,1,6,675,1100,277,155,noitazilobmys
16163,symbolize,225,1,7,623,1219,249,142,ezilobmys
16164,symmetry,225,1,8,659,1342,281,67,yrtemmys
16165,symmetric,225,1,9,665,1453,307,50,cirtemmys
16166,symmetrical,225,1,10,633,1576,340,48,lacirtemmys
16167,sympathize,225,1,11,660,1681,242,65,ezihtapmys
16168,sympathetic,225,1,12,659,1819,264,66,citehtapmys
16169,sympathizer,225,1,13,659,1929,284,69,rezihtapmys
16170,sympathy,225,1,14,641,2054,211,59,yhtapmys
16171,symphony,225,1,15,626,2192,196,82,ynohpmys
16172,symphonic,225,1,16,620,2310,269,93,cinohpmys
16173,symposium,225,1,17,608,2440,170,107,muisopmys
16174,symptom,225,2,1,1382,417,326,111,motpmys
16175,symptomatic,225,2,2,1486,528,290,117,citamotpmys
16176,symptomatology,225,2,3,1551,644,360,135,ygolotamotpmys
16177,synagogue,225,2,4,1365,844,421,52,eugoganys
16178,synchronize,225,2,5,1423,982,290,80,ezinorhcnys
16179,synchronism,225,2,6,1495,1099,353,65,msinorhcnys
16180,synchronous,225,2,7,1477,1213,255,85,suonorhcnys
16181,syncopate,225,2,8,1463,1341,155,160,etapocnys
16182,syncopation,225,2,9,1601,1464,157,137,noitapocnys
16183,syncope,225,2,10,1376,1582,164,131,epocnys
16184,syndic,225,2,11,1419,1672,245,81,cidnys
16185,syndicalism,225,2,12,1424,1785,343,73,msilacidnys
16186,syndicate,225,2,13,1418,1913,246,70,etacidnys
16187,synecdoche,225,2,14,1396,2016,346,93,ehcodcenys
16188,synod,225,2,15,1393,2133,220,93,donys
16189,synodic,225,2,16,1402,2258,297,88,cidonys
16190,synodical,225,2,17,1413,2385,300,82,lacidonys
16191,synonym,225,3,1,2246,492,287,47,mynonys
16192,synonymous,225,3,2,2327,607,176,43,suomynonys
16193,synopsis,225,3,3,2254,718,116,136,sisponys
16194,synoptic,225,3,4,2302,853,185,93,citponys
16195,syntax,225,3,5,2115,912,188,90,xatnys
16196,synthesis,225,3,6,2225,1075,155,61,sisehtnys
16197,synthesist,225,3,7,2240,1199,153,76,tsisehtnys
16198,synthesize,225,3,8,2257,1317,144,79,ezisehtnys
16199,synthetic,225,3,9,2276,1452,152,61,citehtnys
16200,synthetical,225,3,10,2286,1578,143,78,lacitehtnys
16201,syringe,225,3,11,2227,1697,151,138,egnirys
16202,syrup,225,3,12,2308,1823,130,121,purys
16203,system,225,3,13,2234,1948,54,49,metsys
16204,systematic,225,3,14,2306,2059,66,94,citametsys
16205,systematical,225,3,15,2287,2185,76,103,lacitametsys
16206,systematize,225,3,16,2309,2254,124,81,ezitametsys
16207,systemic,225,3,17,2253,2410,120,58,cimetsys
16208,tabard,226,1,2,581,544,172,155,drabat
16209,tabasco,226,1,3,624,673,116,164,ocsabat
16210,tabernacle,226,1,4,730,787,157,174,elcanrebat
16211,table,226,1,5,560,912,119,150,elbat
16212,tableau,226,1,6,614,1047,174,130,uaelbat
16213,tablecloth,226,1,7,707,1172,262,129,htolcelbat
16214,tablespoon,226,1,8,605,1288,159,237,noopselbat
16215,tablet,226,1,9,735,1407,183,140,telbat
16216,tableware,226,1,10,612,1537,129,172,erawelbat
16217,tabloid,226,1,11,751,1670,169,129,diolbat
16218,taboo,226,1,12,601,1788,119,156,oobat
16219,taboret,226,1,13,649,1897,128,150,terobat
16220,tabulate,226,1,14,747,2011,101,144,etalubat
16221,tabular,226,1,15,771,2141,236,148,ralubat
16222,tabularize,226,1,16,650,2271,263,155,eziralubat
16223,tachometer,226,1,17,649,2410,329,76,retemohcat
16224,tacit,226,1,18,603,2493,121,75,ticat
16225,taciturn,226,1,19,617,2610,190,79,nruticat
16226,taciturnity,226,1,20,626,2703,253,110,ytinruticat
16227,tackle,226,1,21,555,2872,307,62,elkcat
16228,tact,226,1,22,562,2980,216,82,tcat
16229,tactful,226,1,23,561,3097,198,94,luftcat
16230,tactile,226,1,24,535,3241,345,66,elitcat
16231,tactility,226,1,25,545,3352,371,77,ytilitcat
16232,tactless,226,2,1,1371,407,355,83,sseltcat
16233,tactics,226,2,2,1366,508,295,101,scitcat
16234,tactical,226,2,3,1398,645,276,86,lacitcat
16235,tactician,226,2,4,1412,772,226,88,naicitcat
16236,taffeta,226,2,5,1377,900,118,130,ateffat
16237,tailor,226,2,6,1401,1027,266,76,roliat
16238,taint,226,2,7,1445,1132,138,86,tniat
16239,tainted,226,2,8,1406,1205,305,146,detniat
16240,take,226,2,9,1376,1408,180,70,ekat
16241,overtake,226,2,10,1428,1518,168,82,ekatrevo
16242,takedown,226,2,11,1435,1595,333,126,nwodekat
16243,taken,226,2,12,1407,1764,225,73,nekat
16244,take-off,226,2,13,1400,1890,197,103,ffo-ekat
16245,took,226,2,14,1436,2030,159,58,koot
16246,undertake,226,2,15,1464,2107,169,95,ekatrednu
16247,talent,226,2,16,1362,2227,299,101,tnelat
16248,talented,226,2,17,1375,2298,408,150,detnelat
16249,talisman,226,2,18,1351,2496,388,84,namsilat
16250,talk,226,2,19,1395,2642,164,52,klat
16251,talkative,226,2,20,1387,2718,277,99,evitaklat
16252,talker,226,2,21,1371,2881,222,57,reklat
16253,tall,226,2,22,1375,3011,228,49,llat
16254,taller,226,2,23,1377,3137,293,45,rellat
16255,tallest,226,2,24,1377,3256,251,56,tsellat
16256,tallness,226,2,25,1379,3357,313,68,ssenllat
16257,tamarack,226,3,1,2262,358,300,123,kcaramat
16258,tamarind,226,3,2,2261,465,266,142,dniramat
16259,tambourine,226,3,3,2290,618,205,118,eniruobmat
16260,tame,226,3,4,2269,763,182,83,emat
16261,tamely,226,3,5,2281,900,193,75,ylemat
16262,tamer,226,3,6,2266,1023,194,78,remat
16263,tamest,226,3,7,2268,1145,196,78,tsemat
16264,untamed,226,3,8,2251,1216,222,124,dematnu
16265,tamper,226,3,9,2267,1356,168,117,repmat
16266,tanager,226,3,10,2265,1496,99,125,reganat
16267,tandem,226,3,11,2240,1569,270,153,mednat
16268,tang,226,3,12,2236,1758,139,78,gnat
16269,tangent,226,3,13,2269,1857,170,97,tnegnat
16270,tangential,226,3,14,2305,2000,113,144,laitnegnat
16271,tangerine,226,3,15,2391,2107,162,132,eniregnat
16272,tangible,226,3,16,2276,2235,137,205,elbignat
16273,intangible,226,3,17,2352,2354,162,204,elbignatni
16274,tangibility,226,3,18,2447,2470,127,215,ytilibignat
16275,tangle,226,3,19,2195,2618,254,81,elgnat
16276,disentangle,226,3,20,2276,2704,451,118,elgnatnesid
16277,entangle,226,3,21,2305,2849,307,91,elgnatne
16278,tank,226,3,22,2269,2979,170,78,knat
16279,tankage,226,3,23,2265,3097,144,165,egaknat
16280,tankard,226,3,24,2324,3214,275,105,draknat
16281,tanker,226,3,25,2321,3345,167,69,reknat
16282,tanner,227,1,1,627,429,123,79,rennat
16283,tannery,227,1,2,599,552,139,74,yrennat
16284,tannic,227,1,3,607,670,181,74,cinnat
16285,tantalize,227,1,4,580,731,348,148,ezilatnat
16286,tantalization,227,1,5,669,894,328,105,noitazilatnat
16287,tantalum,227,1,6,526,1024,420,100,mulatnat
16288,tantamount,227,1,7,573,1105,385,142,tnuomatnat
16289,taper,227,1,8,587,1301,107,111,repat
16290,tapestry,227,1,9,607,1425,99,142,yrtsepat
16291,tapioca,227,1,10,632,1556,150,122,acoipat
16292,tapir,227,1,11,571,1677,124,106,ripat
16293,tappet,227,1,12,629,1799,96,111,teppat
16294,tarantula,227,1,13,653,1880,393,96,alutnarat
16295,tarantella,227,1,14,593,1991,402,109,alletnarat
16296,tardy,227,1,15,581,2106,189,118,ydrat
16297,tardier,227,1,16,562,2192,250,156,reidrat
16298,tardiest,227,1,17,559,2338,212,122,tseidrat
16299,tardily,227,1,18,548,2457,208,126,ylidrat
16300,target,227,1,19,512,2632,286,76,tegrat
16301,tariff,227,1,20,566,2752,123,100,ffirat
16302,tarlatan,227,1,21,499,2868,391,88,natalrat
16303,tarnish,227,1,22,632,2995,97,81,hsinrat
16304,untarnished,227,1,23,659,3114,183,81,dehsinratnu
16305,tarpaulin,227,1,24,556,3239,312,127,niluaprat
16306,tarpon,227,1,25,599,3362,102,129,noprat
16307,tart,227,2,1,1371,422,132,83,trat
16308,tartan,227,2,2,1352,511,180,108,natrat
16309,tartar,227,2,3,1355,633,160,106,ratrat
16310,tartaric,227,2,4,1357,761,244,112,ciratrat
16311,task,227,2,5,1384,912,143,77,ksat
16312,tassel,227,2,6,1376,1047,220,92,lessat
16313,tasseled,227,2,7,1383,1164,273,85,delessat
16314,taste,227,2,8,1398,1284,115,76,etsat
16315,tasted,227,2,9,1381,1364,254,119,detsat
16316,tasteful,227,2,10,1407,1539,119,117,lufetsat
16317,tasteless,227,2,11,1387,1664,289,70,sseletsat
16318,taster,227,2,12,1384,1782,127,76,retsat
16319,tastily,227,2,13,1396,1895,162,79,ylitsat
16320,tastiness,227,2,14,1398,2020,181,72,ssenitsat
16321,tasty,227,2,15,1393,2143,131,82,ytsat
16322,tatter,227,2,16,1379,2244,142,93,rettat
16323,tattered,227,2,17,1371,2306,242,152,derettat
16324,tatters,227,2,18,1356,2479,192,105,srettat
16325,tattle,227,2,19,1298,2641,312,66,elttat
16326,tattoo,227,2,20,1374,2754,146,72,oottat
16327,tattooed,227,2,21,1360,2824,287,129,deoottat
16328,taunt,227,2,22,1359,2984,180,93,tnuat
16329,taunted,227,2,23,1350,3065,291,125,detnuat
16330,taut,227,2,24,1381,3241,155,69,tuat
16331,tautness,227,2,25,1365,3356,219,80,ssentuat
16332,tautology,227,3,1,2285,436,149,67,ygolotuat
16333,tavern,227,3,2,2191,543,124,178,nrevat
16334,tawdry,227,3,3,2234,649,263,103,yrdwat
16335,tawny,227,3,4,2229,822,144,51,ynwat
16336,tax,227,3,5,2242,924,114,77,xat
16337,taxable,227,3,6,2241,1048,93,184,elbaxat
16338,taxation,227,3,7,2307,1158,121,99,noitaxat
16339,taxed,227,3,8,2241,1290,131,76,dexat
16340,taxes,227,3,9,2235,1416,95,89,sexat
16341,taxi,227,3,10,2218,1523,96,80,ixat
16342,taxicab,227,3,11,2203,1647,224,162,bacixat
16343,taximeter,227,3,12,2356,1782,247,88,retemixat
16344,taxidermy,227,3,13,2293,1884,264,88,ymredixat
16345,taxidermist,227,3,14,2275,1983,312,110,tsimredixat
16346,teach,227,3,15,2289,2146,81,113,hcaet
16347,taught,227,3,16,2293,2265,130,74,thguat
16348,teachability,227,3,17,2278,2396,105,194,ytilibahcaet
16349,reachable,227,3,18,2257,2525,162,213,elbahcaer
16350,teacher,227,3,19,2373,2640,80,116,rehcaet
16351,team,227,3,20,2239,2768,182,63,maet
16352,teamster,227,3,21,2258,2859,218,85,retsmaet
16353,teamwork,227,3,22,2244,3006,283,59,krowmaet
16354,tear,227,3,23,2257,3126,67,64,raet
16355,tearful,227,3,24,2257,3251,133,91,lufraet
16356,tearless,227,3,25,2219,3367,286,60,sselraet
16357,tears,228,1,1,592,443,119,73,sraet
16358,tear,228,1,2,572,551,73,81,raet
16359,tore,228,1,3,546,707,139,49,erot
16360,torn,228,1,4,547,826,191,53,nrot
16361,tease,228,1,5,594,946,84,64,esaet
16362,teased,228,1,6,595,1039,179,91,desaet
16363,teaspoon,228,1,7,646,1193,102,126,noopsaet
16364,teaspoonful,228,1,8,640,1320,92,171,lufnoopsaet
16365,technic,228,1,9,669,1435,291,59,cinhcet
16366,technical,228,1,10,666,1554,249,61,lacinhcet
16367,technicality,228,1,11,646,1682,325,54,ytilacinhcet
16368,technician,228,1,12,653,1795,200,60,naicinhcet
16369,technique,228,1,13,643,1904,294,73,euqinhcet
16370,technology,228,1,14,659,2044,202,57,ygolonhcet
16371,tedium,228,1,15,667,2113,263,108,muidet
16372,tedious,228,1,16,660,2234,196,116,suoidet
16373,telautograph,228,1,17,639,2392,270,73,hpargotualet
16374,telegraph,228,1,18,656,2515,205,70,hpargelet
16375,telegram,228,1,19,641,2652,330,58,margelet
16376,telegrapher,228,1,20,666,2749,230,78,rehpargelet
16377,telegraphic,228,1,21,676,2854,264,92,cihpargelet
16378,telegraphical,228,1,22,694,2976,354,91,lacihpargelet
16379,telegraphy,228,1,23,678,3092,214,99,yhpargelet
16380,telepathy,228,1,24,642,3263,197,92,yhtapelet
16381,telepathic,228,1,25,639,3382,279,96,cihtapelet
16382,telephone,228,2,1,1505,458,211,85,enohpelet
16383,telephonic,228,2,2,1507,589,268,86,cinohpelet
16384,telephonically,228,2,3,1547,709,261,93,yllacinohpelet
16385,telephony,228,2,4,1488,824,194,81,ynohpelet
16386,telescope,228,2,5,1474,948,239,114,epocselet
16387,telescopic,228,2,6,1465,1074,279,100,cipocselet
16388,telescopical,228,2,7,1482,1195,316,108,lacipocselet
16389,tell,228,2,8,1447,1319,70,57,llet
16390,telltale,228,2,9,1416,1383,278,117,elatllet
16391,told,228,2,10,1446,1570,81,48,dlot
16392,tellurium,228,2,11,1347,1680,427,62,muirullet
16393,temblor,228,2,12,1401,1746,303,119,rolbmet
16394,temerity,228,2,13,1508,1882,215,99,ytiremet
16395,temerarious,228,2,14,1474,1961,283,147,suoiraremet
16396,temper,228,2,15,1492,2107,174,117,repmet
16397,temperament,228,2,16,1518,2227,280,113,tnemarepmet
16398,temperamental,228,2,17,1564,2346,311,119,latnemarepmet
16399,temperamentally,228,2,18,1610,2464,292,122,yllatnemarepmet
16400,temperance,228,2,19,1555,2594,136,114,ecnarepmet
16401,intemperance,228,2,20,1537,2709,200,118,ecnarepmetni
16402,temperate,228,2,21,1549,2818,186,129,etarepmet
16403,temperately,228,2,22,1550,2943,185,117,yletarepmet
16404,temperateness,228,2,23,1554,3077,244,108,ssenetarepmet
16405,temperature,228,2,24,1502,3189,329,121,erutarepmet
16406,tempest,228,2,25,1501,3315,150,118,tsepmet
16407,tempestuous,228,3,1,2358,409,152,130,suoutsepmet
16408,template,228,3,2,2246,533,234,108,etalpmet
16409,temple,228,3,3,2261,662,246,104,elpmet
16410,templed,228,3,4,2256,763,264,115,delpmet
16411,tempo,228,3,5,2271,885,133,115,opmet
16412,temporal,228,3,6,2253,1013,305,110,laropmet
16413,temporality,228,3,7,2304,1118,347,126,ytilaropmet
16414,temporary,228,3,8,2293,1252,238,114,yraropmet
16415,temporarily,228,3,9,2344,1378,254,115,yliraropmet
16416,temporization,228,3,10,2393,1495,204,140,noitaziropmet
16417,temporize,228,3,11,2356,1617,189,131,eziropmet
16418,temporizer,228,3,12,2321,1731,248,121,reziropmet
16419,tempt,228,3,13,2306,1856,198,130,tpmet
16420,temptation,228,3,14,2319,1966,200,138,noitatpmet
16421,tempted,228,3,15,2261,2010,351,219,detpmet
16422,tempter,228,3,16,2306,2196,189,154,retpmet
16423,temptress,228,3,17,2287,2312,282,163,ssertpmet
16424,tenable,228,3,18,2305,2501,100,137,elbanet
16425,untenable,228,3,19,2301,2619,162,120,elbanetnu
16426,tenacity,228,3,20,2344,2750,109,76,yticanet
16427,pertinacious,228,3,21,2372,2843,177,101,suoicanitrep
16428,pertinacity,228,3,22,2371,2989,152,77,yticanitrep
16429,tenacious,228,3,23,2367,3077,158,114,suoicanet
16430,tenant,228,3,24,2299,3198,177,110,tnanet
16431,tenancy,228,3,25,2282,3324,156,105,ycnanet
16432,tenantable,229,1,1,628,506,172,140,elbatnanet
16433,tenanted,229,1,2,625,598,296,143,detnanet
16434,tenantless,229,1,3,604,767,341,98,sseltnanet
16435,tenantry,229,1,4,608,881,308,105,yrtnanet
16436,untenanted,229,1,5,608,959,321,145,detnanetnu
16437,tend,229,1,6,570,1104,201,126,dnet
16438,tended,229,1,7,553,1164,288,185,dednet
16439,tendency,229,1,8,552,1336,195,133,ycnednet
16440,tender,229,1,9,552,1432,204,158,rednet
16441,tendered,229,1,10,557,1509,314,208,derednet
16442,tenderer,229,1,11,550,1679,262,160,rerednet
16443,tenderest,229,1,12,576,1803,243,153,tserednet
16444,tenderfoot,229,1,13,609,1925,240,153,toofrednet
16445,tenderloin,229,1,14,549,2048,425,156,niolrednet
16446,tenderly,229,1,15,572,2172,212,156,ylrednet
16447,tenderness,229,1,16,585,2290,254,152,ssenrednet
16448,tendon,229,1,17,536,2412,233,146,nodnet
16449,tendril,229,1,18,479,2528,413,155,lirdnet
16450,tenebrous,229,1,19,547,2704,124,156,suorbenet
16451,tenement,229,1,20,605,2833,225,93,tnemenet
16452,tenet,229,1,21,544,2922,148,119,tenet
16453,tennis,229,1,22,523,3068,115,88,sinnet
16454,tenon,229,1,23,493,3197,166,88,nonet
16455,tenor,229,1,24,492,3311,192,91,ronet
16456,tense,229,1,25,499,3433,111,87,esnet
16457,tenser,229,2,1,1367,523,175,91,resnet
16458,tensest,229,2,2,1374,643,112,94,tsesnet
16459,tensile,229,2,3,1354,773,249,89,elisnet
16460,tension,229,2,4,1398,897,115,87,noisnet
16461,tensional,229,2,5,1379,1026,262,80,lanoisnet
16462,tensity,229,2,6,1382,1146,116,76,ytisnet
16463,tent,229,2,7,1338,1247,158,104,tnet
16464,tentacle,229,2,8,1322,1361,217,104,elcatnet
16465,tentative,229,2,9,1328,1429,273,164,evitatnet
16466,tenuity,229,2,10,1373,1598,182,119,ytiunet
16467,attenuated,229,2,11,1383,1647,361,214,detaunetta
16468,tenuous,229,2,12,1392,1869,148,86,suounet
16469,tepee,229,2,13,1375,2023,79,115,eepet
16470,tepid,229,2,14,1377,2149,157,103,dipet
16471,tercentenary,229,2,15,1389,2226,302,111,yranetnecret
16472,term,229,2,16,1374,2377,175,59,mret
16473,termed,229,2,17,1393,2497,218,55,demret
16474,terminable,229,2,18,1423,2624,271,107,elbanimret
16475,terminal,229,2,19,1370,2756,381,57,lanimret
16476,terminally,229,2,20,1413,2874,290,53,yllanimret
16477,terminate,229,2,21,1417,2964,261,78,etanimret
16478,termination,229,2,22,1448,3103,241,60,noitanimret
16479,terminology,229,2,23,1457,3226,245,62,ygolonimret
16480,terminus,229,2,24,1405,3349,278,58,sunimret
16481,terrace,229,2,25,1421,3458,171,69,ecarret
16482,terra,229,3,1,2184,537,314,88,arret
16483,terrain,229,3,2,2209,669,166,71,niarret
16484,terrapin,229,3,3,2216,808,116,99,niparret
16485,terrestrial,229,3,4,2143,930,377,53,lairtserret
16486,terrify,229,3,5,2238,1055,124,81,yfirret
16487,terrible,229,3,6,2226,1174,110,135,elbirret
16488,terrific,229,3,7,2288,1285,154,95,cifirret
16489,terrifically,229,3,8,2262,1408,180,97,yllacifirret
16490,territory,229,3,9,2262,1526,112,70,yrotirret
16491,territorial,229,3,10,2227,1645,282,72,lairotirret
16492,territoriality,229,3,11,2277,1766,279,73,ytilairotirret
16493,territorialize,229,3,12,2287,1866,283,94,ezilairotirret
16494,territorially,229,3,13,2283,2001,293,87,yllairotirret
16495,terror,229,3,14,2235,2139,221,58,rorret
16496,terrorism,229,3,15,2224,2265,330,50,msirorret
16497,terrorist,229,3,16,2243,2388,228,53,tsirorret
16498,terroristic,229,3,17,2266,2504,223,56,citsirorret
16499,terrorization,229,3,18,2302,2624,202,78,noitazirorret
16500,terrorize,229,3,19,2256,2726,245,73,ezirorret
16501,terrorizer,229,3,20,2244,2854,252,81,rezirorret
16502,terse,229,3,21,2241,2991,125,54,esret
16503,terseness,229,3,22,2232,3116,196,62,ssenesret
16504,terser,229,3,23,2211,3239,193,59,resret
16505,tersest,229,3,24,2207,3352,125,78,tsesret
16506,tertiary,229,3,25,2189,3471,207,64,yraitret
16507,tessellate,230,1,1,650,545,255,73,etallesset
16508,tessellation,230,1,2,684,678,245,87,noitallesset
16509,test,230,1,3,661,803,78,55,tset
16510,tested,230,1,4,663,912,120,79,detset
16511,tester,230,1,5,648,1039,182,68,retset
16512,tests,230,1,6,693,1155,105,71,stset
16513,untested,230,1,7,679,1269,167,77,detsetnu
16514,testament,230,1,8,647,1378,246,88,tnematset
16515,testamentary,230,1,9,714,1509,366,75,yratnematset
16516,restate,230,1,10,674,1629,158,78,etatser
16517,testator,230,1,11,646,1755,207,76,rotatset
16518,testify,230,1,12,651,1856,208,92,yfitset
16519,testimonial,230,1,13,678,1974,255,99,lainomitset
16520,testimony,230,1,14,658,2090,249,111,ynomitset
16521,tetanus,230,1,15,631,2225,178,89,sunatet
16522,tether,230,1,16,645,2366,124,64,rehtet
16523,tetragon,230,1,17,607,2467,410,83,nogartet
16524,tetragonal,230,1,18,641,2584,351,93,lanogartet
16525,tetralogy,230,1,19,650,2724,212,67,ygolartet
16526,Teutonic,230,1,20,638,2799,255,133,cinotueT
16527,text,230,1,21,660,2993,109,48,txet
16528,textbook,230,1,22,627,3108,114,159,koobtxet
16529,textual,230,1,23,744,3228,299,59,lautxet
16530,textually,230,1,24,629,3340,311,64,yllautxet
16531,textile,230,1,25,590,3463,292,57,elitxet
16532,texture,230,2,1,1478,544,194,58,erutxet
16533,than,230,2,2,1489,684,106,44,naht
16534,thane,230,2,3,1477,797,131,54,enaht
16535,thank,230,2,4,1482,932,79,40,knaht
16536,thanked,230,2,5,1480,1048,96,43,deknaht
16537,thankful,230,2,6,1472,1172,77,105,lufknaht
16538,thankless,230,2,7,1491,1295,217,48,sselknaht
16539,thanks,230,2,8,1512,1421,62,41,sknaht
16540,thanksgiving,230,2,9,1580,1542,246,41,gnivigsknaht
16541,that,230,2,10,1509,1643,96,58,taht
16542,thatch,230,2,11,1496,1742,115,115,hctaht
16543,thaw,230,2,12,1497,1900,90,37,waht
16544,theater,230,2,13,1479,1967,103,97,retaeht
16545,theatric,230,2,14,1467,2109,233,79,cirtaeht
16546,theatrical,230,2,15,1476,2229,246,80,lacirtaeht
16547,theatricals,230,2,16,1498,2340,277,90,slacirtaeht
16548,thee,230,2,17,1490,2504,66,50,eeht
16549,theirs,230,2,18,1490,2615,86,44,srieht
16550,theism,230,2,19,1508,2750,186,48,msieht
16551,atheism,230,2,20,1493,2864,209,65,msiehta
16552,pantheism,230,2,21,1498,2951,288,117,msiehtnap
16553,them,230,2,22,1522,3106,189,51,meht
16554,themselves,230,2,23,1528,3226,175,55,sevlesmeht
16555,then,230,2,24,1512,3353,98,44,neht
16556,thence,230,2,25,1505,3459,124,56,ecneht
16557,thenceforth,230,3,1,2456,551,132,115,htrofecneht
16558,thenceforward,230,3,2,2452,674,214,114,drawrofecneht
16559,theocracy,230,3,3,2401,788,151,69,ycarcoeht
16560,theodolite,230,3,4,2306,829,351,149,etilodoeht
16561,theology,230,3,5,2401,1047,66,46,ygoloeht
16562,theologian,230,3,6,2393,1166,123,49,naigoloeht
16563,theory,230,3,7,2343,1285,150,50,yroeht
16564,theorem,230,3,8,2309,1402,275,57,meroeht
16565,theoretic,230,3,9,2373,1523,163,65,citeroeht
16566,theorist,230,3,10,2353,1640,154,49,tsiroeht
16567,theorize,230,3,11,2344,1758,182,70,eziroeht
16568,theorizer,230,3,12,2337,1870,225,70,reziroeht
16569,theosophy,230,3,13,2366,2014,98,118,yhposoeht
16570,theosophic,230,3,14,2420,2137,94,113,cihposoeht
16571,theosophical,230,3,15,2407,2277,118,101,lacihposoeht
16572,theosophist,230,3,16,2383,2395,108,146,tsihposoeht
16573,therapy,230,3,17,2427,2515,123,82,ypareht
16574,therapeutic,230,3,18,2387,2624,177,97,cituepareht
16575,therapeutical,230,3,19,2404,2739,173,107,lacituepareht
16576,there,230,3,20,2415,2872,55,39,ereht
16577,thereabout,230,3,21,2356,2977,100,154,tuobaereht
16578,thereafter,230,3,22,2401,3087,114,125,retfaereht
16579,thereat,230,3,23,2363,3220,122,67,taereht
16580,thereby,230,3,24,2337,3368,60,133,ybereht
16581,therefore,230,3,25,2388,3487,92,79,erofereht
16582,therefrom,231,1,1,652,555,150,67,morfereht
16583,therein,231,1,2,642,672,116,43,niereht
16584,thereinto,231,1,3,620,748,193,89,otniereht
16585,thereof,231,1,4,637,911,79,38,foereht
16586,thereon,231,1,5,621,1026,139,46,noereht
16587,thereto,231,1,6,638,1126,123,73,otereht
16588,theretofore,231,1,7,650,1254,109,88,erofotereht
16589,thereupon,231,1,8,643,1401,96,98,nopuereht
16590,therewith,231,1,9,645,1496,133,67,htiwereht
16591,therm,231,1,10,575,1651,191,36,mreht
16592,thermal,231,1,11,539,1771,346,43,lamreht
16593,thermion,231,1,12,588,1878,259,50,noimreht
16594,thermite,231,1,13,593,1979,226,65,etimreht
16595,thermometer,231,1,14,657,2089,287,82,retemomreht
16596,thermometric,231,1,15,667,2211,383,79,cirtemomreht
16597,thermometrical,231,1,16,703,2320,437,73,lacirtemomreht
16598,thermostat,231,1,17,610,2457,318,83,tatsomreht
16599,thesaurus,231,1,18,663,2602,129,98,suruaseht
16600,these,231,1,19,646,2726,65,51,eseht
16601,thesis,231,1,20,635,2852,69,73,siseht
16602,theses,231,1,21,633,2974,65,83,seseht
16603,thew,231,1,22,615,3076,71,64,weht
16604,they,231,1,23,599,3209,60,51,yeht
16605,thick,231,1,24,560,3315,135,70,kciht
16606,thicken,231,1,25,558,3440,185,61,nekciht
16607,thickener,231,2,1,1445,538,217,56,renekciht
16608,thicker,231,2,2,1427,650,208,69,rekciht
16609,thicket,231,2,3,1423,772,184,70,tekciht
16610,thickly,231,2,4,1432,910,150,53,ylkciht
16611,thickness,231,2,5,1401,1016,223,64,ssenkciht
16612,thief,231,2,6,1446,1150,74,93,feiht
16613,theft,231,2,7,1438,1275,76,97,tfeht
16614,thievery,231,2,8,1385,1388,110,135,yreveiht
16615,thievish,231,2,9,1459,1522,121,151,hsiveiht
16616,thigh,231,2,10,1309,1622,81,63,hgiht
16617,thimble,231,2,11,1356,1756,208,123,elbmiht
16618,thin,231,2,12,1335,1868,105,61,niht
16619,thinner,231,2,13,1373,1994,145,59,renniht
16620,thinness,231,2,14,1365,2103,206,70,ssenniht
16621,thinnest,231,2,15,1371,2228,162,66,tsenniht
16622,thing,231,2,16,1392,2369,53,41,gniht
16623,anything,231,2,17,1472,2517,116,155,gnihtyna
16624,everything,231,2,18,1405,2520,81,39,gnihtyreve
16625,nothing,231,2,19,1450,2760,73,31,gnihton
16626,Plaything,231,2,20,1398,2828,238,96,gnihtyalP
16627,something,231,2,21,1434,2991,152,35,gnihtemos
16628,things,231,2,22,1443,3092,60,44,sgniht
16629,think,231,2,23,1450,3210,46,40,kniht
16630,thinkable,231,2,24,1421,3342,65,134,elbakniht
16631,thinker,231,2,25,1476,3455,122,46,rekniht
16632,thinks,231,3,1,2323,552,65,43,skniht
16633,unthinkable,231,3,2,2343,682,113,145,elbaknihtnu
16634,thirst,231,3,3,2119,788,169,47,tsriht
16635,thirstily,231,3,4,2266,912,219,52,ylitsriht
16636,thirstiness,231,3,5,2241,1026,264,55,ssenitsriht
16637,thirsty,231,3,6,2237,1155,206,50,ytsriht
16638,this,231,3,7,2273,1268,88,70,siht
16639,thistle,231,3,8,2236,1391,212,66,eltsiht
16640,thither,231,3,9,2244,1507,97,65,rehtiht
16641,thole,231,3,10,2214,1639,264,41,eloht
16642,thong,231,3,11,2221,1776,156,38,gnoht
16643,thoracic,231,3,12,2194,1858,219,63,cicaroht
16644,thorium,231,3,13,2172,1994,276,51,muiroht
16645,thorn,231,3,14,2240,2126,149,43,nroht
16646,thorough,231,3,15,2294,2238,64,46,hguoroht
16647,thoroughbred,231,3,16,2305,2367,185,139,derbhguoroht
16648,thoroughfare,231,3,17,2437,2491,153,108,erafhguoroht
16649,thoroughly,231,3,18,2343,2603,55,46,ylhguoroht
16650,thoroughness,231,3,19,2321,2719,154,56,ssenhguoroht
16651,those,231,3,20,2247,2847,60,50,esoht
16652,thou,231,3,21,2245,2943,94,71,uoht
16653,though,231,3,22,2232,3080,96,44,hguoht
16654,thought,231,3,23,2246,3183,135,63,thguoht
16655,thoughtful,231,3,24,2255,3305,133,84,lufthguoht
16656,thoughtless,231,3,25,2243,3432,282,73,sselthguoht
16657,thousand,232,1,1,794,553,111,76,dnasuoht
16658,thousandfold,232,1,2,780,672,247,117,dlofdnasuoht
16659,thousands,232,1,3,756,801,108,74,sdnasuoht
16660,thousandth,232,1,4,750,909,152,80,htdnasuoht
16661,thrall,232,1,5,640,1066,322,44,llarht
16662,thrash,232,1,6,694,1164,180,79,hsarht
16663,thread,232,1,7,676,1232,284,120,daerht
16664,threadbare,232,1,8,697,1362,291,147,erabdaerht
16665,threadworm,232,1,9,726,1513,399,92,mrowdaerht
16666,threat,232,1,10,673,1641,195,79,taerht
16667,threaten,232,1,11,677,1756,242,88,netaerht
16668,threatened,232,1,12,673,1784,347,168,denetaerht
16669,three,232,1,13,720,2033,57,50,eerht
16670,threnody,232,1,14,623,2080,328,126,ydonerht
16671,threshold,232,1,15,608,2254,332,101,dlohserht
16672,threw,232,1,16,653,2415,171,36,werht
16673,thrice,232,1,17,656,2491,183,78,ecirht
16674,thrift,232,1,18,655,2625,167,100,tfirht
16675,spendthrift,232,1,19,770,2707,261,115,tfirhtdneps
16676,thriftily,232,1,20,701,2870,184,106,ylitfirht
16677,thriftiness,232,1,21,695,2994,234,96,ssenitfirht
16678,thriftless,232,1,22,679,3107,327,98,sseltfirht
16679,thrifty,232,1,23,683,3235,156,99,ytfirht
16680,thrill,232,1,24,640,3350,301,52,llirht
16681,thrive,232,1,25,654,3463,172,148,evirht
16682,thrived,232,2,1,1525,547,172,151,devirht
16683,throve,232,2,2,1536,714,138,133,evorht
16684,throat,232,2,3,1556,814,193,62,taorht
16685,throatiness,232,2,4,1526,899,263,93,ssenitaorht
16686,throb,232,2,5,1522,1077,150,139,borht
16687,throne,232,2,6,1597,1190,225,49,enorht
16688,dethrone,232,2,7,1513,1263,305,104,enorhted
16689,enthroned,232,2,8,1506,1361,236,115,denorhtne
16690,throng,232,2,9,1497,1556,222,41,gnorht
16691,throttle,232,2,10,1450,1657,366,64,elttorht
16692,through,232,2,11,1541,1799,159,48,hguorht
16693,throughout,232,2,12,1557,1887,212,73,tuohguorht
16694,throw,232,2,13,1520,2032,165,44,worht
16695,threw,232,2,14,1521,2171,169,45,werht
16696,thrown,232,2,15,1529,2276,198,43,nworht
16697,thrush,232,2,16,1511,2406,142,46,hsurht
16698,thrust,232,2,17,1508,2520,200,57,tsurht
16699,thud,232,2,18,1507,2599,181,99,duht
16700,thug,232,2,19,1455,2749,236,66,guht
16701,thumb,232,2,20,1473,2888,221,43,bmuht
16702,thump,232,2,21,1486,3008,233,78,pmuht
16703,thunder,232,2,22,1546,3082,241,92,rednuht
16704,thunderbolt,232,2,23,1545,3203,337,141,tlobrednuht
16705,thunderous,232,2,24,1616,3346,274,65,suorednuht
16706,thundershower,232,2,25,1617,3453,290,83,rewohsrednuht
16707,thus,232,3,1,2367,585,71,51,suht
16708,thwart,232,3,2,2335,689,127,71,trawht
16709,thy,232,3,3,2340,810,87,61,yht
16710,thine,232,3,4,2339,929,142,59,eniht
16711,thyself,232,3,5,2367,1062,79,57,flesyht
16712,thyme,232,3,6,2306,1165,173,71,emyht
16713,thyroid,232,3,7,2292,1285,182,74,dioryht
16714,tiara,232,3,8,2307,1405,149,80,arait
16715,Tibetan,232,3,9,2248,1552,115,151,natebiT
16716,tide,232,3,10,2342,1630,208,107,edit
16717,tidewater,232,3,11,2332,1703,244,146,retawedit
16718,rid,232,3,12,2284,1858,218,114,dir
16719,tidier,232,3,13,2258,1958,296,133,reidit
16720,tidiest,232,3,14,2284,2095,263,118,tseidit
16721,tidiness,232,3,15,2260,2206,295,130,ssenidit
16722,untidy,232,3,16,2252,2307,284,143,yditnu
16723,tiger,232,3,17,2230,2500,307,73,regit
16724,tight,232,3,18,2301,2605,162,86,thgit
16725,air-tight,232,3,19,2322,2732,185,81,thgit-ria
16726,tighten,232,3,20,2321,2840,210,93,nethgit
16727,tightened,232,3,21,2316,2893,298,165,denethgit
16728,tighter,232,3,22,2321,3085,179,96,rethgit
16729,tightest,232,3,23,2331,3190,180,106,tsethgit
16730,tiled,232,3,24,2284,3315,242,100,delit
16731,till,232,3,25,2330,3473,60,63,llit
16732,until,233,1,1,546,505,99,69,litnu
16733,tilt,233,1,2,474,638,250,65,tlit
16734,tilted,233,1,3,460,688,365,128,detlit
16735,timber,233,1,4,525,827,179,133,rebmit
16736,time,233,1,5,585,960,189,109,emit
16737,time-honored,233,1,6,686,1065,257,127,deronoh-emit
16738,timekeeper,233,1,7,657,1193,287,113,repeekemit
16739,timeless,233,1,8,584,1315,299,121,sselemit
16740,timely,233,1,9,617,1436,166,120,ylemit
16741,timepiece,233,1,10,631,1559,151,123,eceipemit
16742,timer,233,1,11,610,1689,218,112,remit
16743,time-table,233,1,12,580,1789,244,145,elbat-emit
16744,timid,233,1,13,591,1904,234,141,dimit
16745,intimidate,233,1,14,559,1989,376,181,etadimitni
16746,timidity,233,1,15,566,2103,294,184,ytidimit
16747,timidly,233,1,16,565,2245,240,158,yldimit
16748,timorous,233,1,17,552,2419,218,111,suoromit
16749,tin,233,1,18,559,2594,90,52,nit
16750,tinware,233,1,19,558,2696,145,73,erawnit
16751,tincture,233,1,20,437,2845,281,51,erutcnit
16752,tinder,233,1,21,533,2870,198,140,rednit
16753,tinge,233,1,22,549,3028,129,132,egnit
16754,tingle,233,1,23,506,3209,282,71,elgnit
16755,tinker,233,1,24,522,3323,170,52,reknit
16756,tinkle,233,1,25,499,3449,304,66,elknit
16757,tinsel,233,2,1,1356,481,260,93,lesnit
16758,tint,233,2,2,1362,597,141,105,tnit
16759,tinted,233,2,3,1322,678,280,145,detnit
16760,tiny,233,2,4,1368,869,140,81,ynit
16761,tinier,233,2,5,1335,998,226,76,reinit
16762,tiniest,233,2,6,1342,1114,184,79,tseinit
16763,tirade,233,2,7,1319,1234,176,77,edarit
16764,tire,233,2,8,1345,1350,85,84,erit
16765,tired,233,2,9,1343,1427,195,131,derit
16766,tireless,233,2,10,1330,1600,303,82,sselerit
16767,tiresome,233,2,11,1364,1711,254,90,emoserit
16768,tissue,233,2,12,1348,1848,79,78,eussit
16769,titanium,233,2,13,1302,1922,311,114,muinatit
16770,tithe,233,2,14,1343,2090,120,75,ehtit
16771,titillate,233,2,15,1296,2184,288,99,etallitit
16772,titivate,233,2,16,1306,2297,225,116,etavitit
16773,title,233,2,17,1328,2452,155,80,eltit
16774,title-page,233,2,18,1355,2574,165,182,egap-eltit
16775,titular,233,2,19,1418,2699,322,74,ralutit
16776,titmouse,233,2,20,1319,2800,320,91,esuomtit
16777,titrate,233,2,21,1348,2908,252,98,etartit
16778,titration,233,2,22,1359,3026,252,99,noitartit
16779,toad,233,2,23,1349,3163,169,95,daot
16780,toadstool,233,2,24,1339,3264,416,116,lootsdaot
16781,toast,233,2,25,1342,3439,133,50,tsaot
16782,toasted,233,3,1,2276,470,247,116,detsaot
16783,toastmaster,233,3,2,2262,623,312,89,retsamtsaot
16784,tobacco,233,3,3,2320,793,158,167,occabot
16785,toboggan,233,3,4,2205,928,193,143,naggobot
16786,toccata,233,3,5,2379,986,245,97,ataccot
16787,tocsin,233,3,6,2184,1152,207,72,niscot
16788,today,233,3,7,2259,1188,226,130,yadot
16789,toga,233,3,8,2151,1382,240,60,agot
16790,together,233,3,9,2140,1488,247,66,rehtegot
16791,toil,233,3,10,2147,1614,229,65,liot
16792,toilful,233,3,11,2165,1738,245,91,lufliot
16793,toilsome,233,3,12,2178,1872,342,52,emosliot
16794,token,233,3,13,2148,1998,223,51,nekot
16795,told,233,3,14,2196,2124,84,46,dlot
16796,untold,233,3,15,2171,2236,117,49,dlotnu
16797,tolerate,233,3,16,2141,2342,328,66,etarelot
16798,tolerable,233,3,17,2173,2487,282,133,elbarelot
16799,tolerance,233,3,18,2185,2615,362,53,ecnarelot
16800,tolerant,233,3,19,2164,2673,399,105,tnarelot
16801,toleration,233,3,20,2198,2831,319,74,noitarelot
16802,tomahawk,233,3,21,2177,2939,252,73,kwahamot
16803,tomato,233,3,22,2182,3001,220,144,otamot
16804,tomb,233,3,23,2186,3205,200,49,bmot
16805,tombstone,233,3,24,2197,3311,324,54,enotsbmot
16806,tomorrow,233,3,25,2208,3374,165,125,worromot
16807,ton,234,1,1,574,526,99,47,not
16808,tonnage,234,1,2,595,650,90,127,egannot
16809,tone,234,1,3,638,769,131,50,enot
16810,monotone,234,1,4,621,899,316,49,enotonom
16811,tonal,234,1,5,591,1008,294,53,lanot
16812,tonality,234,1,6,599,1137,297,54,ytilanot
16813,tongue,234,1,7,603,1268,115,39,eugnot
16814,tonight,234,1,8,590,1340,119,90,thginot
16815,tonsil,234,1,9,584,1478,281,75,lisnot
16816,tonsillitis,234,1,10,597,1589,291,89,sitillisnot
16817,tonsure,234,1,11,639,1705,107,89,erusnot
16818,tonsorial,234,1,12,611,1830,362,83,lairosnot
16819,tontine,234,1,13,594,1938,189,92,enitnot
16820,tool,234,1,14,593,2102,225,51,loot
16821,tooth,234,1,15,620,2213,115,81,htoot
16822,teeth,234,1,16,622,2327,126,74,hteet
16823,toothache,234,1,17,594,2420,224,95,ehcahtoot
16824,toothed,234,1,18,609,2539,166,91,dehtoot
16825,toothless,234,1,19,591,2687,303,70,sselhtoot
16826,toothpick,234,1,20,626,2823,140,107,kciphtoot
16827,toothsome,234,1,21,627,2928,239,72,emoshtoot
16828,top,234,1,22,596,3070,81,88,pot
16829,topaz,234,1,23,609,3189,81,111,zapot
16830,topic,234,1,24,608,3325,100,86,cipot
16831,topical,234,1,25,598,3451,107,85,lacipot
16832,topography,234,2,1,1496,540,91,94,yhpargopot
16833,torch,234,2,2,1453,656,144,90,hcrot
16834,torment,234,2,3,1414,749,300,73,tnemrot
16835,tormented,234,2,4,1420,778,393,162,detnemrot
16836,tormentor,234,2,5,1428,972,303,94,rotnemrot
16837,tornado,234,2,6,1431,1070,265,119,odanrot
16838,torpedo,234,2,7,1405,1261,207,96,odeprot
16839,torpor,234,2,8,1410,1384,113,87,roprot
16840,torpid,234,2,9,1404,1491,181,117,diprot
16841,torque,234,2,10,1386,1619,229,47,euqrot
16842,torrent,234,2,11,1418,1688,258,102,tnerrot
16843,torrential,234,2,12,1429,1860,229,53,laitnerrot
16844,torrentially,234,2,13,1448,1984,224,78,yllaitnerrot
16845,torrid,234,2,14,1414,2057,265,95,dirrot
16846,torridity,234,2,15,1397,2134,334,140,ytidirrot
16847,torsion,234,2,16,1447,2339,89,53,noisrot
16848,torso,234,2,17,1436,2458,81,67,osrot
16849,tort,234,2,18,1413,2574,119,60,trot
16850,tortoise,234,2,19,1410,2674,156,82,esiotrot
16851,tortuous,234,2,20,1408,2814,132,66,suoutrot
16852,tortuosity,234,2,21,1415,2918,132,86,ytisoutrot
16853,torture,234,2,22,1377,3042,230,77,erutrot
16854,total,234,2,23,1403,3164,116,69,latot
16855,totality,234,2,24,1403,3281,278,66,ytilatot
16856,totalization,234,2,25,1447,3412,301,80,noitazilatot
16857,totalizer,234,3,1,2230,497,330,84,rezilatot
16858,totally,234,3,2,2235,607,164,97,yllatot
16859,totem,234,3,3,2193,707,268,116,metot
16860,totter,234,3,4,2249,849,126,103,rettot
16861,touch,234,3,5,2281,1019,60,91,hcuot
16862,touchable,234,3,6,2250,1148,136,215,elbahcuot
16863,touchdown,234,3,7,2359,1247,180,119,nwodhcuot
16864,touchily,234,3,8,2310,1394,78,115,ylihcuot
16865,touchiness,234,3,9,2301,1512,119,93,ssenihcuot
16866,touchstone,234,3,10,2329,1629,143,114,enotshcuot
16867,untouched,234,3,11,2324,1748,93,97,dehcuotnu
16868,tough,234,3,12,2321,1851,88,96,hguot
16869,toughen,234,3,13,2307,1981,100,104,nehguot
16870,toughened,234,3,14,2314,2100,125,100,denehguot
16871,tougher,234,3,15,2293,2214,92,96,rehguot
16872,tour,234,3,16,2270,2341,147,49,ruot
16873,tourist,234,3,17,2266,2464,175,59,tsiruot
16874,tourmaline,234,3,18,2190,2561,476,79,enilamruot
16875,tournament,234,3,19,2275,2712,265,46,tnemanruot
16876,tourniquet,234,3,20,2261,2815,226,65,teuqinruot
16877,tousle,234,3,21,2231,2925,265,83,elsuot
16878,toward,234,3,22,2249,3019,164,96,drawot
16879,towel,234,3,23,2199,3176,288,65,lewot
16880,tower,234,3,24,2217,3282,202,70,rewot
16881,town,234,3,25,2242,3421,112,52,nwot
16882,township,235,1,1,629,523,116,51,pihsnwot
16883,toxic,235,1,2,596,644,171,49,cixot
16884,toxicity,235,1,3,603,759,100,81,yticixot
16885,toxicology,235,1,4,602,885,186,80,ygolocixot
16886,trace,235,1,5,588,987,159,73,ecart
16887,retrace,235,1,6,543,1111,277,77,ecarter
16888,traceable,235,1,7,548,1236,157,179,elbaecart
16889,traced,235,1,8,627,1354,165,72,decart
16890,tracer,235,1,9,572,1471,209,85,recart
16891,tracery,235,1,10,545,1595,212,82,yrecart
16892,trachea,235,1,11,564,1731,224,62,aehcart
16893,trachoma,235,1,12,514,1866,364,53,amohcart
16894,track,235,1,13,566,1976,212,60,kcart
16895,trackage,235,1,14,547,2100,205,137,egakcart
16896,trackless,235,1,15,520,2239,371,52,sselkcart
16897,trackman,235,1,16,535,2354,423,56,namkcart
16898,tract,235,1,17,548,2458,199,54,tcart
16899,tractable,235,1,18,539,2581,195,133,elbatcart
16900,traction,235,1,19,512,2719,184,52,noitcart
16901,tractive,235,1,20,524,2825,221,127,evitcart
16902,tractor,235,1,21,602,2940,277,57,rotcart
16903,trade,235,1,22,546,3043,163,76,edart
16904,traded,235,1,23,567,3167,169,76,dedart
16905,trade-mark,235,1,24,552,3296,385,73,kram-edart
16906,trader,235,1,25,569,3395,237,80,redart
16907,tradesman,235,2,1,1400,518,312,84,namsedart
16908,tradition,235,2,2,1438,599,260,101,noitidart
16909,traditional,235,2,3,1407,709,366,108,lanoitidart
16910,traditionally,235,2,4,1430,822,292,120,yllanoitidart
16911,traduce,235,2,5,1401,942,274,120,ecudart
16912,traffic,235,2,6,1395,1104,144,116,ciffart
16913,tragedy,235,2,7,1404,1229,179,148,ydegart
16914,tragedian,235,2,8,1404,1365,250,129,naidegart
16915,tragic,235,2,9,1425,1484,153,143,cigart
16916,tragical,235,2,10,1486,1599,165,139,lacigart
16917,train,235,2,11,1289,1711,190,83,niart
16918,trained,235,2,12,1393,1798,234,115,deniart
16919,trainer,235,2,13,1390,1963,235,66,reniart
16920,trainman,235,2,14,1346,2092,411,67,namniart
16921,traitor,235,2,15,1365,2186,234,92,rotiart
16922,traitorous,235,2,16,1372,2304,308,104,suorotiart
16923,traitress,235,2,17,1355,2443,297,75,ssertiart
16924,trajectory,235,2,18,1379,2561,213,150,yrotcejart
16925,trammel,235,2,19,1319,2715,386,57,lemmart
16926,trammeled,235,2,20,1357,2777,405,103,delemmart
16927,tramp,235,2,21,1352,2922,273,98,pmart
16928,trample,235,2,22,1310,3055,389,88,elpmart
16929,tramway,235,2,23,1345,3170,284,70,yawmart
16930,trance,235,2,24,1356,3281,203,79,ecnart
16931,tranquil,235,2,25,1374,3405,224,73,liuqnart
16932,tranquilization,235,3,1,2346,519,285,120,noitaziliuqnart
16933,tranquilize,235,3,2,2322,638,289,76,eziliuqnart
16934,tranquility,235,3,3,2247,747,336,97,ytiliuqnart
16935,tranquilly,235,3,4,2255,886,268,65,ylliuqnart
16936,transact,235,3,5,2283,998,120,97,tcasnart
16937,transaction,235,3,6,2303,1110,128,99,noitcasnart
16938,transatlantic,235,3,7,2222,1195,359,134,citnaltasnart
16939,transcend,235,3,8,2317,1345,109,77,dnecsnart
16940,transcendence,235,3,9,2349,1469,183,81,ecnednecsnart
16941,transcendent,235,3,10,2317,1548,199,121,tnednecsnart
16942,transcendental,235,3,11,2313,1678,356,115,latnednecsnart
16943,transcribe,235,3,12,2307,1834,149,81,ebircsnart
16944,transcript,235,3,13,2306,1951,157,83,tpircsnart
16945,transcription,235,3,14,2315,2088,153,86,noitpircsnart
16946,transept,235,3,15,2291,2175,74,110,tpesnart
16947,transfer,235,3,16,2267,2310,125,100,refsnart
16948,transferable,235,3,17,2327,2417,115,185,elbarefsnart
16949,transference,235,3,18,2399,2540,172,105,ecnerefsnart
16950,untransferable,235,3,19,2371,2649,136,201,elbarefsnartnu
16951,transfigure,235,3,20,2168,2779,282,118,erugifsnart
16952,transfiguration,235,3,21,2355,2914,283,115,noitarugifsnart
16953,transfix,235,3,22,2238,3010,87,142,xifsnart
16954,transform,235,3,23,2302,3151,159,101,mrofsnart
16955,transformation,235,3,24,2358,3259,168,128,noitamrofsnart
16956,transformer,235,3,25,2296,3388,169,105,remrofsnart
16957,transfuse,236,1,1,696,505,91,112,esufsnart
16958,transfusion,236,1,2,707,622,91,126,noisufsnart
16959,transgress,236,1,3,664,772,241,98,ssergsnart
16960,transgression,236,1,4,694,885,243,115,noissergsnart
16961,transgressor,236,1,5,645,1010,307,126,rossergsnart
16962,transient,236,1,6,659,1141,87,79,tneisnart
16963,transience,236,1,7,683,1252,85,101,ecneisnart
16964,transit,236,1,8,680,1386,71,68,tisnart
16965,transition,236,1,9,700,1505,58,83,noitisnart
16966,transitional,236,1,10,687,1613,223,100,lanoitisnart
16967,transitionally,236,1,11,704,1746,73,90,yllanoitisnart
16968,transitive,236,1,12,676,1859,180,89,evitisnart
16969,transitory,236,1,13,663,1989,166,74,yrotisnart
16970,translate,236,1,14,619,2103,229,91,etalsnart
16971,translatable,236,1,15,619,2224,244,184,elbatalsnart
16972,translation,236,1,16,650,2340,246,105,noitalsnart
16973,translator,236,1,17,606,2463,315,88,rotalsnart
16974,untranslatable,236,1,18,702,2555,237,234,elbatalsnartnu
16975,transliterate,236,1,19,580,2703,251,85,etaretilsnart
16976,obliterate,236,1,20,665,2795,197,121,etaretilbo
16977,translucence,236,1,21,663,2952,228,122,ecneculsnart
16978,translucent,236,1,22,652,3065,275,118,tneculsnart
16979,transmit,236,1,23,690,3194,162,80,timsnart
16980,transmissibility,236,1,24,732,3303,203,192,ytilibissimsnart
16981,transmissible,236,1,25,665,3416,166,203,elbissimsnart
16982,transmission,236,2,1,1536,539,149,79,noissimsnart
16983,transmittal,236,2,2,1436,654,340,82,lattimsnart
16984,transmitter,236,2,3,1490,767,178,92,rettimsnart
16985,transmogrify,236,2,4,1461,895,303,78,yfirgomsnart
16986,transmute,236,2,5,1482,1012,202,93,etumsnart
16987,transmutability,236,2,6,1605,1132,213,190,ytilibatumsnart
16988,transmutable,236,2,7,1495,1270,206,165,elbatumsnart
16989,transmutation,236,2,8,1547,1397,224,72,noitatumsnart
16990,transom,236,2,9,1483,1510,173,71,mosnart
16991,transparency,236,2,10,1508,1594,143,124,ycnerapsnart
16992,transparent,236,2,11,1474,1719,212,109,tnerapsnart
16993,transpire,236,2,12,1517,1842,75,129,eripsnart
16994,transpiration,236,2,13,1569,1966,108,126,noitaripsnart
16995,transplant,236,2,14,1466,2072,247,115,tnalpsnart
16996,transplantation,236,2,15,1525,2196,262,120,noitatnalpsnart
16997,transplanted,236,2,16,1469,2315,392,131,detnalpsnart
16998,transport,236,2,17,1392,2436,93,120,tropsnart
16999,transportable,236,2,18,1536,2564,111,195,elbatropsnart
17000,transportation,236,2,19,1621,2690,95,93,noitatropsnart
17001,transported,236,2,20,1525,2784,225,133,detropsnart
17002,transpose,236,2,21,1500,2935,91,96,esopsnart
17003,transposes,236,2,22,1505,3054,97,123,sesopsnart
17004,transposition,236,2,23,1537,3177,89,122,noitisopsnart
17005,transship,236,2,24,1528,3312,69,83,pihssnart
17006,transubstantiate,236,2,25,1516,3399,193,119,etaitnatsbusnart
17007,transubstantiation,236,3,1,2459,502,146,113,noitaitnatsbusnart
17008,transverse,236,3,2,2333,623,118,135,esrevsnart
17009,transversal,236,3,3,2339,737,198,149,lasrevsnart
17010,trapeze,236,3,4,2312,902,167,130,ezepart
17011,trauma,236,3,5,2219,1052,291,48,amuart
17012,traumatic,236,3,6,2222,1165,300,65,citamuart
17013,travail,236,3,7,2113,1273,244,143,liavart
17014,travel,236,3,8,2223,1383,169,140,levart
17015,traveler,236,3,9,2218,1491,180,156,relevart
17016,traverse,236,3,10,2238,1628,179,161,esrevart
17017,travesty,236,3,11,2259,1748,154,150,ytsevart
17018,treachery,236,3,12,2311,1890,150,98,yrehcaert
17019,treacherous,236,3,13,2300,2006,172,132,suorehcaert
17020,treacle,236,3,14,2169,2136,367,42,elcaert
17021,tread,236,3,15,2181,2189,261,113,daert
17022,trod,236,3,16,2172,2304,245,113,dort
17023,trodden,236,3,17,2171,2456,243,85,neddort
17024,treadle,236,3,18,2137,2562,415,101,eldaert
17025,treason,236,3,19,2233,2728,178,54,nosaert
17026,treasonable,236,3,20,2257,2849,172,150,elbanosaert
17027,treasure,236,3,21,2171,2959,155,68,erusaert
17028,treasured,236,3,22,2238,3100,172,84,derusaert
17029,treasurer,236,3,23,2249,3208,209,97,rerusaert
17030,treasures,236,3,24,2251,3319,155,91,serusaert
17031,treasury,236,3,25,2249,3457,139,66,yrusaert
17032,treat,237,1,1,534,528,185,71,taert
17033,treatise,237,1,2,564,638,205,79,esitaert
17034,treatment,237,1,3,568,759,318,87,tnemtaert
17035,treaty,237,1,4,563,874,191,86,ytaert
17036,treble,237,1,5,537,1029,145,135,elbert
17037,tremble,237,1,6,617,1155,252,117,elbmert
17038,tremendous,237,1,7,570,1271,314,55,suodnemert
17039,tremolo,237,1,8,486,1396,406,45,olomert
17040,tremor,237,1,9,521,1520,321,54,romert
17041,tremulous,237,1,10,542,1647,441,57,suolumert
17042,trench,237,1,11,619,1758,193,85,hcnert
17043,trenchancy,237,1,12,616,1883,185,121,ycnahcnert
17044,trenchant,237,1,13,622,2008,224,105,tnahcnert
17045,trencher,237,1,14,615,2124,176,92,rehcnert
17046,trepan,237,1,15,589,2240,158,102,napert
17047,trephine,237,1,16,607,2350,162,113,enihpert
17048,trepidation,237,1,17,596,2490,204,95,noitadipert
17049,intrepid,237,1,18,700,2574,160,102,dipertni
17050,trespass,237,1,19,563,2715,158,140,ssapsert
17051,trespasser,237,1,20,661,2838,182,148,ressapsert
17052,trestle,237,1,21,389,2967,299,71,eltsert
17053,triad,237,1,22,525,3032,261,98,dairt
17054,trial,237,1,23,478,3184,305,68,lairt
17055,triangle,237,1,24,563,3306,203,64,elgnairt
17056,triangular,237,1,25,578,3426,235,69,ralugnairt
17057,triangulate,237,2,1,1456,523,213,80,etalugnairt
17058,tribe,237,2,2,1328,665,172,153,ebirt
17059,tribal,237,2,3,1417,768,242,150,labirt
17060,tribesman,237,2,4,1550,909,279,188,namsebirt
17061,tribulation,237,2,5,1347,1039,157,150,noitalubirt
17062,tribune,237,2,6,1466,1167,158,131,enubirt
17063,tribunal,237,2,7,1575,1258,270,162,lanubirt
17064,tribute,237,2,8,1336,1410,159,134,etubirt
17065,tributary,237,2,9,1455,1531,199,133,yratubirt
17066,trick,237,2,10,1241,1656,228,39,kcirt
17067,trickery,237,2,11,1336,1750,283,61,yrekcirt
17068,trickily,237,2,12,1355,1878,230,59,ylikcirt
17069,trickiness,237,2,13,1376,2014,317,49,ssenikcirt
17070,trickster,237,2,14,1364,2108,303,72,retskcirt
17071,trickle,237,2,15,1342,2225,370,63,elkcirt
17072,trickled,237,2,16,1318,2339,359,75,delkcirt
17073,tricycle,237,2,17,1371,2449,189,96,elcycirt
17074,trident,237,2,18,1351,2570,266,91,tnedirt
17075,triennial,237,2,19,1329,2704,362,69,lainneirt
17076,trifle,237,2,20,1347,2828,158,115,elfirt
17077,trifler,237,2,21,1338,2944,201,114,relfirt
17078,trigger,237,2,22,1323,3064,346,65,reggirt
17079,trigonometry,237,2,23,1422,3182,293,67,yrtemonogirt
17080,trigonometric,237,2,24,1482,3295,372,71,cirtemonogirt
17081,trillion,237,2,25,1358,3435,335,52,noillirt
17082,trillium,237,3,1,2149,551,379,50,muillirt
17083,trilogy,237,3,2,2125,662,261,118,ygolirt
17084,trim,237,3,3,2138,796,234,50,mirt
17085,trimly,237,3,4,2161,911,286,60,ylmirt
17086,trimmed,237,3,5,2208,953,279,134,demmirt
17087,trimmer,237,3,6,2215,1162,299,49,remmirt
17088,trimness,237,3,7,2191,1277,339,53,ssenmirt
17089,trinity,237,3,8,2211,1373,267,78,ytinirt
17090,trinket,237,3,9,2204,1520,283,55,teknirt
17091,trio,237,3,10,2211,1634,145,55,oirt
17092,triphthong,237,3,11,2217,1760,178,106,gnohthpirt
17093,triple,237,3,12,2179,1886,268,96,elpirt
17094,triplet,237,3,13,2183,2010,254,101,telpirt
17095,triplex,237,3,14,2190,2118,301,109,xelpirt
17096,triplicate,237,3,15,2236,2249,308,99,etacilpirt
17097,triplication,237,3,16,2243,2366,301,95,noitacilpirt
17098,triply,237,3,17,2239,2476,162,96,ylpirt
17099,triptych,237,3,18,2198,2608,223,86,hcytpirt
17100,trisect,237,3,19,2193,2705,176,100,tcesirt
17101,trite,237,3,20,2185,2807,212,82,etirt
17102,triturate,237,3,21,2205,2938,326,80,etarutirt
17103,trituration,237,3,22,2224,3052,306,80,noitarutirt
17104,triumph,237,3,23,2210,3187,317,78,hpmuirt
17105,triumphal,237,3,24,2209,3308,391,91,lahpmuirt
17106,triumphant,237,3,25,2243,3427,293,79,tnahpmuirt
17107,triumvirate,238,1,1,585,519,302,123,etarivmuirt
17108,triune,238,1,2,586,630,180,68,enuirt
17109,trivial,238,1,3,562,771,229,118,laivirt
17110,triviality,238,1,4,583,890,230,143,ytilaivirt
17111,trivially,238,1,5,751,1014,162,146,yllaivirt
17112,troche,238,1,6,418,1142,218,45,ehcort
17113,trolley,238,1,7,553,1255,301,55,yellort
17114,trombone,238,1,8,531,1383,265,124,enobmort
17115,troop,238,1,9,524,1507,142,89,poort
17116,trooper,238,1,10,540,1621,196,96,repoort
17117,tropic,238,1,11,558,1755,155,94,ciport
17118,tropical,238,1,12,573,1875,203,89,laciport
17119,troth,238,1,13,608,1974,196,67,htort
17120,troubadour,238,1,14,603,2115,289,115,ruodabuort
17121,trouble,238,1,15,656,2236,131,137,elbuort
17122,troublesome,238,1,16,755,2351,172,153,emoselbuort
17123,troublous,238,1,17,601,2479,131,146,suolbuort
17124,trousers,238,1,18,668,2592,245,78,sresuort
17125,trousseau,238,1,19,590,2707,173,67,uaessuort
17126,trout,238,1,20,580,2796,220,77,tuort
17127,trowel,238,1,21,540,2936,337,62,lewort
17128,truant,238,1,22,608,3038,232,80,tnaurt
17129,truancy,238,1,23,587,3200,213,59,ycnaurt
17130,truck,238,1,24,559,3308,236,52,kcurt
17131,truckage,238,1,25,567,3431,222,125,egakcurt
17132,truckman,238,2,1,1390,547,433,44,namkcurt
17133,truckle,238,2,2,1385,651,350,39,elkcurt
17134,truculent,238,2,3,1363,713,422,107,tnelucurt
17135,truculence,238,2,4,1413,904,406,43,ecnelucurt
17136,trudge,238,2,5,1413,1014,109,120,egdurt
17137,TRUE,238,2,6,1436,1139,148,46,eurt
17138,trueness,238,2,7,1405,1247,229,54,sseneurt
17139,truer,238,2,8,1401,1373,230,47,reurt
17140,truest,238,2,9,1413,1505,186,54,tseurt
17141,truism,238,2,10,1387,1627,249,45,msiurt
17142,truly,238,2,11,1408,1747,143,47,ylurt
17143,truth,238,2,12,1421,1873,142,41,hturt
17144,untrue,238,2,13,1429,1990,198,45,eurtnu
17145,trumpet,238,2,14,1357,2104,272,78,tepmurt
17146,trumpeter,238,2,15,1397,2232,276,81,retepmurt
17147,truncate,238,2,16,1393,2351,258,65,etacnurt
17148,truncheon,238,2,17,1417,2474,196,90,noehcnurt
17149,trundle,238,2,18,1440,2547,412,95,eldnurt
17150,trunk,238,2,19,1380,2714,248,44,knurt
17151,trust,238,2,20,1456,2836,147,43,tsurt
17152,distrust,238,2,21,1398,2925,228,76,tsurtsid
17153,entrust,238,2,22,1440,3062,172,64,tsurtne
17154,mistrust,238,2,23,1412,3220,277,40,tsurtsim
17155,trustee,238,2,24,1461,3315,147,46,eetsurt
17156,trusteeship,238,2,25,1462,3444,151,85,pihseetsurt
17157,trustful,238,3,1,2359,526,138,107,luftsurt
17158,untrustworthy,238,3,2,2358,651,215,45,yhtrowtsurtnu
17159,truth,238,3,3,2318,773,132,45,hturt
17160,truthful,238,3,4,2309,894,129,66,lufhturt
17161,untruthful,238,3,5,2302,1016,165,72,lufhturtnu
17162,try,238,3,6,2277,1127,167,65,yrt
17163,trial,238,3,7,2225,1230,274,66,lairt
17164,untried,238,3,8,2210,1304,311,117,deirtnu
17165,tryst,238,3,9,2234,1497,168,60,tsyrt
17166,tsar,238,3,10,2240,1622,118,60,rast
17167,tub,238,3,11,2205,1741,87,148,but
17168,tuba,238,3,12,2224,1857,107,164,abut
17169,tube,238,3,13,2305,1977,103,139,ebut
17170,tubular,238,3,14,2339,2112,265,133,ralubut
17171,tuber,238,3,15,2185,2219,110,155,rebut
17172,tubercle,238,3,16,2363,2358,134,144,elcrebut
17173,tubercular,238,3,17,2259,2493,370,119,ralucrebut
17174,tuberculin,238,3,18,2291,2617,337,138,nilucrebut
17175,tuberculosis,238,3,19,2309,2749,304,167,sisolucrebut
17176,tuberculous,238,3,20,2325,2881,292,142,suolucrebut
17177,tuberose,238,3,21,2115,2943,103,183,esorebut
17178,tuition,238,3,22,2347,3061,94,56,noitiut
17179,intuition,238,3,23,2324,3161,163,63,noitiutni
17180,tumble,238,3,24,2246,3312,192,118,elbmut
17181,tumor,238,3,25,2206,3438,239,47,romut
17182,tumult,239,1,1,615,451,279,98,tlumut
17183,tumultuous,239,1,2,600,568,325,113,suoutlumut
17184,tune,239,1,3,596,751,122,47,enut
17185,tuned,239,1,4,589,826,161,91,denut
17186,tuneful,239,1,5,596,998,114,85,lufenut
17187,tuneless,239,1,6,518,1117,313,46,sselenut
17188,tuner,239,1,7,583,1230,146,46,renut
17189,tungsten,239,1,8,543,1352,237,56,netsgnut
17190,tunic,239,1,9,523,1475,207,48,cinut
17191,tunnel,239,1,10,497,1597,269,54,lennut
17192,turban,239,1,11,490,1718,123,142,nabrut
17193,turbid,239,1,12,604,1838,170,125,dibrut
17194,turbidity,239,1,13,556,1962,233,139,ytidibrut
17195,turbidly,239,1,14,669,2079,202,132,yldibrut
17196,turbulent,239,1,15,540,2199,230,129,tnelubrut
17197,turbulence,239,1,16,703,2325,223,130,ecnelubrut
17198,tureen,239,1,17,532,2456,193,39,neerut
17199,turgid,239,1,18,567,2556,152,133,digrut
17200,turgidity,239,1,19,614,2684,235,141,ytidigrut
17201,turkey,239,1,20,521,2818,185,55,yekrut
17202,turmeric,239,1,21,510,2915,307,55,ciremrut
17203,turmoil,239,1,22,507,3014,227,73,liomrut
17204,turn,239,1,23,592,3161,91,52,nrut
17205,turnbuckle,239,1,24,582,3297,270,133,elkcubnrut
17206,turncoat,239,2,1,1467,482,233,66,taocnrut
17207,turned,239,2,2,1476,608,141,57,denrut
17208,turnout,239,2,3,1469,730,154,68,tuonrut
17209,turnpike,239,2,4,1431,863,138,116,ekipnrut
17210,turnip,239,2,5,1432,982,141,98,pinrut
17211,turpentine,239,2,6,1404,1105,270,130,enitneprut
17212,turpitude,239,2,7,1395,1238,148,94,edutiprut
17213,turquoise,239,2,8,1377,1348,234,61,esiouqrut
17214,turret,239,2,9,1400,1466,169,60,terrut
17215,turtle,239,2,10,1364,1574,299,74,eltrut
17216,tutelage,239,2,11,1354,1705,272,118,egaletut
17217,tutor,239,2,12,1363,1804,121,85,rotut
17218,twaddle,239,2,13,1306,1913,347,105,elddawt
17219,tweezers,239,2,14,1335,2071,169,86,srezeewt
17220,twilight,239,2,15,1299,2178,254,80,thgiliwt
17221,twin,239,2,16,1322,2318,91,54,niwt
17222,twine,239,2,17,1305,2404,125,85,eniwt
17223,twinkle,239,2,18,1277,2556,276,64,elkniwt
17224,twirl,239,2,19,1266,2679,261,55,lriwt
17225,twist,239,2,20,1319,2799,107,62,tsiwt
17226,two,239,2,21,1345,2922,80,49,owt
17227,two-faced,239,2,22,1371,3050,106,124,decaf-owt
17228,twofold,239,2,23,1406,3166,228,117,dlofowt
17229,two-handed,239,2,24,1421,3238,279,112,dednah-owt
17230,two-ply,239,3,1,2190,497,312,75,ylp-owt
17231,twosome,239,3,2,2238,627,189,52,emosowt
17232,two-step,239,3,3,2271,749,138,98,pets-owt
17233,type,239,3,4,2212,847,112,121,epyt
17234,typesetter,239,3,5,2256,963,113,154,rettesepyt
17235,typewriter,239,3,6,2273,1132,105,87,retirwepyt
17236,typewritten,239,3,7,2262,1257,203,88,nettirwepyt
17237,typist,239,3,8,2306,1336,103,148,tsipyt
17238,typographer,239,3,9,2338,1449,165,112,rehpargopyt
17239,typography,239,3,10,2323,1571,111,121,yhpargopyt
17240,typothetae,239,3,11,2298,1698,161,115,eatehtopyt
17241,typhus,239,3,12,2182,1815,134,153,suhpyt
17242,typhoid,239,3,13,2242,1933,102,136,diohpyt
17243,typify,239,3,14,2198,2075,111,146,yfipyt
17244,typical,239,3,15,2236,2208,117,98,lacipyt
17245,typification,239,3,16,2214,2330,107,146,noitacifipyt
17246,tyrant,239,3,17,2277,2402,240,95,tnaryt
17247,tyrannical,239,3,18,2236,2534,237,75,lacinnaryt
17248,tyrannicide,239,3,19,2253,2657,203,78,edicinnaryt
17249,tyrannize,239,3,20,2229,2784,255,68,ezinnaryt
17250,tyrannous,239,3,21,2221,2905,212,70,suonnaryt
17251,tyranny,239,3,22,2222,3029,207,72,ynnaryt
17252,tyro,239,3,23,2199,3139,163,80,oryt
17253,tzar,239,3,24,2222,3285,102,58,razt
17254,ubiquity,240,1,2,635,546,148,178,ytiuqibu
17255,ubiquitous,240,1,3,701,681,162,170,suotiuqibu
17256,ugly,240,1,4,619,908,200,33,ylgu
17257,ugliness,240,1,5,582,1033,277,44,ssenilgu
17258,ukase,240,1,6,582,1130,161,72,esaku
17259,ukulele,240,1,7,457,1252,427,61,eleluku
17260,ulcer,240,1,8,621,1394,117,59,reclu
17261,ulcerate,240,1,9,619,1509,168,62,etareclu
17262,ulceration,240,1,10,635,1622,163,71,noitareclu
17263,ulcerative,240,1,11,709,1766,154,157,evitareclu
17264,ulcerous,240,1,12,518,1885,152,87,suoreclu
17265,ulna,240,1,13,616,2002,119,46,anlu
17266,ulnar,240,1,14,613,2113,152,39,ranlu
17267,ulster,240,1,15,623,2221,89,78,retslu
17268,ulterior,240,1,16,593,2329,170,64,roiretlu
17269,ultimate,240,1,17,570,2387,236,121,etamitlu
17270,ultimatum,240,1,18,553,2487,330,151,mutamitlu
17271,ultimo,240,1,19,636,2703,85,48,omitlu
17272,ultramarine,240,1,20,559,2792,332,82,eniramartlu
17273,ultra-violet,240,1,21,523,2949,194,135,teloiv-artlu
17274,umbrage,240,1,22,551,3097,176,207,egarbmu
17275,umbrella,240,1,23,451,3215,327,130,allerbmu
17276,umlaut,240,1,24,551,3325,364,70,tualmu
17277,umpire,240,1,25,543,3454,175,102,eripmu
17278,unable,240,2,1,1364,559,93,116,elbanu
17279,inability,240,2,2,1439,672,98,133,ytilibani
17280,unabridged,240,2,3,1403,786,149,204,degdirbanu
17281,unaccented,240,2,4,1511,867,353,125,detneccanu
17282,unacceptable,240,2,5,1508,1028,155,146,elbatpeccanu
17283,unaccompanied,240,2,6,1638,1153,142,112,deinapmoccanu
17284,unaccountable,240,2,7,1487,1268,198,125,elbatnuoccanu
17285,unaccustomed,240,2,8,1521,1397,203,61,demotsuccanu
17286,unadjusted,240,2,9,1404,1490,146,176,detsujdanu
17287,unadorned,240,2,10,1494,1527,253,171,denrodanu
17288,unadulterated,240,2,11,1434,1694,417,117,detaretludanu
17289,unaffected,240,2,12,1459,1857,123,108,detceffanu
17290,unaided,240,2,13,1439,1924,259,133,dedianu
17291,unalloyed,240,2,14,1357,2064,368,94,deyollanu
17292,unalterable,240,2,15,1447,2214,176,136,elbaretlanu
17293,un-American,240,2,16,1457,2371,291,75,naciremA-nu
17294,unamiable,240,2,17,1434,2483,229,127,elbaimanu
17295,unanimity,240,2,18,1453,2550,317,112,ytiminanu
17296,unanimous,240,2,19,1483,2727,194,44,suominanu
17297,unanswerable,240,2,20,1446,2852,158,145,elbarewsnanu
17298,unappeasable,240,2,21,1582,2959,137,204,elbasaeppanu
17299,unapproachable,240,2,22,1642,3065,138,229,elbahcaorppanu
17300,unappropriated,240,2,23,1485,3203,322,138,detairporppanu
17301,unarmed,240,2,24,1436,3334,268,46,demranu
17302,unasked,240,2,25,1446,3441,202,49,deksanu
17303,unassailable,240,3,1,2260,529,259,174,elbaliassanu
17304,unassisted,240,3,2,2174,635,194,97,detsissanu
17305,unassuming,240,3,3,2305,778,205,95,gnimussanu
17306,unattached,240,3,4,2283,893,156,80,dehcattanu
17307,unattainable,240,3,5,2306,991,199,126,elbaniattanu
17308,unattained,240,3,6,2306,1072,284,147,deniattanu
17309,unattempted,240,3,7,2278,1150,364,181,detpmettanu
17310,unattended,240,3,8,2271,1253,373,199,dednettanu
17311,unauthenticated,240,3,9,2339,1448,275,108,detacitnehtuanu
17312,unauthorized,240,3,10,2292,1576,308,95,dezirohtuanu
17313,unavailable,240,3,11,2332,1745,209,217,elbaliavanu
17314,unavoidable,240,3,12,2229,1892,98,139,elbadiovanu
17315,unaware,240,3,13,2326,1990,132,46,erawanu
17316,unbalanced,240,3,14,2263,2133,188,118,decnalabnu
17317,unbecoming,240,3,15,2256,2259,105,140,gnimocebnu
17318,unbelief,240,3,16,2367,2373,81,120,feilebnu
17319,unbelievable,240,3,17,2394,2486,107,201,elbaveilebnu
17320,unbend,240,3,18,2182,2620,114,116,dnebnu
17321,unbidden,240,3,19,2383,2741,115,126,neddibnu
17322,unblemished,240,3,20,2274,2858,273,112,dehsimelbnu
17323,unblushing,240,3,21,2282,2983,126,135,gnihsulbnu
17324,unbound,240,3,22,2243,3106,86,114,dnuobnu
17325,unbreakable,240,3,23,2302,3223,124,213,elbakaerbnu
17326,unbusinesslike,240,3,24,2459,3346,197,167,ekilssenisubnu
17327,uncanny,240,3,25,2147,3443,217,50,ynnacnu
17328,unceremonious,241,1,1,697,600,263,77,suoinomerecnu
17329,uncertain,241,1,2,665,720,166,60,niatrecnu
17330,uncertainty,241,1,3,639,805,238,108,ytniatrecnu
17331,unchallenged,241,1,4,649,968,260,173,degnellahcnu
17332,unchangeable,241,1,5,564,1090,127,191,elbaegnahcnu
17333,uncharitable,241,1,6,665,1203,92,182,elbatirahcnu
17334,uncial,241,1,7,431,1332,206,50,laicnu
17335,uncivilized,241,1,8,542,1457,157,165,dezilivicnu
17336,unclaimed,241,1,9,637,1486,397,121,demialcnu
17337,unclassified,241,1,10,595,1664,303,133,deifissalcnu
17338,uncle,241,1,11,585,1809,274,68,elcnu
17339,unclean,241,1,12,555,1941,320,42,naelcnu
17340,uncleaned,241,1,13,594,1999,376,81,denaelcnu
17341,uncollectible,241,1,14,615,2170,285,126,elbitcellocnu
17342,uncomfortable,241,1,15,628,2287,133,173,elbatrofmocnu
17343,uncommon,241,1,16,711,2418,250,23,nommocnu
17344,uncommunicative,241,1,17,731,2533,257,162,evitacinummocnu
17345,uncomplimentary,241,1,18,708,2664,427,87,yratnemilpmocnu
17346,uncompromising,241,1,19,697,2776,338,106,gnisimorpmocnu
17347,unconcerned,241,1,20,672,2904,226,64,denrecnocnu
17348,unconditional,241,1,21,598,2971,384,85,lanoitidnocnu
17349,unconquerable,241,1,22,646,3143,296,132,elbareuqnocnu
17350,unconscionable,241,1,23,647,3259,176,168,elbanoicsnocnu
17351,unconscious,241,1,24,753,3383,145,83,suoicsnocnu
17352,unconsidered,241,1,25,677,3507,166,71,deredisnocnu
17353,unconstitutional,241,2,1,1511,588,316,69,lanoitutitsnocnu
17354,uncontradicted,241,2,2,1543,660,286,88,detcidartnocnu
17355,uncontrollable,241,2,3,1494,776,255,164,elballortnocnu
17356,uncontrolled,241,2,4,1510,903,249,81,dellortnocnu
17357,unconventional,241,2,5,1520,1074,250,150,lanoitnevnocnu
17358,uncouth,241,2,6,1338,1188,199,37,htuocnu
17359,uncover,241,2,7,1434,1310,125,121,revocnu
17360,unction,241,2,8,1475,1456,115,39,noitcnu
17361,unctuous,241,2,9,1459,1569,204,51,suoutcnu
17362,uncultivated,241,2,10,1420,1690,358,144,detavitlucnu
17363,undamaged,241,2,11,1357,1733,220,130,degamadnu
17364,undaunted,241,2,12,1420,1796,372,165,detnuadnu
17365,undeceive,241,2,13,1406,1990,171,82,eviecednu
17366,undecided,241,2,14,1452,2091,211,98,dedicednu
17367,undecipherable,241,2,15,1490,2218,227,173,elbarehpicednu
17368,undefended,241,2,16,1440,2339,325,110,dednefednu
17369,undefiled,241,2,17,1383,2485,271,96,delifednu
17370,undeliverable,241,2,18,1507,2589,295,118,elbarevilednu
17371,undemocratic,241,2,19,1418,2680,288,123,citarcomednu
17372,undemonstrative,241,2,20,1513,2809,255,158,evitartsnomednu
17373,undeniable,241,2,21,1356,2959,189,146,elbainednu
17374,under,241,2,22,1440,3078,136,95,rednu
17375,underbid,241,2,23,1348,3163,136,145,dibrednu
17376,underbrush,241,2,24,1493,3279,81,148,hsurbrednu
17377,undercharge,241,2,25,1424,3445,115,163,egrahcrednu
17378,undercurrent,241,3,1,2335,528,243,88,tnerrucrednu
17379,underestimate,241,3,2,2343,629,211,111,etamitserednu
17380,underexpose,241,3,3,2372,758,110,104,esopxerednu
17381,undergarment,241,3,4,2275,903,394,87,tnemragrednu
17382,undergo,241,3,5,2332,1025,181,83,ogrednu
17383,undergraduate,241,3,6,2275,1107,438,124,etaudargrednu
17384,underground,241,3,7,2289,1265,321,84,dnuorgrednu
17385,undergrowth,241,3,8,2285,1382,268,88,htworgrednu
17386,underhanded,241,3,9,2337,1483,242,105,dednahrednu
17387,underline,241,3,10,2252,1633,225,93,enilrednu
17388,undermine,241,3,11,2300,1775,224,89,enimrednu
17389,undermined,241,3,12,2324,1861,228,116,denimrednu
17390,underneath,241,3,13,2353,2000,117,92,htaenrednu
17391,underproduction,241,3,14,2365,2113,297,114,noitcudorprednu
17392,underrate,241,3,15,2312,2246,165,85,etarrednu
17393,underscore,241,3,16,2291,2368,177,80,erocsrednu
17394,undersell,241,3,17,2284,2488,182,91,llesrednu
17395,undersized,241,3,18,2286,2595,181,95,dezisrednu
17396,underslung,241,3,19,2248,2713,276,104,gnulsrednu
17397,understand,241,3,20,2309,2854,146,78,dnatsrednu
17398,misunderstand,241,3,21,2380,3027,224,93,dnatsrednusim
17399,misunderstood,241,3,22,2390,3143,196,78,dootsrednusim
17400,understudy,241,3,23,2217,3180,205,112,ydutsrednu
17401,undertake,241,3,24,2270,3323,163,77,ekatrednu
17402,undertaker,241,3,25,2297,3453,234,72,rekatrednu
17403,undertook,242,1,1,621,533,160,88,kootrednu
17404,undervalue,242,1,2,637,616,185,134,eulavrednu
17405,underwrite,242,1,3,649,790,133,79,etirwrednu
17406,underwriter,242,1,4,645,901,182,85,retirwrednu
17407,undeserved,242,1,5,608,1016,199,144,devresednu
17408,undesigned,242,1,6,610,1120,244,107,dengisednu
17409,undetermined,242,1,7,623,1326,281,39,denimretednu
17410,undeveloped,242,1,8,581,1385,342,115,depolevednu
17411,undigested,242,1,9,589,1501,162,166,detsegidnu
17412,undignified,242,1,10,615,1591,391,126,deifingidnu
17413,undimmed,242,1,11,597,1667,265,167,demmidnu
17414,undisciplined,242,1,12,600,1854,348,121,denilpicsidnu
17415,undisclosed,242,1,13,524,2000,433,80,desolcsidnu
17416,undisguised,242,1,14,559,2116,405,81,desiugsidnu
17417,undismayed,242,1,15,550,2211,373,110,deyamsidnu
17418,undisposed,242,1,16,575,2353,174,109,desopsidnu
17419,undisputed,242,1,17,609,2474,209,125,detupsidnu
17420,undistinguishable,242,1,18,707,2583,231,144,elbahsiugnitsidnu
17421,undisturbed,242,1,19,578,2712,257,137,debrutsidnu
17422,undivided,242,1,20,513,2846,348,114,dedividnu
17423,undo,242,1,21,595,2954,165,82,odnu
17424,undone,242,1,22,572,3054,221,108,enodnu
17425,undoubted,242,1,23,554,3172,249,115,detbuodnu
17426,undress,242,1,24,526,3309,238,98,sserdnu
17427,undulate,242,1,25,542,3438,144,77,etaludnu
17428,undulant,242,2,1,1365,489,392,118,tnaludnu
17429,unduly,242,2,2,1439,641,180,95,yludnu
17430,undutiful,242,2,3,1412,748,253,122,lufitudnu
17431,undying,242,2,4,1413,874,236,104,gniydnu
17432,unearned,242,2,5,1409,1087,216,39,denraenu
17433,unearth,242,2,6,1417,1168,225,60,htraenu
17434,unearthly,242,2,7,1412,1301,214,59,ylhtraenu
17435,uneasy,242,2,8,1443,1433,114,63,ysaenu
17436,uneasily,242,2,9,1444,1558,110,88,ylisaenu
17437,uneasiness,242,2,9,1444,1558,110,88,ssenisaenu
17438,unfrequented,242,2,10,1448,1676,167,73,detneuqerfnu
17439,uneatable,242,2,11,1397,1794,127,141,elbataenu
17440,uneaten,242,2,12,1488,1905,182,65,netaenu
17441,uneducated,242,2,13,1449,2002,223,87,detacudenu
17442,unembarrassed,242,2,14,1506,2182,270,145,dessarrabmenu
17443,unemployment,242,2,15,1443,2302,391,68,tnemyolpmenu
17444,unencumbered,242,2,16,1440,2418,340,128,derebmucnenu
17445,unending,242,2,17,1375,2510,188,63,gnidnenu
17446,unendorsed,242,2,18,1409,2619,245,72,desrodnenu
17447,unendurable,242,2,19,1433,2735,240,120,elbarudnenu
17448,unenforceable,242,2,20,1455,2907,137,199,elbaecrofnenu
17449,unenterprising,242,2,21,1612,2952,126,141,gnisirpretnenu
17450,unenvied,242,2,22,1417,3145,179,140,deivnenu
17451,unequaled,242,2,23,1468,3242,300,61,delauqenu
17452,unequivocal,242,2,24,1408,3384,159,129,lacoviuqenu
17453,unerring,242,2,25,1575,3513,168,27,gnirrenu
17454,unethical,242,3,1,2266,588,203,45,lacihtenu
17455,uneven,242,3,2,2223,699,163,136,nevenu
17456,uneventful,242,3,3,2275,817,165,152,luftnevenu
17457,unexaggerated,242,3,4,2441,955,130,182,detareggaxenu
17458,unexampled,242,3,5,2198,1076,215,105,delpmaxenu
17459,unexcelled,242,3,6,2254,1196,238,74,dellecxenu
17460,unexceptionable,242,3,7,2344,1331,125,226,elbanoitpecxenu
17461,unexpected,242,3,8,2218,1440,85,124,detcepxenu
17462,unexpired,242,3,9,2283,1562,88,127,deripxenu
17463,unexplored,242,3,10,2312,1685,272,124,derolpxenu
17464,unexpressed,242,3,11,2286,1809,150,119,desserpxenu
17465,unextinguished,242,3,12,2376,1925,215,69,dehsiugnitxenu
17466,unfaithful,242,3,13,2252,2066,128,113,lufhtiafnu
17467,unfamiliar,242,3,14,2207,2197,361,88,railimafnu
17468,unfashionable,242,3,15,2300,2298,140,208,elbanoihsafnu
17469,unfasten,242,3,16,2168,2420,101,100,netsafnu
17470,unfavorable,242,3,17,2245,2539,100,195,elbarovafnu
17471,unfeigned,242,3,18,2281,2664,179,97,dengiefnu
17472,unfinished,242,3,19,2240,2783,145,96,dehsinifnu
17473,unfold,242,3,20,2242,2901,236,90,dlofnu
17474,unforgettable,242,3,21,2256,3025,222,171,elbattegrofnu
17475,unforgivable,242,3,22,2199,3149,232,196,elbavigrofnu
17476,unfortified,242,3,23,2436,3280,164,97,deifitrofnu
17477,unfortunate,242,3,24,2276,3367,198,106,etanutrofnu
17478,unfrequented,242,3,25,2272,3519,196,104,detneuqerfnu
17479,unfriendly,243,1,1,689,597,101,91,yldneirfnu
17480,unfruitful,243,1,2,656,718,129,135,luftiurfnu
17481,unfulfilled,243,1,3,553,843,120,159,delliflufnu
17482,unfurnished,243,1,4,661,969,121,91,dehsinrufnu
17483,ungainly,243,1,5,607,1069,274,62,ylniagnu
17484,ungodly,243,1,6,589,1131,368,90,yldognu
17485,ungovernable,243,1,7,609,1308,213,147,elbanrevognu
17486,ungracious,243,1,8,690,1430,282,102,suoicargnu
17487,ungrateful,243,1,9,543,1550,337,74,lufetargnu
17488,unguent,243,1,10,629,1640,184,112,tneugnu
17489,unhampered,243,1,11,611,1787,287,105,derepmahnu
17490,unhandy,243,1,12,588,1893,189,67,ydnahnu
17491,unhappy,243,1,13,593,1993,147,142,yppahnu
17492,unhardened,243,1,14,582,2064,311,160,denedrahnu
17493,unharness,243,1,15,548,2246,212,77,ssenrahnu
17494,unhealthy,243,1,16,507,2375,295,69,yhtlaehnu
17495,unheard,243,1,17,621,2486,202,83,draehnu
17496,unhesitating,243,1,18,612,2611,156,100,gnitatisehnu
17497,unhinge,243,1,19,603,2745,148,152,egnihnu
17498,unholy,243,1,20,500,2870,264,74,ylohnu
17499,unhonored,243,1,21,586,3006,200,50,deronohnu
17500,unhook,243,1,22,584,3113,199,54,koohnu
17501,unhoped,243,1,23,639,3232,124,119,depohnu
17502,unicorn,243,1,24,517,3369,265,44,nrocinu
17503,unidentified,243,1,25,596,3389,336,155,deifitnedinu
17504,unidiomatic,243,2,1,1430,512,256,111,citamoidinu
17505,uniform,243,2,2,1449,710,184,72,mrofinu
17506,uniformity,243,2,3,1464,817,206,100,ytimrofinu
17507,unify,243,2,4,1495,955,98,89,yfinu
17508,unification,243,2,5,1507,1071,109,97,noitacifinu
17509,unimaginable,243,2,6,1467,1161,266,160,elbanigaminu
17510,unimaginative,243,2,7,1517,1293,260,149,evitanigaminu
17511,unimpaired,243,2,8,1353,1465,275,82,deriapminu
17512,unimpeachable,243,2,9,1551,1566,185,226,elbahcaepminu
17513,unimportant,243,2,10,1387,1681,171,75,tnatropminu
17514,unimpressionable,243,2,11,1580,1809,210,190,elbanoisserpminu
17515,unindorsed,243,2,12,1446,1887,220,67,desrodninu
17516,uninfluenced,243,2,13,1536,2056,115,79,decneulfninu
17517,uninformed,243,2,14,1506,2176,227,73,demrofninu
17518,uninhabitable,243,2,15,1425,2244,212,245,elbatibahninu
17519,uninhabited,243,2,16,1567,2376,307,139,detibahninu
17520,uninitiated,243,2,17,1439,2505,306,115,detaitininu
17521,uninjured,243,2,18,1463,2650,107,127,derujninu
17522,uninstructed,243,2,19,1615,2713,169,84,detcurtsninu
17523,unintelligent,243,2,20,1503,2796,131,128,tnegilletninu
17524,unintelligible,243,2,21,1506,2905,207,235,elbigilletninu
17525,unintentional,243,2,22,1537,3069,328,85,lanoitnetninu
17526,unintentionally,243,2,23,1548,3189,215,87,yllanoitnetninu
17527,uninterested,243,2,24,1520,3322,138,90,detseretninu
17528,uninterrupted,243,2,25,1531,3434,129,127,detpurretninu
17529,uninvited,243,3,1,2174,606,154,126,detivninu
17530,union,243,3,2,2275,714,110,36,noinu
17531,unionism,243,3,3,2235,830,207,43,msinoinu
17532,unionist,243,3,4,2254,948,176,57,tsinoinu
17533,unionize,243,3,5,2256,1047,155,66,ezinoinu
17534,unique,243,3,6,2222,1190,184,49,euqinu
17535,unison,243,3,7,2201,1311,173,42,nosinu
17536,unissued,243,3,8,2195,1409,196,80,deussinu
17537,unit,243,3,9,2216,1521,147,68,tinu
17538,Unitarian,243,3,10,2230,1638,255,96,nairatinU
17539,unitary,243,3,11,2194,1770,218,64,yratinu
17540,unite,243,3,12,2213,1899,125,53,etinu
17541,united,243,3,13,2184,2033,186,60,detinu
17542,unity,243,3,14,2228,2110,166,82,ytinu
17543,universe,243,3,15,2253,2275,123,123,esrevinu
17544,universality,243,3,16,2315,2397,229,135,ytilasrevinu
17545,universally,243,3,17,2251,2530,137,123,yllasrevinu
17546,university,243,3,18,2309,2634,124,150,ytisrevinu
17547,unjustifiable,243,3,19,2362,2770,152,276,elbaifitsujnu
17548,unkind,243,3,20,2164,2879,145,43,dniknu
17549,unkindliness,243,3,21,2409,2997,238,52,ssenildniknu
17550,unknightly,243,3,22,2312,3130,120,54,ylthginknu
17551,unknit,243,3,23,2292,3228,130,54,tinknu
17552,unknown,243,3,24,2276,3364,165,27,nwonknu
17553,unknowable,243,3,25,2328,3491,106,138,elbawonknu
17554,unknowing,244,1,1,712,610,121,42,gniwonknu
17555,unladylike,244,1,2,522,653,478,132,ekilydalnu
17556,unlaundered,244,1,3,586,813,374,78,derednualnu
17557,unlawful,244,1,4,574,986,209,71,lufwalnu
17558,unlearn,244,1,5,576,1100,242,38,nraelnu
17559,unleavened,244,1,6,560,1220,246,132,denevaelnu
17560,unless,244,1,7,554,1354,220,37,sselnu
17561,unlettered,244,1,8,562,1466,253,43,derettelnu
17562,unlicensed,244,1,9,583,1566,273,96,desnecilnu
17563,unlike,244,1,10,578,1696,251,48,ekilnu
17564,unlikely,244,1,11,573,1816,266,61,ylekilnu
17565,unlisted,244,1,12,563,1952,257,56,detsilnu
17566,unlovable,244,1,13,674,2080,223,184,elbavolnu
17567,unlucky,244,1,14,487,2198,279,27,ykculnu
17568,unmailable,244,1,15,615,2295,260,152,elbaliamnu
17569,unmake,244,1,16,494,2427,257,57,ekamnu
17570,unman,244,1,17,577,2564,262,41,namnu
17571,unmanageable,244,1,18,705,2679,268,215,elbaeganamnu
17572,unmannerly,244,1,19,569,2794,248,33,ylrennamnu
17573,unmarried,244,1,20,596,2871,374,73,deirramnu
17574,unmask,244,1,21,580,3021,251,63,ksamnu
17575,unmerited,244,1,22,584,3074,374,117,detiremnu
17576,unmindful,244,1,23,591,3274,251,76,lufdnimnu
17577,unmistakable,244,1,24,627,3409,231,120,elbakatsimnu
17578,unmistaken,244,1,25,631,3540,242,41,nekatsimnu
17579,unmitigated,244,2,1,1393,570,419,76,detagitimnu
17580,unmolested,244,2,2,1381,739,394,47,detselomnu
17581,unmounted,244,2,3,1358,748,450,137,detnuomnu
17582,unnamed,244,2,4,1461,977,178,66,demannu
17583,unnatural,244,2,5,1424,1084,353,73,larutannu
17584,unnecessary,244,2,6,1473,1219,121,58,yrassecennu
17585,unnerve,244,2,7,1452,1340,153,116,evrennu
17586,unnumbered,244,2,8,1474,1463,268,47,derebmunnu
17587,unobjectionable,244,2,9,1445,1590,153,241,elbanoitcejbonu
17588,unobservant,244,2,10,1604,1701,155,158,tnavresbonu
17589,unobtainable,244,2,11,1434,1838,146,203,elbaniatbonu
17590,unoccupied,244,2,12,1586,1951,207,102,deipucconu
17591,unopened,244,2,13,1474,2081,185,106,deneponu
17592,unorganized,244,2,14,1434,2189,290,57,dezinagronu
17593,unorthodox,244,2,15,1471,2254,289,99,xodohtronu
17594,unostentatious,244,2,16,1488,2340,289,145,suoitatnetsonu
17595,unpaid,244,2,17,1448,2550,172,84,diapnu
17596,unpalatable,244,2,18,1508,2662,228,161,elbatalapnu
17597,unparalleled,244,2,19,1416,2723,203,118,delellarapnu
17598,unpardonable,244,2,20,1575,2917,175,145,elbanodrapnu
17599,unparliamentary,244,2,21,1528,3047,306,98,yratnemailrapnu
17600,unpartisan,244,2,22,1488,3166,101,84,nasitrapnu
17601,unpleasant,244,2,23,1459,3286,187,85,tnasaelpnu
17602,unpolished,244,2,24,1436,3401,205,105,dehsilopnu
17603,unpopular,244,2,25,1470,3529,73,156,ralupopnu
17604,unprecedented,244,3,1,2369,615,245,94,detnedecerpnu
17605,unprejudiced,244,3,2,2431,737,85,179,decidujerpnu
17606,unpremeditated,244,3,3,2256,844,427,132,detatidemerpnu
17607,unprincipled,244,3,4,2396,987,184,88,delpicnirpnu
17608,unprofessional,244,3,5,2383,1101,185,151,lanoisseforpnu
17609,unprofitable,244,3,6,2287,1225,99,233,elbatiforpnu
17610,unprogressive,244,3,7,2431,1341,218,163,evissergorpnu
17611,unpromising,244,3,8,2265,1473,233,94,gnisimorpnu
17612,unpublished,244,3,9,2239,1592,123,182,dehsilbupnu
17613,unpunctual,244,3,10,2376,1716,120,92,lautcnupnu
17614,unqualified,244,3,11,2240,1815,150,106,deifilauqnu
17615,unquestionable,244,3,12,2344,1945,160,158,elbanoitseuqnu
17616,unquestioned,244,3,13,2425,2036,248,89,denoitseuqnu
17617,unquiet,244,3,14,2284,2162,183,71,teiuqnu
17618,unreasonable,244,3,15,2253,2316,162,144,elbanosaernu
17619,unrecognized,244,3,16,2274,2412,350,83,dezingocernu
17620,unredeemed,244,3,17,2286,2451,377,140,demeedernu
17621,unrelated,244,3,18,2245,2658,343,46,detalernu
17622,unrepentant,244,3,19,2281,2770,294,115,tnatnepernu
17623,unreproved,244,3,20,2208,2920,189,160,devorpernu
17624,unrequited,244,3,21,2404,3040,253,50,detiuqernu
17625,unresisting,244,3,22,2312,3159,150,65,gnitsisernu
17626,unrestrained,244,3,23,2319,3220,227,76,deniartsernu
17627,unrestricted,244,3,24,2312,3337,215,90,detcirtsernu
17628,unrivaled,244,3,25,2303,3492,174,155,delavirnu
17629,unruled,245,1,1,518,561,305,81,delurnu
17630,unruly,245,1,2,506,744,309,33,ylurnu
17631,unsafe,245,1,3,542,856,109,109,efasnu
17632,unsaid,245,1,4,563,955,183,97,diasnu
17633,unsalable,245,1,5,517,1105,219,153,elbalasnu
17634,unsanctified,245,1,6,569,1213,276,101,deifitcnasnu
17635,unsatisfactory,245,1,7,628,1357,124,78,yrotcafsitasnu
17636,unschooled,245,1,8,582,1457,292,70,deloohcsnu
17637,unscrupulous,245,1,9,587,1594,211,138,suolupurcsnu
17638,unseasonable,245,1,10,744,1728,88,166,elbanosaesnu
17639,unseemly,245,1,11,549,1850,187,49,ylmeesnu
17640,unseen,245,1,12,586,1963,125,52,neesnu
17641,unselfish,245,1,13,615,2030,81,88,hsiflesnu
17642,unserviceable,245,1,14,454,2205,198,255,elbaecivresnu
17643,unsettled,245,1,15,582,2290,298,102,delttesnu
17644,unship,245,1,16,583,2446,84,48,pihsnu
17645,unsightly,245,1,17,568,2566,131,69,ylthgisnu
17646,unsigned,245,1,18,562,2655,173,99,dengisnu
17647,unskilled,245,1,19,549,2802,272,55,delliksnu
17648,unskillful,245,1,20,555,2935,267,85,luflliksnu
17649,unsociable,245,1,21,480,3050,127,188,elbaicosnu
17650,unsoiled,245,1,22,577,3159,230,79,deliosnu
17651,unsoldierly,245,1,23,576,3290,203,161,ylreidlosnu
17652,unsolicited,245,1,24,551,3351,401,138,deticilosnu
17653,unsophisticated,245,1,25,660,3529,153,126,detacitsihposnu
17654,unsought,245,2,1,1440,604,129,66,thguosnu
17655,unsound,245,2,2,1440,706,152,82,dnuosnu
17656,unspeakable,245,2,3,1354,858,132,215,elbakaepsnu
17657,unspecified,245,2,4,1463,992,87,143,deificepsnu
17658,unspoiled,245,2,5,1364,1110,204,113,deliopsnu
17659,unspoken,245,2,6,1426,1231,174,89,nekopsnu
17660,unstained,245,2,7,1448,1292,220,114,deniatsnu
17661,unstamped,245,2,8,1361,1437,242,100,depmatsnu
17662,unsteadily,245,2,9,1416,1508,244,134,ylidaetsnu
17663,unstinted,245,2,10,1357,1616,359,145,detnitsnu
17664,unstrung,245,2,11,1389,1828,256,52,gnurtsnu
17665,unstudied,245,2,12,1382,1859,356,142,deidutsnu
17666,unsubstantial,245,2,13,1457,2072,171,79,laitnatsbusnu
17667,unsuccessful,245,2,14,1454,2206,152,98,lufsseccusnu
17668,unsuitable,245,2,15,1434,2329,89,148,elbatiusnu
17669,unsung,245,2,16,1298,2446,135,66,gnusnu
17670,unsuspected,245,2,17,1481,2505,145,85,detcepsusnu
17671,unswerving,245,2,18,1424,2689,131,165,gnivrewsnu
17672,unsymmetrical,245,2,19,1505,2796,347,63,lacirtemmysnu
17673,unsystematic,245,2,20,1470,2924,98,81,citametsysnu
17674,untainted,245,2,21,1476,2899,315,172,detniatnu
17675,untamed,245,2,22,1374,3048,276,148,dematnu
17676,untangle,245,2,23,1362,3232,318,72,elgnatnu
17677,untarnished,245,2,24,1392,3340,179,80,dehsinratnu
17678,unthinkable,245,2,25,1399,3497,111,153,elbaknihtnu
17679,untidy,245,3,1,2177,498,286,138,yditnu
17680,untidily,245,3,2,2188,607,293,152,yliditnu
17681,until,245,3,3,2219,792,126,73,litnu
17682,unto,245,3,4,2203,940,147,55,otnu
17683,untold,245,3,5,2211,1059,133,58,dlotnu
17684,untouched,245,3,6,2214,1195,105,87,dehcuotnu
17685,untoward,245,3,7,2216,1258,224,110,drawotnu
17686,untracked,245,3,8,2169,1398,329,88,dekcartnu
17687,untroubled,245,3,9,2253,1553,202,155,delbuortnu
17688,untrue,245,3,10,2097,1683,190,53,eurtnu
17689,untruthful,245,3,11,2238,1802,204,68,lufhturtnu
17690,unusable,245,3,12,2225,1934,104,162,elbasunu
17691,unused,245,3,13,2287,2057,155,51,desunu
17692,unusual,245,3,14,2264,2191,91,59,lausunu
17693,unutterable,245,3,15,2237,2266,199,161,elbarettunu
17694,unvarnished,245,3,16,2213,2441,105,142,dehsinravnu
17695,unversed,245,3,17,2272,2562,127,126,desrevnu
17696,unwarrantable,245,3,18,2307,2643,235,142,elbatnarrawnu
17697,unwarranted,245,3,19,2347,2729,298,119,detnarrawnu
17698,unwary,245,3,20,2260,2918,157,64,yrawnu
17699,unwashed,245,3,21,2267,3041,147,54,dehsawnu
17700,unwavering,245,3,22,2261,3148,130,165,gnirevawnu
17701,unwelcome,245,3,23,2181,3315,367,27,emoclewnu
17702,unwell,245,3,24,2235,3410,225,35,llewnu
17703,unwholesome,245,3,25,2228,3502,351,57,emoselohwnu
17704,unwieldy,246,1,1,622,572,288,67,ydleiwnu
17705,unwilling,246,1,2,638,720,237,35,gnilliwnu
17706,unwind,246,1,3,670,806,170,102,dniwnu
17707,unwound,246,1,4,670,917,196,113,dnuownu
17708,unwise,246,1,5,670,1074,99,89,esiwnu
17709,unwitting,246,1,6,665,1207,121,62,gnittiwnu
17710,unwonted,246,1,7,603,1248,275,115,detnownu
17711,unworldly,246,1,8,660,1455,97,54,yldlrownu
17712,unworthy,246,1,9,633,1552,164,47,yhtrownu
17713,unwrap,246,1,10,641,1690,188,93,parwnu
17714,unwreathe,246,1,11,645,1796,188,54,ehtaerwnu
17715,unwritten,246,1,12,639,1906,249,72,nettirwnu
17716,unyielding,246,1,13,627,2027,272,78,gnidleiynu
17717,up,246,1,14,691,2135,53,84,pu
17718,upbraid,246,1,15,623,2241,217,216,diarbpu
17719,upheaval,246,1,16,792,2382,202,214,lavaehpu
17720,upheld,246,1,17,567,2482,194,105,dlehpu
17721,uphill,246,1,18,687,2616,172,108,llihpu
17722,uphold,246,1,19,663,2738,226,95,dlohpu
17723,upkeep,246,1,20,676,2862,93,155,peekpu
17724,upland,246,1,21,622,2989,278,96,dnalpu
17725,uplift,246,1,22,645,3102,194,147,tfilpu
17726,upmost,246,1,23,636,3234,171,80,tsompu
17727,upon,246,1,24,683,3349,86,86,nopu
17728,upper,246,1,25,666,3459,86,88,reppu
17729,uppermost,246,2,1,1544,534,210,89,tsomreppu
17730,upright,246,2,2,1555,650,119,100,thgirpu
17731,uproar,246,2,3,1521,782,167,91,raorpu
17732,upset,246,2,4,1553,904,93,153,tespu
17733,upstairs,246,2,5,1573,1036,136,121,sriatspu
17734,upstart,246,2,6,1574,1142,152,125,tratspu
17735,up-to-date,246,2,7,1571,1228,194,134,etad-ot-pu
17736,uptown,246,2,8,1545,1391,115,103,nwotpu
17737,upward,246,2,9,1500,1514,143,102,drawpu
17738,upholster,246,2,10,1455,1634,255,113,retslohpu
17739,upholsterer,246,2,11,1507,1757,332,107,reretslohpu
17740,upholstery,246,2,12,1491,1885,243,105,yretslohpu
17741,uranium,246,2,13,1454,2043,336,51,muinaru
17742,urban,246,2,14,1526,2184,91,138,nabru
17743,interurban,246,2,15,1669,2259,102,165,nabruretni
17744,suburban,246,2,16,1517,2414,113,145,nabrubus
17745,urbane,246,2,17,1571,2535,150,165,enabru
17746,urbanity,246,2,18,1659,2668,145,131,ytinabru
17747,urge,246,2,19,1438,2711,99,117,egru
17748,urged,246,2,20,1450,2820,148,133,degru
17749,urgency,246,2,21,1452,2944,141,162,ycnegru
17750,urgent,246,2,22,1491,3097,128,93,tnegru
17751,urn,246,2,23,1461,3284,82,16,nru
17752,use,246,2,24,1460,3387,57,41,esu
17753,abuse,246,2,25,1441,3416,157,146,esuba
17754,disuse,246,3,1,2332,534,144,80,esusid
17755,misuse,246,3,2,2337,724,168,64,esusim
17756,unused,246,3,3,2367,835,121,60,desunu
17757,usable,246,3,4,2316,955,79,136,elbasu
17758,usage,246,3,5,2383,1085,79,133,egasu
17759,useful,246,3,6,2276,1196,84,92,lufesu
17760,usefulness,246,3,7,2313,1322,108,118,ssenlufesu
17761,useless,246,3,8,2270,1454,224,46,sselesu
17762,usher,246,3,9,2327,1540,36,66,rehsu
17763,usual,246,3,10,2323,1675,40,55,lausu
17764,unusual,246,3,11,2306,1817,92,49,lausunu
17765,usually,246,3,12,2323,1911,57,68,yllausu
17766,usury,246,3,13,2290,2030,123,75,yrusu
17767,usufruct,246,3,14,2359,2092,175,145,tcurfusu
17768,usurer,246,3,15,2300,2278,190,71,rerusu
17769,usurious,246,3,16,2293,2405,128,95,suoirusu
17770,usurious,246,3,17,2313,2534,110,139,suoirusu
17771,usurpation,246,3,18,2374,2677,125,147,noitaprusu
17772,usurper,246,3,19,2242,2772,130,120,reprusu
17773,utensil,246,3,20,2318,2861,305,89,lisnetu
17774,utilize,246,3,21,2311,2983,276,79,ezilitu
17775,unutilized,246,3,22,2305,3087,407,108,dezilitunu
17776,utilitarian,246,3,23,2344,3210,297,98,nairatilitu
17777,utilitarianism,246,3,24,2353,3352,372,84,msinairatilitu
17778,utility,246,3,25,2301,3484,267,62,ytilitu
17779,utilizable,247,1,1,648,506,274,183,elbazilitu
17780,utmost,247,1,2,547,677,211,58,tsomtu
17781,utter,247,1,3,609,774,77,69,rettu
17782,unutterable,247,2,1,1480,541,193,154,elbarettunu
17783,utterance,247,2,2,1406,662,123,63,ecnarettu
17784,uttered,247,2,3,1429,715,201,134,derettu
17785,utterly,247,3,1,2315,535,99,71,ylrettu
17786,uttermost,247,3,2,2247,671,221,60,tsomrettu
17787,utters,247,3,3,2293,766,121,91,srettu
17788,vacate,248,1,2,594,649,167,138,etacav
17789,vacancy,248,1,3,637,749,182,166,ycnacav
17790,vacant,248,1,4,565,899,224,134,tnacav
17791,vacation,248,1,5,655,993,146,168,noitacav
17792,vacationist,248,1,6,722,1112,158,205,tsinoitacav
17793,vaccinate,248,1,7,644,1253,220,170,etaniccav
17794,vaccination,248,1,8,780,1360,180,163,noitaniccav
17795,vacillate,248,1,9,619,1483,204,162,etallicav
17796,vacillation,248,1,10,752,1605,191,166,noitallicav
17797,vacuum,248,1,11,569,1733,303,148,muucav
17798,vacuity,248,1,12,649,1852,218,135,ytiucav
17799,vacuous,248,1,13,672,1954,190,153,suoucav
17800,vagabond,248,1,14,740,2081,229,213,dnobagav
17801,vagary,248,1,15,590,2221,317,145,yragav
17802,vagrant,248,1,16,613,2331,350,143,tnargav
17803,vagrancy,248,1,17,654,2460,303,129,ycnargav
17804,vague,248,1,18,624,2594,207,136,eugav
17805,vain,248,1,19,639,2689,147,135,niav
17806,vainglory,248,1,20,646,2817,390,131,yrolgniav
17807,vainness,248,1,21,640,2936,223,124,ssenniav
17808,vanity,248,1,22,618,3051,146,128,ytinav
17809,valance,248,1,23,606,3171,293,117,ecnalav
17810,valedictory,248,1,24,580,3296,466,118,yrotcidelav
17811,valedictorian,248,1,25,701,3410,527,119,nairotcidelav
17812,valence,248,2,1,1396,517,264,114,ecnelav
17813,valentine,248,2,2,1410,631,361,126,enitnelav
17814,valerian,248,2,3,1371,764,342,117,nairelav
17815,valet,248,2,4,1386,889,282,116,telav
17816,valiant,248,2,5,1361,1011,308,118,tnailav
17817,valid,248,2,6,1366,1132,339,118,dilav
17818,invalid,248,2,7,1366,1332,309,118,dilavni
17819,validate,248,2,8,1570,1365,358,116,etadilav
17820,validation,248,2,9,1458,1497,316,110,noitadilav
17821,validity,248,2,10,1418,1610,363,111,ytidilav
17822,validly,248,2,11,1381,1734,355,109,yldilav
17823,valise,248,2,12,1389,1852,242,127,esilav
17824,valley,248,2,13,1380,1972,223,123,yellav
17825,valor,248,2,14,1379,2111,278,103,rolav
17826,valorous,248,2,15,1411,2224,305,132,suorolav
17827,value,248,2,16,1474,2333,144,119,eulav
17828,evaluate,248,2,17,1571,2444,213,131,etaulave
17829,invaluable,248,2,18,1520,2662,151,207,elbaulavni
17830,revaluation,248,2,19,1706,2769,129,136,noitaulaver
17831,valuable,248,2,20,1437,2795,160,243,elbaulav
17832,valuation,248,2,21,1623,2929,145,132,noitaulav
17833,valueless,248,2,22,1513,3055,301,110,sseleulav
17834,valve,248,2,23,1402,3186,192,175,evlav
17835,valvular,248,2,24,1527,3291,306,198,raluvlav
17836,vampire,248,2,25,1358,3427,201,160,eripmav
17837,vanadium,248,3,1,2290,502,304,141,muidanav
17838,vanguard,248,3,2,2232,637,398,134,draugnav
17839,vanilla,248,3,3,2224,759,299,120,allinav
17840,vanish,248,3,4,2209,880,153,129,hsinav
17841,vanity,248,3,5,2278,986,139,138,ytinav
17842,vanquish,248,3,6,2248,1127,168,131,hsiuqnav
17843,vantage,248,3,7,2337,1238,128,187,egatnav
17844,vapid,248,3,8,2174,1346,130,203,dipav
17845,vapor,248,3,9,2327,1468,116,177,ropav
17846,evaporate,248,3,10,2375,1597,120,193,etaropave
17847,vaporization,248,3,11,2477,1695,127,252,noitaziropav
17848,vaporize,248,3,12,2309,1835,123,211,eziropav
17849,vaporous,248,3,13,2424,1958,126,216,suoropav
17850,varnish,248,3,14,2256,2073,100,140,hsinrav
17851,vary,248,3,15,2248,2208,173,130,yrav
17852,invariable,248,3,16,2251,2418,160,206,elbairavni
17853,variability,248,3,17,2406,2435,155,243,ytilibairav
17854,variable,248,3,18,2259,2578,154,207,elbairav
17855,variance,248,3,19,2350,2693,207,128,ecnairav
17856,variant,248,3,20,2240,2825,240,109,tnairav
17857,variation,248,3,21,2286,2937,178,133,noitairav
17858,variegate,248,3,22,2283,3060,314,117,etageirav
17859,variety,248,3,23,2383,3157,105,140,yteirav
17860,various,248,3,24,2302,3303,156,117,suoirav
17861,vassal,248,3,25,2252,3425,192,156,lassav
17862,vassalage,249,1,1,645,461,170,248,egalassav
17863,vast,249,1,2,479,600,126,128,tsav
17864,vaudeville,249,1,3,579,708,143,156,elliveduav
17865,vault,249,1,4,491,845,232,123,tluav
17866,vaulted,249,1,5,507,961,401,137,detluav
17867,vaunt,249,1,6,631,1081,135,118,tnuav
17868,vaunted,249,1,7,600,1208,269,117,detnuav
17869,vedette,249,1,8,530,1334,252,132,ettedev
17870,vegetable,249,1,9,559,1456,148,206,elbategev
17871,vegetarian,249,1,10,657,1574,182,217,nairategev
17872,vegetarianism,249,1,11,740,1691,327,205,msinairategev
17873,vegetate,249,1,12,575,1816,137,186,etategev
17874,vegetation,249,1,13,615,1940,151,195,noitategev
17875,vegetative,249,1,14,759,2065,145,274,evitategev
17876,vehement,249,1,15,453,2185,302,116,tnemehev
17877,vehemence,249,1,16,599,2315,253,117,ecnemehev
17878,vehicle,249,1,17,582,2426,124,132,elcihev
17879,vehicular,249,1,18,621,2554,312,136,ralucihev
17880,velocipede,249,1,19,551,2681,286,193,edepicolev
17881,velocity,249,1,20,527,2802,207,128,yticolev
17882,velvet,249,1,21,527,2913,191,174,tevlev
17883,venal,249,1,22,462,3038,284,124,lanev
17884,venality,249,1,23,502,3167,286,137,ytilanev
17885,vend,249,1,24,461,3298,126,110,dnev
17886,vender,249,1,25,512,3401,216,114,rednev
17887,vendible,249,2,1,1413,464,133,201,elbidnev
17888,veneer,249,2,2,1500,581,137,125,reenev
17889,venerate,249,2,3,1382,729,218,119,etarenev
17890,venerable,249,2,4,1391,853,217,224,elbarenev
17891,veneration,249,2,5,1567,968,213,147,noitarenev
17892,vengeance,249,2,6,1399,1089,119,212,ecnaegnev
17893,vengeful,249,2,7,1439,1200,186,251,lufegnev
17894,venial,249,2,8,1161,1340,257,105,lainev
17895,venison,249,2,9,1313,1459,150,124,nosinev
17896,venom,249,2,10,1343,1585,242,111,monev
17897,venomous,249,2,11,1375,1696,264,147,suomonev
17898,ventilate,249,2,12,1406,1828,266,106,etalitnev
17899,unventilated,249,2,13,1397,2023,291,98,detalitnevnu
17900,ventilation,249,2,14,1493,2102,260,96,noitalitnev
17901,ventilator,249,2,15,1364,2192,366,109,rotalitnev
17902,ventricle,249,2,16,1405,2292,234,131,elcirtnev
17903,ventriloquism,249,2,17,1463,2427,355,111,msiuqolirtnev
17904,venture,249,2,18,1453,2549,194,109,erutnev
17905,venturesome,249,2,19,1484,2661,312,116,emoserutnev
17906,venturous,249,2,20,1432,2794,239,118,suorutnev
17907,venue,249,2,21,1415,2905,126,133,eunev
17908,veracity,249,2,22,1423,3039,135,139,yticarev
17909,veracious,249,2,23,1487,3150,161,123,suoicarev
17910,veranda,249,2,24,1381,3290,259,102,adnarev
17911,verb,249,2,25,1412,3405,132,193,brev
17912,verbal,249,3,1,2168,483,193,209,labrev
17913,verbally,249,3,2,2380,592,126,231,yllabrev
17914,verbatim,249,3,3,2197,720,207,205,mitabrev
17915,verbiage,249,3,4,2364,827,145,303,egaibrev
17916,verbose,249,3,5,2198,956,128,234,esobrev
17917,verbosity,249,3,6,2382,1080,133,223,ytisobrev
17918,verbena,249,3,7,2169,1206,133,225,anebrev
17919,verdict,249,3,8,2328,1313,172,139,tcidrev
17920,verdigris,249,3,9,2153,1440,370,140,sirgidrev
17921,verdure,249,3,10,2208,1558,207,130,erudrev
17922,verdant,249,3,11,2213,1679,220,131,tnadrev
17923,verge,249,3,12,2134,1818,133,202,egrev
17924,verify,249,3,13,2244,1929,135,152,yfirev
17925,verification,249,3,14,2298,2059,141,183,noitacifirev
17926,verily,249,3,15,2190,2191,151,112,ylirev
17927,verisimilitude,249,3,16,2225,2304,425,136,edutilimisirev
17928,veritable,249,3,17,2282,2429,99,195,elbatirev
17929,veracious,249,3,18,2332,2533,160,136,suoicarev
17930,verity,249,3,19,2235,2670,133,126,ytirev
17931,vermilion,249,3,20,2129,2797,360,116,noilimrev
17932,vermin,249,3,21,2199,2909,267,127,nimrev
17933,vermicide,249,3,22,2256,3033,157,139,edicimrev
17934,vermiform,249,3,23,2242,3155,269,134,mrofimrev
17935,vermifuge,249,3,24,2239,3278,165,256,egufimrev
17936,verminous,249,3,25,2390,3384,257,141,suonimrev
17937,vermuth,250,1,1,578,459,211,128,htumrev
17938,vernacular,250,1,2,572,579,181,145,ralucanrev
17939,vernal,250,1,3,520,719,233,125,lanrev
17940,vernier,250,1,4,597,849,93,113,reinrev
17941,versatility,250,1,5,620,960,227,140,ytilitasrev
17942,versatile,250,1,6,568,1084,222,138,elitasrev
17943,verse,250,1,7,691,1202,129,146,esrev
17944,versification,250,1,8,693,1309,138,190,noitacifisrev
17945,versify,250,1,9,646,1448,188,183,yfisrev
17946,version,250,1,10,682,1569,120,133,noisrev
17947,verso,250,1,11,555,1674,111,141,osrev
17948,versus,250,1,12,599,1781,127,158,susrev
17949,vertebra,250,1,13,608,1910,106,216,arbetrev
17950,vertebrae,250,1,14,710,2035,90,213,earbetrev
17951,vertebrate,250,1,15,784,2156,98,217,etarbetrev
17952,vertex,250,1,16,578,2270,113,122,xetrev
17953,vertical,250,1,17,600,2388,166,141,lacitrev
17954,vertigo,250,1,18,587,2529,255,126,ogitrev
17955,very,250,1,19,628,2648,116,130,yrev
17956,veriest,250,1,20,602,2768,126,149,tseirev
17957,vesicle,250,1,21,622,2889,128,142,elcisev
17958,vesper,250,1,22,677,3004,139,203,repsev
17959,vessel,250,1,23,531,3136,184,151,lessev
17960,vest,250,1,24,659,3250,130,134,tsev
17961,vestibule,250,1,25,646,3367,153,225,elubitsev
17962,vestige,250,2,1,1384,459,143,246,egitsev
17963,vestigial,250,2,2,1441,574,184,234,laigitsev
17964,vestment,250,2,3,1603,706,190,141,tnemtsev
17965,vestry,250,2,4,1385,829,152,134,yrtsev
17966,Vesuvian,250,2,5,1366,952,220,223,naivuseV
17967,veteran,250,2,6,1531,1061,235,138,naretev
17968,veterinary,250,2,7,1357,1199,340,136,yraniretev
17969,veto,250,2,8,1338,1320,145,137,otev
17970,vex,250,2,9,1405,1430,120,146,xev
17971,vexation,250,2,10,1460,1551,111,188,noitaxev
17972,vexatious,250,2,11,1510,1664,103,223,suoitaxev
17973,viaduct,250,2,12,1550,1795,294,147,tcudaiv
17974,vial,250,2,13,1331,1909,194,132,laiv
17975,viand,250,2,14,1431,2038,176,134,dnaiv
17976,vibrate,250,2,15,1369,2162,157,226,etarbiv
17977,vibrancy,250,2,16,1448,2270,153,232,ycnarbiv
17978,vibrant,250,2,17,1588,2386,157,211,tnarbiv
17979,vibration,250,2,18,1444,2518,129,248,noitarbiv
17980,vibrational,250,2,19,1548,2634,226,254,lanoitarbiv
17981,vibrator,250,2,20,1389,2758,176,252,rotarbiv
17982,vibratory,250,2,21,1589,2885,157,243,yrotarbiv
17983,vicar,250,2,22,1356,3013,198,120,raciv
17984,vicarage,250,2,23,1411,3135,167,196,egaraciv
17985,vicarious,250,2,24,1521,3242,254,140,suoiraciv
17986,viceroy,250,2,25,1365,3360,140,163,yoreciv
17987,viceregal,250,3,1,2265,453,251,166,lagereciv
17988,vicinity,250,3,2,2325,597,132,124,ytiniciv
17989,vicious,250,3,3,2340,705,145,171,suoiciv
17990,vicissitudes,250,3,4,2372,813,119,161,sedutissiciv
17991,victim,250,3,5,2243,953,288,126,mitciv
17992,victimize,250,3,6,2260,1067,309,139,ezimitciv
17993,victor,250,3,7,2300,1177,158,143,rotciv
17994,victorious,250,3,8,2286,1314,253,122,suoirotciv
17995,victory,250,3,9,2234,1427,242,148,yrotciv
17996,victual,250,3,10,2226,1563,294,131,lautciv
17997,viewed,250,3,11,2250,1671,214,139,deweiv
17998,interview,250,3,12,2293,1783,133,149,weivretni
17999,purview,250,3,13,2194,1957,122,172,weivrup
18000,review,250,3,14,2203,2123,128,129,weiver
18001,vigil,250,3,15,2325,2164,185,238,ligiv
18002,vigilance,250,3,16,2171,2279,225,228,ecnaligiv
18003,vigilant,250,3,17,2368,2394,248,237,tnaligiv
18004,vigor,250,3,18,2081,2538,239,127,rogiv
18005,vigorous,250,3,19,2266,2637,256,158,suorogiv
18006,vile,250,3,20,2210,2770,216,126,eliv
18007,vilification,250,3,21,2318,2881,192,175,noitacifiliv
18008,vilify,250,3,22,2201,3003,198,167,yfiliv
18009,village,250,3,23,2156,3129,185,177,egalliv
18010,villager,250,3,24,2301,3238,178,220,regalliv
18011,villain,250,3,25,2089,3380,250,109,nialliv
18012,villainous,251,1,1,580,475,229,141,suonialliv
18013,villainy,251,1,2,565,596,241,123,ynialliv
18014,vindicate,251,1,3,577,732,220,108,etacidniv
18015,vindicable,251,1,4,609,830,185,173,elbacidniv
18016,vindication,251,1,5,584,965,202,122,noitacidniv
18017,vindicatory,251,1,6,579,1080,256,117,yrotacidniv
18018,vindictive,251,1,7,558,1218,213,170,evitcidniv
18019,vinegar,251,1,8,479,1354,322,113,rageniv
18020,vinaigrette,251,1,9,554,1457,347,138,ettergianiv
18021,vineyard,251,1,10,580,1591,237,132,drayeniv
18022,vintage,251,1,11,625,1702,123,149,egatniv
18023,viol,251,1,12,486,1814,230,132,loiv
18024,violate,251,1,13,510,1953,221,116,etaloiv
18025,inviolable,251,1,14,474,2152,203,216,elbaloivni
18026,violation,251,1,15,688,2195,239,139,noitaloiv
18027,violative,251,1,16,618,2306,236,236,evitaloiv
18028,violator,251,1,17,478,2435,254,156,rotaloiv
18029,violence,251,1,18,642,2542,265,130,ecneloiv
18030,violent,251,1,19,509,2672,277,124,tneloiv
18031,violet,251,1,20,585,2806,213,130,teloiv
18032,ultra-violet,251,1,21,575,2977,212,146,teloiv-artlu
18033,violin,251,1,22,398,3029,248,134,niloiv
18034,violinist,251,1,23,572,3140,277,137,tsiniloiv
18035,violoncello,251,1,24,531,3279,364,176,ollecnoloiv
18036,viper,251,1,25,423,3403,137,196,repiv
18037,virago,251,2,1,1295,472,296,142,ogariv
18038,virgin,251,2,2,1350,601,155,193,nigriv
18039,virginal,251,2,3,1387,717,223,220,lanigriv
18040,virginity,251,2,4,1591,835,154,221,ytinigriv
18041,virility,251,2,5,1298,963,289,139,ytiliriv
18042,virile,251,2,6,1256,1093,276,115,eliriv
18043,virtue,251,2,7,1308,1216,92,134,eutriv
18044,virtual,251,2,8,1346,1322,252,135,lautriv
18045,virtually,251,2,9,1373,1441,246,130,yllautriv
18046,virtuous,251,2,10,1382,1569,106,129,suoutriv
18047,virtuoso,251,2,11,1413,1688,111,138,osoutriv
18048,virtuosity,251,2,12,1471,1800,92,149,ytisoutriv
18049,virus,251,2,13,1296,1933,163,157,suriv
18050,virulence,251,2,14,1367,2057,293,128,ecneluriv
18051,virulent,251,2,15,1330,2185,334,121,tneluriv
18052,visa,251,2,16,1253,2310,160,157,asiv
18053,visage,251,2,17,1268,2422,182,248,egasiv
18054,viscera,251,2,18,1337,2549,128,148,arecsiv
18055,viscid,251,2,19,1347,2670,192,170,dicsiv
18056,viscidity,251,2,20,1362,2785,250,164,ytidicsiv
18057,viscosity,251,2,21,1407,2904,132,169,ytisocsiv
18058,viscous,251,2,22,1438,3020,142,166,suocsiv
18059,viscount,251,2,23,1269,3144,211,138,tnuocsiv
18060,vise,251,2,24,1313,3274,137,145,esiv
18061,vision,251,2,25,1336,3376,120,144,noisiv
18062,invisible,251,3,1,2094,573,166,226,elbisivni
18063,visibility,251,3,2,2194,606,142,221,ytilibisiv
18064,visible,251,3,3,2231,720,154,251,elbisiv
18065,visionary,251,3,4,2345,844,119,145,yranoisiv
18066,visual,251,3,5,2178,957,193,159,lausiv
18067,visualization,251,3,6,2339,1088,212,197,noitazilausiv
18068,visualize,251,3,7,2153,1206,221,195,ezilausiv
18069,visually,251,3,8,2349,1335,191,176,yllausiv
18070,visit,251,3,9,2117,1438,143,182,tisiv
18071,revisited,251,3,10,2123,1666,252,149,detisiver
18072,visitation,251,3,11,2293,1697,136,165,noitatisiv
18073,visitor,251,3,12,2108,1811,149,176,rotisiv
18074,visor,251,3,13,2167,1936,128,152,rosiv
18075,vista,251,3,14,2193,2054,131,143,atsiv
18076,vital,251,3,15,2122,2199,281,129,lativ
18077,devitalize,251,3,16,2180,2309,343,132,ezilatived
18078,vitality,251,3,17,2192,2412,324,141,ytilativ
18079,vitalization,251,3,18,2173,2523,290,157,noitazilativ
18080,vitalize,251,3,19,2160,2654,309,144,ezilativ
18081,vitally,251,3,20,2195,2780,186,133,yllativ
18082,vitamin,251,3,21,2050,2905,378,135,nimativ
18083,vitiate,251,3,22,2100,3017,157,200,etaitiv
18084,vitiated,251,3,23,2132,3148,250,184,detaitiv
18085,vitiation,251,3,24,2194,3245,153,203,noitaitiv
18086,vitrify,251,3,25,2211,3375,200,138,yfirtiv
18087,vitreous,252,1,1,658,490,188,129,suoertiv
18088,vitrification,252,1,2,722,612,206,150,noitacifirtiv
18089,vitriol,252,1,3,539,736,329,132,loirtiv
18090,vitriolic,252,1,4,566,856,377,136,ciloirtiv
18091,vituperate,252,1,5,642,973,139,156,etareputiv
18092,vituperation,252,1,6,728,1096,135,200,noitareputiv
18093,vituperative,252,1,7,782,1215,151,249,evitareputiv
18094,vivacity,252,1,8,553,1344,195,238,yticaviv
18095,vivacious,252,1,9,573,1455,202,248,suoicaviv
18096,vivid,252,1,10,606,1582,182,214,diviv
18097,vivify,252,1,11,605,1708,226,266,yfiviv
18098,revivify,252,1,12,555,1929,223,242,yfiviver
18099,vivification,252,1,13,708,1966,177,203,noitacifiviv
18100,vivisect,252,1,14,646,2092,222,225,tcesiviv
18101,vivisection,252,1,15,704,2204,209,235,noitcesiviv
18102,vivisectionist,252,1,16,750,2330,214,295,tsinoitcesiviv
18103,vivisector,252,1,17,790,2459,231,236,rotcesiviv
18104,vixen,252,1,18,546,2569,123,156,nexiv
18105,vizier,252,1,19,596,2691,163,147,reiziv
18106,vocabulary,252,1,20,707,2798,133,220,yralubacov
18107,vocal,252,1,21,575,2937,243,126,lacov
18108,vocalism,252,1,22,541,3040,336,138,msilacov
18109,vocalist,252,1,23,614,3177,245,139,tsilacov
18110,vocalization,252,1,24,771,3288,262,182,noitazilacov
18111,vocalize,252,1,25,637,3422,252,152,ezilacov
18112,vocally,252,2,1,1485,489,127,128,yllacov
18113,vocation,252,2,2,1471,619,111,170,noitacov
18114,non-vocational,252,2,3,1546,832,266,187,lanoitacov-non
18115,vocational,252,2,4,1403,866,245,179,lanoitacov
18116,vocationally,252,2,5,1747,983,117,201,yllanoitacov
18117,vociferous,252,2,6,1391,1098,166,208,suoreficov
18118,voice,252,2,7,1475,1213,100,150,eciov
18119,voided,252,2,8,1479,1344,103,152,dediov
18120,voiceless,252,2,9,1519,1463,194,172,sseleciov
18121,void,252,2,10,1345,1588,148,129,diov
18122,devoid,252,2,11,1389,1739,128,112,dioved
18123,voidable,252,2,12,1479,1824,165,193,elbadiov
18124,voided,252,2,13,1326,1950,225,141,dediov
18125,volatility,252,2,14,1453,2076,381,131,ytilitalov
18126,volatile,252,2,15,1380,2206,400,132,elitalov
18127,volatilization,252,2,16,1485,2331,396,145,noitazilitalov
18128,volatilize,252,2,17,1462,2467,353,118,ezilitalov
18129,volcano,252,2,18,1368,2570,310,128,onaclov
18130,volcanic,252,2,19,1459,2682,347,148,cinaclov
18131,volition,252,2,20,1355,2803,188,158,noitilov
18132,volitional,252,2,21,1479,2928,280,167,lanoitilov
18133,volt,252,2,22,1308,3040,219,140,tlov
18134,voltage,252,2,23,1447,3163,208,200,egatlov
18135,voltaic,252,2,24,1443,3320,310,121,ciatlov
18136,voltammeter,252,2,25,1506,3441,374,117,retemmatlov
18137,voltmeter,252,3,1,2259,487,367,144,retemtlov
18138,volubility,252,3,2,2363,628,165,235,ytilibulov
18139,voluble,252,3,3,2212,744,162,215,elbulov
18140,volume,252,3,4,2341,872,282,133,emulov
18141,volumetric,252,3,5,2261,1007,414,111,cirtemulov
18142,voluminous,252,3,6,2302,1117,369,138,suonimulov
18143,volunteer,252,3,7,2297,1248,315,130,reetnulov
18144,involuntary,252,3,8,2344,1449,339,113,yratnulovni
18145,voluntarily,252,3,9,2235,1501,359,132,yliratnulov
18146,voluntary,252,3,10,2367,1626,325,119,yratnulov
18147,voluptuary,252,3,11,2270,1719,257,179,yrautpulov
18148,voluptuous,252,3,12,2487,1826,183,186,suoutpulov
18149,volute,252,3,13,2270,1950,222,125,etulov
18150,vomit,252,3,14,2217,2086,216,122,timov
18151,voracity,252,3,15,2251,2197,109,158,yticarov
18152,voracious,252,3,16,2328,2320,135,137,suoicarov
18153,vortex,252,3,17,2207,2437,123,128,xetrov
18154,vote,252,3,18,2260,2559,99,119,etov
18155,voted,252,3,19,2223,2685,243,111,detov
18156,voter,252,3,20,2212,2807,92,117,retov
18157,votive,252,3,21,2229,2909,148,148,evitov
18158,vouch,252,3,22,2295,3043,119,169,hcuov
18159,vouched,252,3,23,2316,3172,118,182,dehcuov
18160,voucher,252,3,24,2363,3281,127,201,rehcuov
18161,vouchsafe,252,3,25,2374,3394,184,289,efashcuov
18162,vowel,253,1,1,522,477,234,142,lewov
18163,voyage,253,1,2,616,601,156,220,egayov
18164,vulcanize,253,1,3,667,724,324,159,ezinacluv
18165,vulcanization,253,1,4,677,864,311,197,noitazinacluv
18166,vulgar,253,1,5,570,985,199,133,ragluv
18167,vulgarian,253,2,1,1444,501,271,150,nairagluv
18168,vulgarism,253,2,2,1380,614,307,141,msiragluv
18169,vulgarization,253,2,3,1625,724,218,187,noitaziragluv
18170,vulgarize,253,2,4,1447,851,213,156,eziragluv
18171,vulgarly,253,2,5,1381,989,188,136,ylragluv
18172,Vulgate,253,3,1,2280,494,287,180,etagluV
18173,vulnerable,253,3,2,2206,618,290,248,elbarenluv
18174,invulnerable,253,3,3,2420,835,294,228,elbarenluvni
18175,vulnerability,253,3,4,2286,880,312,242,ytilibarenluv
18176,vulture,253,3,5,2086,983,315,139,erutluv
18177,wabble,254,1,2,567,588,94,142,elbbaw
18178,waddle,254,1,3,498,738,333,100,elddaw
18179,wafer,254,1,4,503,857,115,116,refaw
18180,waffle,254,1,5,519,984,193,111,elffaw
18181,waft,254,1,6,501,1104,101,115,tfaw
18182,wage,254,1,7,497,1215,100,140,egaw
18183,wager,254,1,8,527,1312,106,152,regaw
18184,Wagnerian,254,1,9,529,1467,376,161,nairengaW
18185,wagon,254,1,10,508,1659,255,69,nogaw
18186,waist,254,1,11,567,1734,82,89,tsiaw
18187,wakeful,254,1,12,496,1900,127,99,lufekaw
18188,walk,254,1,13,533,2030,110,37,klaw
18189,walker,254,1,14,513,2147,192,45,reklaw
18190,walkout,254,1,15,532,2270,167,56,tuoklaw
18191,walnut,254,1,16,463,2374,340,62,tunlaw
18192,walrus,254,1,17,448,2515,311,71,surlaw
18193,waltz,254,1,18,460,2619,262,61,ztlaw
18194,wampum,254,1,19,470,2760,278,83,mupmaw
18195,wander,254,1,20,533,2847,246,76,rednaw
18196,want,254,1,21,564,2958,133,79,tnaw
18197,unwanted,254,1,22,540,3054,319,111,detnawnu
18198,war,254,1,23,549,3250,63,32,raw
18199,warfare,254,1,24,481,3361,161,101,erafraw
18200,warlike,254,1,25,516,3481,247,56,ekilraw
18201,warpath,254,2,1,1351,564,120,140,htapraw
18202,warrior,254,2,2,1474,685,155,65,roirraw
18203,warship,254,2,3,1446,813,58,70,pihsraw
18204,ward,254,2,4,1405,876,158,96,draw
18205,warden,254,2,5,1378,1015,160,76,nedraw
18206,wardrobe,254,2,6,1349,1120,255,141,ebordraw
18207,warehouse,254,2,7,1406,1282,163,64,esuoheraw
18208,warm,254,2,8,1382,1422,192,36,mraw
18209,warmed,254,2,9,1407,1468,216,109,demraw
18210,warmth,254,2,10,1379,1648,225,54,htmraw
18211,warn,254,2,11,1434,1781,118,37,nraw
18212,warned,254,2,12,1425,1853,148,84,denraw
18213,warp,254,2,13,1437,1969,60,99,praw
18214,warrant,254,2,14,1440,2086,161,96,tnarraw
18215,unwarrantable,254,2,15,1513,2230,216,130,elbatnarrawnu
18216,warranted,254,2,16,1556,2292,284,143,detnarraw
18217,warrantor,254,2,17,1450,2462,269,88,rotnarraw
18218,warranty,254,2,18,1424,2591,175,86,ytnarraw
18219,warren,254,2,19,1392,2763,215,37,nerraw
18220,war,254,2,20,1389,2872,175,56,raw
18221,unwary,254,2,21,1407,3004,163,65,yrawnu
18222,was,254,2,22,1441,3115,34,48,saw
18223,wash,254,2,23,1409,3221,56,57,hsaw
18224,unwashed,254,2,24,1412,3368,120,68,dehsawnu
18225,washable,254,2,25,1370,3477,112,169,elbahsaw
18226,washer,254,3,1,2327,541,45,82,rehsaw
18227,washout,254,3,2,2298,674,83,100,tuohsaw
18228,washstand,254,3,3,2248,785,132,107,dnatshsaw
18229,wasp,254,3,4,2308,877,72,127,psaw
18230,wassail,254,3,5,2213,1027,192,78,liassaw
18231,waste,254,3,6,2228,1146,109,78,etsaw
18232,wastage,254,3,7,2248,1257,95,158,egatsaw
18233,wastebasket,254,3,8,2260,1385,144,193,teksabetsaw
18234,wasteful,254,3,9,2385,1520,103,125,lufetsaw
18235,wastrel,254,3,10,2182,1633,320,78,lertsaw
18236,watch,254,3,11,2284,1731,53,91,hctaw
18237,watchcase,254,3,12,2223,1853,125,124,esachctaw
18238,watchdog,254,3,13,2194,1963,300,112,godhctaw
18239,watchful,254,3,14,2261,2096,106,155,lufhctaw
18240,watchmaker,254,3,15,2320,2216,270,123,rekamhctaw
18241,watchman,254,3,16,2300,2347,200,110,namhctaw
18242,watch,254,3,17,2304,2463,197,107,hctaw
18243,watchword,254,3,18,2304,2586,156,98,drowhctaw
18244,water,254,3,19,2298,2725,93,74,retaw
18245,watercourse,254,3,20,2269,2837,266,79,esruocretaw
18246,waterfall,254,3,21,2293,2958,162,102,llafretaw
18247,waterfowl,254,3,22,2288,3086,312,120,lwofretaw
18248,water-logged,254,3,23,2188,3212,460,127,deggol-retaw
18249,watermark,254,3,24,2227,3331,329,84,kramretaw
18250,watermelon,254,3,25,2215,3452,411,87,nolemretaw
18251,watershed,255,1,1,666,491,255,113,dehsretaw
18252,water-tight,255,1,2,692,577,195,128,thgit-retaw
18253,waterway,255,1,3,682,735,196,98,yawretaw
18254,waterworks,255,1,4,672,882,226,69,skrowretaw
18255,watery,255,1,5,678,991,92,80,yretaw
18256,watt,255,1,6,682,1121,82,60,ttaw
18257,wattage,255,1,7,649,1252,98,135,egattaw
18258,wattmeter,255,1,8,703,1321,221,104,retemttaw
18259,waver,255,1,9,673,1409,135,158,revaw
18260,unwavering,255,1,10,636,1639,135,161,gnirevawnu
18261,wax,255,1,11,499,1728,75,66,xaw
18262,waxed,255,1,12,564,1849,109,71,dexaw
18263,waxen,255,1,13,617,1959,99,76,nexaw
18264,waxiness,255,1,14,615,2078,132,81,ssenixaw
18265,way,255,1,15,652,2213,68,64,yaw
18266,waybill,255,1,16,703,2249,140,136,llibyaw
18267,wayfarer,255,1,17,618,2400,219,106,rerafyaw
18268,wayside,255,1,18,645,2533,102,109,edisyaw
18269,wayward,255,1,19,635,2680,167,84,drawyaw
18270,weak,255,1,20,617,2831,107,36,kaew
18271,weaken,255,1,21,624,2946,154,33,nekaew
18272,weakened,255,1,22,629,3003,201,90,denekaew
18273,weakling,255,1,23,615,3182,246,44,gnilkaew
18274,weakly,255,1,24,659,3297,103,36,ylkaew
18275,weakness,255,1,25,648,3415,185,51,ssenkaew
18276,wealth,255,2,1,1415,534,218,65,htlaew
18277,wealthily,255,2,2,1421,638,234,76,ylihtlaew
18278,weapon,255,2,3,1465,740,81,95,nopaew
18279,weary,255,2,4,1425,909,134,36,yraew
18280,wearily,255,2,5,1424,1033,156,36,yliraew
18281,wearisome,255,2,6,1432,1152,220,56,emosiraew
18282,weasel,255,2,7,1447,1253,199,75,lesaew
18283,weather,255,2,8,1517,1391,91,49,rehtaew
18284,weather-beaten,255,2,9,1523,1501,146,160,netaeb-rehtaew
18285,weathercock,255,2,10,1590,1603,249,75,kcocrehtaew
18286,weatherproof,255,2,11,1573,1737,125,133,foorprehtaew
18287,web,255,2,12,1421,1788,87,144,bew
18288,week,255,2,13,1479,2002,99,33,keew
18289,weekday,255,2,14,1462,2053,233,103,yadkeew
18290,week-end,255,2,15,1462,2176,188,91,dne-keew
18291,weekly,255,2,16,1463,2355,102,33,ylkeew
18292,weep,255,2,17,1477,2412,63,91,peew
18293,weight,255,2,18,1446,2554,118,89,thgiew
18294,weird,255,2,19,1389,2662,254,80,driew
18295,welcome,255,2,20,1373,2825,342,33,emoclew
18296,unwelcome,255,2,21,1422,2957,410,27,emoclewnu
18297,well,255,2,22,1432,3062,173,36,llew
18298,unwell,255,2,23,1401,3182,235,29,llewnu
18299,welfare,255,2,24,1456,3298,211,87,eraflew
18300,well-born,255,2,25,1463,3410,180,126,nrob-llew
18301,well-favored,255,3,1,2355,552,187,99,derovaf-llew
18302,welter,255,3,2,2279,645,252,74,retlew
18303,were,255,3,3,2318,797,106,33,erew
18304,west,255,3,4,2340,878,53,63,tsew
18305,westerly,255,3,5,2305,994,115,69,ylretsew
18306,western,255,3,6,2274,1126,157,70,nretsew
18307,westerner,255,3,7,2264,1218,217,93,renretsew
18308,westward,255,3,8,2292,1364,146,90,drawtsew
18309,wet,255,3,9,2293,1494,104,63,tew
18310,wetness,255,3,10,2228,1580,186,103,ssentew
18311,whack,255,3,11,2189,1727,142,92,kcahw
18312,whale,255,3,12,2169,1834,241,75,elahw
18313,whaleback,255,3,13,2237,1943,218,190,kcabelahw
18314,whalebone,255,3,14,2393,2068,214,160,enobelahw
18315,wharf,255,3,15,2261,2150,91,113,frahw
18316,wharfage,255,3,16,2250,2264,144,229,egafrahw
18317,wharfinger,255,3,17,2348,2371,105,243,regnifrahw
18318,whafves,255,3,18,2185,2480,148,174,sevfahw
18319,what,255,3,19,2293,2683,89,55,tahw
18320,somewhat,255,3,20,2251,2813,217,43,tahwemos
18321,whatever,255,3,21,2245,2908,144,143,revetahw
18322,whatnot,255,3,22,2295,3047,134,48,tontahw
18323,whatsoever,255,3,23,2221,3155,147,158,reveostahw
18324,wheat,255,3,24,2300,3257,105,84,taehw
18325,wheaten,255,3,25,2274,3383,163,84,netaehw
18326,wheatworm,256,1,1,688,543,252,87,mrowtaehw
18327,wheel,256,1,2,592,657,224,75,leehw
18328,when,256,1,3,676,837,88,23,nehw
18329,whenever,256,1,4,660,938,153,122,revenehw
18330,whensoever,256,1,5,676,1074,134,122,reveosnehw
18331,whence,256,1,6,700,1159,124,82,ecnehw
18332,where,256,1,7,669,1289,120,51,erehw
18333,whereabouts,256,1,8,672,1420,164,180,stuobaerehw
18334,whereas,256,1,9,773,1538,106,70,saerehw
18335,whereat,256,1,10,670,1660,124,54,taerehw
18336,whereby,256,1,11,680,1776,115,160,yberehw
18337,wherefore,256,1,12,780,1900,107,98,eroferehw
18338,wherefrom,256,1,13,680,2023,182,104,morferehw
18339,wherein,256,1,14,665,2164,122,36,nierehw
18340,whereof,256,1,15,660,2283,142,48,foerehw
18341,whereon,256,1,16,645,2397,177,52,noerehw
18342,wheresoever,256,1,17,659,2507,134,161,reveoserehw
18343,whereupon,256,1,18,760,2621,125,127,nopuerehw
18344,wherever,256,1,19,610,2746,150,157,reverehw
18345,wherewith,256,1,20,692,2876,172,56,htiwerehw
18346,wherewithal,256,1,21,666,3002,195,60,lahtiwerehw
18347,whether,256,1,22,657,3128,96,60,rehtehw
18348,which,256,1,23,700,3209,60,86,hcihw
18349,whichever,256,1,24,639,3335,155,191,revehcihw
18350,whichsoever,256,1,25,658,3461,193,228,reveoshcihw
18351,while,256,2,1,1397,562,219,48,elihw
18352,whilom,256,2,2,1367,682,334,53,molihw
18353,whilst,256,2,3,1383,816,222,50,tslihw
18354,whim,256,2,4,1435,909,182,76,mihw
18355,whimsical,256,2,5,1456,1030,247,116,lacismihw
18356,whimsicality,256,2,6,1476,1164,403,114,ytilacismihw
18357,whine,256,2,7,1447,1275,122,83,enihw
18358,whip,256,2,8,1519,1359,94,111,pihw
18359,whipcord,256,2,9,1518,1475,228,121,drocpihw
18360,whippet,256,2,10,1485,1588,105,155,teppihw
18361,whipstock,256,2,11,1559,1715,104,156,kcotspihw
18362,whirl,256,2,12,1434,1885,283,68,lrihw
18363,whirlpool,256,2,13,1417,1999,387,133,looplrihw
18364,whirlwind,256,2,14,1425,2128,357,86,dniwlrihw
18365,whisk,256,2,15,1455,2246,111,89,ksihw
18366,whisky,256,2,16,1453,2360,117,89,yksihw
18367,whisper,256,2,17,1451,2442,78,140,repsihw
18368,whist,256,2,18,1449,2602,92,85,tsihw
18369,whistle,256,2,19,1398,2721,183,100,eltsihw
18370,white,256,2,20,1427,2840,122,99,etihw
18371,whitecap,256,2,21,1418,2963,231,96,pacetihw
18372,whitefish,256,2,22,1461,3081,117,134,hsifetihw
18373,whiten,256,2,23,1464,3209,170,104,netihw
18374,whiteness,256,2,24,1447,3322,201,106,ssenetihw
18375,whitewood,256,2,25,1471,3393,256,155,doowetihw
18376,wither,256,3,1,2248,550,100,84,rehtiw
18377,whittle,256,3,2,2199,662,246,88,elttihw
18378,who,256,3,3,2300,795,50,51,ohw
18379,whoever,256,3,4,2264,831,150,170,reveohw
18380,whole,256,3,5,2280,1037,192,61,elohw
18381,unwholesome,256,3,6,2343,1167,351,74,emoselohwnu
18382,wholehearted,256,3,7,2367,1248,340,136,detraehelohw
18383,wholesale,256,3,8,2364,1418,196,98,elaselohw
18384,wholesaler,256,3,9,2350,1537,305,113,relaselohw
18385,wholesome,256,3,10,2324,1664,317,68,emoselohw
18386,wholly,256,3,11,2325,1777,190,61,yllohw
18387,whoop,256,3,12,2322,1847,59,117,poohw
18388,whose,256,3,13,2339,2009,55,71,esohw
18389,why,256,3,14,2330,2132,73,63,yhw
18390,wicked,256,3,15,2292,2225,225,114,dekciw
18391,wickedness,256,3,16,2290,2324,315,133,ssendekciw
18392,wickerwork,256,3,17,2256,2537,322,46,krowrekciw
18393,wicket,256,3,18,2298,2625,173,75,tekciw
18394,wide,256,3,19,2312,2707,166,109,ediw
18395,widen,256,3,20,2300,2835,189,102,nediw
18396,wideness,256,3,21,2314,2919,239,136,ssenediw
18397,widespread,256,3,22,2302,3061,345,119,daerpsediw
18398,width,256,3,23,2320,3190,182,118,htdiw
18399,widow,256,3,24,2318,3319,177,109,wodiw
18400,widowed,256,3,25,2309,3388,269,157,dewodiw
18401,widower,257,1,1,668,531,233,106,rewodiw
18402,widowhood,257,1,2,701,630,259,130,doohwodiw
18403,wild,257,1,3,619,783,223,79,dliw
18404,unwieldy,257,1,4,592,933,268,68,ydleiwnu
18405,wife,257,1,5,623,1011,111,105,efiw
18406,wigwag,257,1,6,556,1192,352,82,gawgiw
18407,wigwam,257,1,7,572,1318,330,53,mawgiw
18408,wild,257,1,8,592,1390,241,87,dliw
18409,wilderness,257,1,9,608,1518,402,75,ssenredliw
18410,wildfire,257,1,10,629,1661,291,95,erifdliw
18411,wildness,257,1,11,620,1764,304,72,ssendliw
18412,will,257,1,12,668,1902,183,45,lliw
18413,unwilling,257,1,13,642,2051,228,41,gnilliwnu
18414,willful,257,1,14,670,2156,176,70,luflliw
18415,willow,257,1,15,622,2270,228,40,wolliw
18416,wily,257,1,16,610,2371,210,71,yliw
18417,winch,257,1,17,642,2518,89,98,hcniw
18418,wind,257,1,18,604,2604,169,91,dniw
18419,wind,257,1,19,613,2707,152,89,dniw
18420,windage,257,1,20,648,2829,170,132,egadniw
18421,windbreak,257,1,21,668,2965,243,161,kaerbdniw
18422,windfall,257,1,22,574,3082,157,95,llafdniw
18423,windily,257,1,23,661,3185,170,93,ylidniw
18424,windmill,257,1,24,564,3305,443,89,llimdniw
18425,window,257,1,25,610,3439,167,74,wodniw
18426,wine,257,2,1,1424,569,109,58,eniw
18427,wineglass,257,2,2,1417,682,413,80,ssalgeniw
18428,wing,257,2,3,1451,826,110,37,gniw
18429,wingless,257,2,4,1440,946,271,51,sselgniw
18430,wink,257,2,5,1410,1066,151,50,kniw
18431,winner,257,2,6,1440,1188,121,42,renniw
18432,winter,257,2,7,1407,1271,242,79,retniw
18433,wipe,257,2,8,1478,1369,83,104,epiw
18434,wiper,257,2,9,1475,1480,84,112,repiw
18435,wire,257,2,10,1455,1663,126,46,eriw
18436,wireless,257,2,11,1430,1778,297,50,sseleriw
18437,wirepulling,257,2,12,1495,1913,254,93,gnilluperiw
18438,wise,257,2,13,1466,2003,69,77,esiw
18439,unwise,257,2,14,1469,2153,93,87,esiwnu
18440,wisdom,257,2,15,1445,2235,209,90,modsiw
18441,wisely,257,2,16,1455,2351,78,100,ylesiw
18442,wiser,257,2,17,1443,2477,110,88,resiw
18443,wisest,257,2,18,1444,2593,107,116,tsesiw
18444,wish,257,2,19,1489,2727,42,55,hsiw
18445,unwished,257,2,20,1463,2877,106,64,dehsiwnu
18446,wisher,257,2,21,1496,2983,35,61,rehsiw
18447,wishful,257,2,22,1424,3097,87,110,lufhsiw
18448,wistaria,257,2,23,1459,3190,195,86,airatsiw
18449,wit,257,2,24,1469,3329,106,73,tiw
18450,unwitting,257,2,25,1446,3482,123,60,gnittiwnu
18451,witticism,257,3,1,2349,566,99,69,msicittiw
18452,wittily,257,3,2,2338,664,129,89,ylittiw
18453,wittiness,257,3,3,2328,789,172,90,ssenittiw
18454,witch,257,3,4,2356,883,67,106,hctiw
18455,witchery,257,3,5,2346,997,98,118,yrehctiw
18456,with,257,3,6,2381,1180,64,48,htiw
18457,notwithstanding,257,3,7,2447,1290,117,56,gnidnatshtiwton
18458,within,257,3,8,2351,1403,121,60,nihtiw
18459,without,257,3,9,2352,1511,112,70,tuohtiw
18460,withdraw,257,3,10,2300,1588,258,122,wardhtiw
18461,withdrawal,257,3,11,2294,1711,383,116,lawardhtiw
18462,withdrawn,257,3,12,2317,1816,311,128,nwardhtiw
18463,withdrew,257,3,13,2305,1951,237,116,werdhtiw
18464,withhold,257,3,14,2212,2088,274,89,dlohhtiw
18465,withheld,257,3,15,2259,2207,275,91,dlehhtiw
18466,withstand,257,3,16,2293,2346,197,79,dnatshtiw
18467,withstood,257,3,17,2290,2489,137,62,dootshtiw
18468,witness,257,3,18,2286,2579,167,82,ssentiw
18469,wizard,257,3,19,2260,2709,194,121,draziw
18470,wizardry,257,3,20,2265,2790,278,139,yrdraziw
18471,woe,257,3,21,2349,2989,49,38,eow
18472,woebegone,257,3,22,2380,3019,237,126,enogebeow
18473,woeful,257,3,23,2327,3174,90,94,lufeow
18474,wolf,257,3,24,2272,3352,212,79,flow
18475,wolfhound,257,3,25,2289,3478,273,117,dnuohflow
18476,wolfish,258,1,1,610,584,206,109,hsiflow
18477,wolverine,258,1,2,606,708,255,110,enirevlow
18478,wolves,258,1,3,577,830,191,135,sevlow
18479,woman,258,1,4,555,967,268,25,namow
18480,unwomanly,258,1,5,653,1073,288,35,ylnamownu
18481,womanhood,258,1,6,706,1163,317,83,doohnamow
18482,womankind,258,1,7,665,1311,341,53,dniknamow
18483,womanlike,258,1,8,646,1420,401,54,ekilnamow
18484,womanliness,258,1,9,677,1545,326,44,ssenilnamow
18485,womanly,258,1,10,686,1684,242,26,ylnamow
18486,women,258,1,11,636,1791,275,44,nemow
18487,won,258,1,12,674,1925,96,28,now
18488,wonder,258,1,13,675,2039,113,28,rednow
18489,wonderful,258,1,14,677,2161,106,89,lufrednow
18490,wonderland,258,1,15,642,2226,345,101,dnalrednow
18491,wonderment,258,1,16,735,2401,227,33,tnemrednow
18492,wonderstricken,258,1,17,743,2526,338,51,nekcirtsrednow
18493,wonderwork,258,1,18,684,2649,231,32,krowrednow
18494,wondrous,258,1,19,680,2772,121,48,suordnow
18495,won't,258,1,20,657,2842,140,77,t'now
18496,wont,258,1,21,659,2965,134,73,tnow
18497,unwonted,258,1,22,626,3033,314,127,detnownu
18498,woo,258,1,23,680,3253,54,28,oow
18499,wooed,258,1,24,669,3311,154,89,deoow
18500,wooer,258,1,25,630,3485,151,35,reoow
18501,wood,258,2,1,1465,514,166,93,doow
18502,woodcraft,258,2,2,1451,590,339,132,tfarcdoow
18503,woodcut,258,2,3,1450,735,314,117,tucdoow
18504,wooded,258,2,4,1464,830,241,147,dedoow
18505,wooden,258,2,5,1475,1028,181,76,nedoow
18506,woodland,258,2,6,1428,1064,395,162,dnaldoow
18507,woodman,258,2,7,1436,1231,375,112,namdoow
18508,woodpecker,258,2,8,1488,1361,273,103,rekcepdoow
18509,woodsman,258,2,9,1437,1494,345,89,namsdoow
18510,woodwork,258,2,10,1484,1605,284,107,krowdoow
18511,woodworm,258,2,11,1480,1734,325,87,mrowdoow
18512,woof,258,2,12,1452,1860,89,81,foow
18513,wool,258,2,13,1400,2025,235,37,loow
18514,woolen,258,2,14,1408,2155,291,42,neloow
18515,word,258,2,15,1445,2211,158,99,drow
18516,worded,258,2,16,1437,2266,250,150,dedrow
18517,wordily,258,2,17,1460,2440,205,106,ylidrow
18518,wordiness,258,2,18,1455,2555,206,114,ssenidrow
18519,wore,258,2,19,1427,2760,155,36,erow
18520,work,258,2,20,1433,2888,165,22,krow
18521,rework,258,2,21,1432,2988,225,41,krower
18522,unworkable,258,2,22,1471,3128,174,132,elbakrownu
18523,workable,258,2,23,1606,3242,135,135,elbakrow
18524,workaday,258,2,24,1382,3285,290,113,yadakrow
18525,worked,258,2,25,1473,3455,184,47,dekrow
18526,worker,258,3,1,2299,581,201,39,rekrow
18527,workhouse,258,3,2,2320,677,180,76,esuohkrow
18528,workman,258,3,3,2267,826,313,55,namkrow
18529,workmanship,258,3,4,2335,958,347,56,pihsnamkrow
18530,workshop,258,3,5,2265,1069,142,155,pohskrow
18531,worktable,258,3,6,2426,1150,223,158,elbatkrow
18532,world,258,3,7,2364,1315,56,24,dlrow
18533,unworldly,258,3,8,2366,1433,107,51,yldlrownu
18534,worldliness,258,3,9,2377,1543,123,61,ssenildlrow
18535,worldly,258,3,10,2396,1672,52,50,yldlrow
18536,worm,258,3,11,2319,1793,178,27,mrow
18537,hookworm,258,3,12,2284,1894,285,56,mrowkooh
18538,worm-eaten,258,3,13,2309,1998,267,73,netae-mrow
18539,wormhole,258,3,14,2261,2136,331,61,elohmrow
18540,wormwood,258,3,15,2300,2227,284,82,doowmrow
18541,worry,258,3,16,2361,2391,51,54,yrrow
18542,worried,258,3,17,2346,2479,171,98,deirrow
18543,worriment,258,3,18,2312,2623,169,60,tnemirrow
18544,worrisome,258,3,19,2320,2740,155,72,emosirrow
18545,worse,258,3,20,2371,2850,52,59,esrow
18546,worst,258,3,21,2356,2979,87,53,tsrow
18547,worship,258,3,22,2330,3114,60,74,pihsrow
18548,worshiper,258,3,23,2338,3235,162,79,repihsrow
18549,worshipful,258,3,24,2331,3350,103,127,lufpihsrow
18550,worshipped,258,3,25,2395,3477,84,82,deppihsrow
18551,worsted,259,1,1,622,528,198,110,detsrow
18552,worth,259,1,2,646,699,115,44,htrow
18553,unworthy,259,1,3,641,819,172,47,yhtrownu
18554,worthily,259,1,4,674,932,130,60,ylihtrow
18555,worthiness,259,1,5,636,1041,215,67,ssenihtrow
18556,worthless,259,1,6,621,1187,276,47,sselhtrow
18557,worthy,259,1,7,652,1303,128,49,yhtrow
18558,would,259,1,8,629,1397,131,80,dluow
18559,wound,259,1,9,593,1514,159,79,dnuow
18560,wounded,259,1,10,607,1587,289,133,dednuow
18561,wound,259,1,11,578,1740,178,130,dnuow
18562,wove,259,1,12,602,1836,117,136,evow
18563,wraith,259,1,13,577,2019,150,60,htiarw
18564,wrangle,259,1,14,544,2157,297,68,elgnarw
18565,wrath,259,1,15,602,2260,144,63,htarw
18566,wrathful,259,1,16,610,2395,156,80,lufhtarw
18567,wreath,259,2,1,1405,576,122,51,htaerw
18568,wreck,259,2,2,1414,725,166,39,kcerw
18569,shipwreck,259,2,3,1479,798,155,81,kcerwpihs
18570,wreckage,259,2,4,1461,960,163,139,egakcerw
18571,wrecker,259,2,5,1441,1091,230,40,rekcerw
18572,wrench,259,2,6,1441,1199,129,94,hcnerw
18573,wrest,259,2,7,1440,1323,137,54,tserw
18574,wrestle,259,2,8,1386,1447,261,66,eltserw
18575,wrestler,259,2,9,1409,1561,313,68,reltserw
18576,wretch,259,2,10,1511,1675,111,98,hcterw
18577,wretchedness,259,2,11,1535,1789,243,109,ssendehcterw
18578,wriggle,259,2,12,1408,1935,362,38,elggirw
18579,wright,259,2,13,1493,2025,128,57,thgirw
18580,millwright,259,2,14,1438,2148,363,47,thgirwllim
18581,playwright,259,2,15,1497,2251,260,69,thgirwyalp
18582,shipwright,259,2,16,1499,2377,119,77,thgirwpihs
18583,wring,259,3,1,2257,594,150,36,gnirw
18584,wringer,259,3,2,2258,724,185,31,regnirw
18585,wrinkle,259,3,3,2215,836,360,63,elknirw
18586,wrist,259,3,4,2257,968,131,51,tsirw
18587,writ,259,3,5,2245,1069,146,47,tirw
18588,write,259,3,6,2232,1189,141,47,etirw
18589,rewrite,259,3,7,2218,1311,185,39,etirwer
18590,writer,259,3,8,2225,1434,182,41,retirw
18591,written,259,3,9,2242,1537,195,64,nettirw
18592,wrong,259,3,10,2252,1691,195,45,gnorw
18593,wronged,259,3,11,2252,1760,265,91,degnorw
18594,wrongful,259,3,12,2310,1925,163,84,lufgnorw
18595,wrong-headed,259,3,13,2339,2014,276,87,dedaeh-gnorw
18596,wrongly,259,3,14,2306,2177,174,46,ylgnorw
18597,wrongness,259,3,15,2277,2296,236,58,ssengnorw
18598,wroth,259,3,16,2269,2401,153,48,htorw
18599,xebec,260,1,2,656,616,98,144,cebex
18600,xenon,260,1,3,597,849,193,44,nonex
18601,xylophone,260,1,4,635,950,213,105,enohpolyx
18602,yacht,260,1,5,687,1085,88,46,thcay
18603,yachtsman,260,1,6,663,1196,288,56,namsthcay
18604,yak,260,1,7,588,1339,156,57,kay
18605,yam,260,1,8,553,1469,215,48,may
18606,yank,260,1,9,589,1578,192,46,knay
18607,yard,260,1,10,621,1653,202,97,dray
18608,yardage,260,1,11,632,1760,211,140,egadray
18609,yardarm,260,1,12,647,1850,296,137,mradray
18610,yardstick,260,1,13,634,1980,318,124,kcitsdray
18611,yarn,260,1,14,612,2186,140,24,nray
18612,yaw,260,1,15,604,2287,202,54,way
18613,ye,260,1,16,646,2399,61,63,ey
18614,yea,260,1,17,637,2489,77,93,aey
18615,year,260,1,18,609,2679,135,23,raey
18616,yearbook,260,1,19,662,2781,118,134,koobraey
18617,yearling,260,1,20,631,2910,277,29,gnilraey
18618,yearly,260,1,21,638,3032,123,28,ylraey
18619,yearn,260,1,22,623,3162,118,20,nraey
18620,yeast,260,1,23,616,3245,76,63,tsaey
18621,yell,260,2,1,1367,601,222,39,lley
18622,yellow,260,2,2,1381,727,214,33,wolley
18623,yeoman,260,2,3,1432,847,265,63,namoey
18624,yeomanry,260,2,4,1447,962,325,67,yrnamoey
18625,yes,260,2,5,1477,1062,54,69,sey
18626,yesterday,260,2,6,1463,1195,86,56,yadretsey
18627,yet,260,2,7,1444,1309,97,59,tey
18628,yield,260,2,8,1408,1440,229,58,dleiy
18629,unyielding,260,2,9,1472,1543,305,79,gnidleiynu
18630,yodel,260,2,10,1390,1647,316,84,ledoy
18631,yolk,260,2,11,1406,1813,118,38,kloy
18632,you,260,2,12,1458,1951,37,22,uoy
18633,yourself,260,2,13,1460,2073,44,55,flesruoy
18634,young,260,2,14,1458,2196,103,30,gnuoy
18635,younger,260,2,15,1473,2315,128,27,regnuoy
18636,youngest,260,2,16,1510,2436,122,47,tsegnuoy
18637,youngish,260,2,17,1520,2549,112,59,hsignuoy
18638,youngster,260,2,18,1544,2652,148,70,retsgnuoy
18639,youth,260,2,19,1497,2760,119,54,htuoy
18640,youthful,260,2,20,1520,2888,112,81,lufhtuoy
18641,youthfulness,260,2,21,1552,3011,139,100,ssenlufhtuoy
18642,ytterbium,260,2,22,1489,3128,215,131,muibretty
18643,yttrium,260,2,23,1465,3267,263,49,muirtty
18644,yule,260,3,1,2263,600,202,42,eluy
18645,yuletide,260,3,2,2229,673,381,98,editeluy
18646,zeal,260,3,3,2255,841,183,44,laez
18647,zealot,260,3,4,2269,951,254,58,tolaez
18648,zealotry,260,3,5,2250,1087,329,50,yrtolaez
18649,zealous,260,3,6,2294,1214,198,78,suolaez
18650,zebra,260,3,7,2195,1240,108,142,arbez
18651,zebu,260,3,8,2330,1336,94,151,ubez
18652,zenith,260,3,9,2275,1585,161,41,htinez
18653,zephyr,260,3,10,2309,1630,86,103,ryhpez
18654,Zeppelin,260,3,11,2266,1763,235,141,nileppeZ
18655,zero,260,3,12,2297,1926,118,50,orez
18656,zest,260,3,13,2302,2035,87,67,tsez
18657,zigzag,260,3,14,2179,2171,305,113,gazgiz
18658,zinc,260,3,15,2223,2301,150,43,cniz
18659,Zion,260,3,16,2244,2406,133,84,noiZ
18660,zircon,260,3,17,2262,2531,206,43,nocriz
18661,zirconium,260,3,18,2278,2658,321,54,muinocriz
18662,zither,260,3,19,2287,2760,108,58,rehtiz
18663,zodiac,260,3,20,2237,2810,250,132,caidoz
18664,zone,260,3,21,2309,3004,91,45,enoz
18665,zoology,260,3,22,2323,3137,52,71,ygolooz
18666,zwieback,260,3,23,2304,3171,159,172,kcabeiwz
18667,principle,173,1,18,806,2590,130,70,elpicnirp